id,nombre,categoria,n_comparten,marcas_en_grupo,imagen
1528,Tub Rect Neg 30 x 20 X1.5 MM,Perfiles y Planchas,37,,https://http2.mlstatic.com/D_Q_NP_2X_910850-MLC53282565834_012023-E.webp
1529,Tub Rect Neg 30 x 20 X2.0 MM,Perfiles y Planchas,37,,https://http2.mlstatic.com/D_Q_NP_2X_910850-MLC53282565834_012023-E.webp
1530,Tub Rect Neg 40 x 20 X1.5 MM,Perfiles y Planchas,37,,https://http2.mlstatic.com/D_Q_NP_2X_910850-MLC53282565834_012023-E.webp
1531,Tub Rect Neg 40 x 20 X2.0 MM,Perfiles y Planchas,37,,https://http2.mlstatic.com/D_Q_NP_2X_910850-MLC53282565834_012023-E.webp
1532,Tub Rect Neg 40 x 30 X1.5 MM,Perfiles y Planchas,37,,https://http2.mlstatic.com/D_Q_NP_2X_910850-MLC53282565834_012023-E.webp
1533,Tub Rect Neg 40 x 30 X2.0 MM,Perfiles y Planchas,37,,https://http2.mlstatic.com/D_Q_NP_2X_910850-MLC53282565834_012023-E.webp
1534,Tub Rect Neg 50 x 20 X1.5 MM,Perfiles y Planchas,37,,https://http2.mlstatic.com/D_Q_NP_2X_910850-MLC53282565834_012023-E.webp
1535,Tub Rect Neg 50 x 20 X2.0 MM,Perfiles y Planchas,37,,https://http2.mlstatic.com/D_Q_NP_2X_910850-MLC53282565834_012023-E.webp
1536,Tub Rect Neg 50 x 30 X1.5 MM,Perfiles y Planchas,37,,https://http2.mlstatic.com/D_Q_NP_2X_910850-MLC53282565834_012023-E.webp
1537,Tub Rect Neg 50 x 30 X2.0 MM,Perfiles y Planchas,37,,https://http2.mlstatic.com/D_Q_NP_2X_910850-MLC53282565834_012023-E.webp
1538,Tub Rect Neg 50 x 30 X3.0 MM,Perfiles y Planchas,37,,https://http2.mlstatic.com/D_Q_NP_2X_910850-MLC53282565834_012023-E.webp
1539,"Tub Rect Neg 60 x 40 X1,5 MM",Perfiles y Planchas,37,,https://http2.mlstatic.com/D_Q_NP_2X_910850-MLC53282565834_012023-E.webp
1540,Tub Rect Neg 60 x 40 X2.0 MM,Perfiles y Planchas,37,,https://http2.mlstatic.com/D_Q_NP_2X_910850-MLC53282565834_012023-E.webp
1541,Tub Rect Neg 60 x 40 X3.0 MM,Perfiles y Planchas,37,,https://http2.mlstatic.com/D_Q_NP_2X_910850-MLC53282565834_012023-E.webp
1542,"Tub Rect Neg 70 x 30 X1,5 MM",Perfiles y Planchas,37,,https://http2.mlstatic.com/D_Q_NP_2X_910850-MLC53282565834_012023-E.webp
1543,"Tub Rect Neg 70 x 30 X2,0 MM",Perfiles y Planchas,37,,https://http2.mlstatic.com/D_Q_NP_2X_910850-MLC53282565834_012023-E.webp
1544,Tub Rect Neg 80 x 40 X2.0 MM,Perfiles y Planchas,37,,https://http2.mlstatic.com/D_Q_NP_2X_910850-MLC53282565834_012023-E.webp
1545,Tub Rect Neg 80 x 40 X3.0 MM,Perfiles y Planchas,37,,https://http2.mlstatic.com/D_Q_NP_2X_910850-MLC53282565834_012023-E.webp
2237,Tub Rect Neg 25 x 15 X1.5 MM,Perfiles y Planchas,37,,https://http2.mlstatic.com/D_Q_NP_2X_910850-MLC53282565834_012023-E.webp
2238,Tub Rect Neg 30 x 20 X1.5 MM,Perfiles y Planchas,37,,https://http2.mlstatic.com/D_Q_NP_2X_910850-MLC53282565834_012023-E.webp
2239,Tub Rect Neg 30 x 20 X2.0 MM,Perfiles y Planchas,37,,https://http2.mlstatic.com/D_Q_NP_2X_910850-MLC53282565834_012023-E.webp
2240,Tub Rect Neg 40 x 20 X1.5 MM,Perfiles y Planchas,37,,https://http2.mlstatic.com/D_Q_NP_2X_910850-MLC53282565834_012023-E.webp
2241,Tub Rect Neg 40 x 20 X2.0 MM,Perfiles y Planchas,37,,https://http2.mlstatic.com/D_Q_NP_2X_910850-MLC53282565834_012023-E.webp
2242,Tub Rect Neg 40 x 30 X1.5 MM,Perfiles y Planchas,37,,https://http2.mlstatic.com/D_Q_NP_2X_910850-MLC53282565834_012023-E.webp
2243,Tub Rect Neg 40 x 30 X2.0 MM,Perfiles y Planchas,37,,https://http2.mlstatic.com/D_Q_NP_2X_910850-MLC53282565834_012023-E.webp
2244,Tub Rect Neg 50 x 20 X1.5 MM,Perfiles y Planchas,37,,https://http2.mlstatic.com/D_Q_NP_2X_910850-MLC53282565834_012023-E.webp
2245,Tub Rect Neg 50 x 20 X2.0 MM,Perfiles y Planchas,37,,https://http2.mlstatic.com/D_Q_NP_2X_910850-MLC53282565834_012023-E.webp
2246,Tub Rect Neg 50 x 30 X1.5 MM,Perfiles y Planchas,37,,https://http2.mlstatic.com/D_Q_NP_2X_910850-MLC53282565834_012023-E.webp
2247,Tub Rect Neg 50 x 30 X2.0 MM,Perfiles y Planchas,37,,https://http2.mlstatic.com/D_Q_NP_2X_910850-MLC53282565834_012023-E.webp
2248,Tub Rect Neg 50 x 30 X3.0 MM,Perfiles y Planchas,37,,https://http2.mlstatic.com/D_Q_NP_2X_910850-MLC53282565834_012023-E.webp
2249,"Tub Rect Neg 60 x 40 X1,5 MM",Perfiles y Planchas,37,,https://http2.mlstatic.com/D_Q_NP_2X_910850-MLC53282565834_012023-E.webp
2250,Tub Rect Neg 60 x 40 X2.0 MM,Perfiles y Planchas,37,,https://http2.mlstatic.com/D_Q_NP_2X_910850-MLC53282565834_012023-E.webp
2251,Tub Rect Neg 60 x 40 X3.0 MM,Perfiles y Planchas,37,,https://http2.mlstatic.com/D_Q_NP_2X_910850-MLC53282565834_012023-E.webp
2252,"Tub Rect Neg 70 x 30 X1,5 MM",Perfiles y Planchas,37,,https://http2.mlstatic.com/D_Q_NP_2X_910850-MLC53282565834_012023-E.webp
2253,"Tub Rect Neg 70 x 30 X2,0 MM",Perfiles y Planchas,37,,https://http2.mlstatic.com/D_Q_NP_2X_910850-MLC53282565834_012023-E.webp
2254,Tub Rect Neg 80 x 40 X2.0 MM,Perfiles y Planchas,37,,https://http2.mlstatic.com/D_Q_NP_2X_910850-MLC53282565834_012023-E.webp
2255,Tub Rect Neg 80 x 40 X3.0 MM,Perfiles y Planchas,37,,https://http2.mlstatic.com/D_Q_NP_2X_910850-MLC53282565834_012023-E.webp
1808,"Oring 10,5x2,7",Fijaciones,33,,https://http2.mlstatic.com/D_Q_NP_2X_735261-CBT108836001427_032026-E-sellos-hidraulicos-con-junta-torica-nbr-90-sello-de-goma-de.webp
1809,"Oring 10,78x2,62",Fijaciones,33,,https://http2.mlstatic.com/D_Q_NP_2X_735261-CBT108836001427_032026-E-sellos-hidraulicos-con-junta-torica-nbr-90-sello-de-goma-de.webp
1810,"Oring 12,1x2,7",Fijaciones,33,,https://http2.mlstatic.com/D_Q_NP_2X_735261-CBT108836001427_032026-E-sellos-hidraulicos-con-junta-torica-nbr-90-sello-de-goma-de.webp
1811,"Oring 12,37x2,62",Fijaciones,33,,https://http2.mlstatic.com/D_Q_NP_2X_735261-CBT108836001427_032026-E-sellos-hidraulicos-con-junta-torica-nbr-90-sello-de-goma-de.webp
1812,"Oring 13,6x2,7",Fijaciones,33,,https://http2.mlstatic.com/D_Q_NP_2X_735261-CBT108836001427_032026-E-sellos-hidraulicos-con-junta-torica-nbr-90-sello-de-goma-de.webp
1813,"Oring 13,95x2,62",Fijaciones,33,,https://http2.mlstatic.com/D_Q_NP_2X_735261-CBT108836001427_032026-E-sellos-hidraulicos-con-junta-torica-nbr-90-sello-de-goma-de.webp
1814,"Oring 15,1x2,7",Fijaciones,33,,https://http2.mlstatic.com/D_Q_NP_2X_735261-CBT108836001427_032026-E-sellos-hidraulicos-con-junta-torica-nbr-90-sello-de-goma-de.webp
1815,"Oring 15,54x2,62",Fijaciones,33,,https://http2.mlstatic.com/D_Q_NP_2X_735261-CBT108836001427_032026-E-sellos-hidraulicos-con-junta-torica-nbr-90-sello-de-goma-de.webp
1816,"Oring 16,9x2,7",Fijaciones,33,,https://http2.mlstatic.com/D_Q_NP_2X_735261-CBT108836001427_032026-E-sellos-hidraulicos-con-junta-torica-nbr-90-sello-de-goma-de.webp
1817,"Oring 17,13x2,62",Fijaciones,33,,https://http2.mlstatic.com/D_Q_NP_2X_735261-CBT108836001427_032026-E-sellos-hidraulicos-con-junta-torica-nbr-90-sello-de-goma-de.webp
1818,"Oring 18,4x2,7",Fijaciones,33,,https://http2.mlstatic.com/D_Q_NP_2X_735261-CBT108836001427_032026-E-sellos-hidraulicos-con-junta-torica-nbr-90-sello-de-goma-de.webp
1819,"Oring 18,72x2,62",Fijaciones,33,,https://http2.mlstatic.com/D_Q_NP_2X_735261-CBT108836001427_032026-E-sellos-hidraulicos-con-junta-torica-nbr-90-sello-de-goma-de.webp
1820,"Oring 20,22x3,53",Fijaciones,33,,https://http2.mlstatic.com/D_Q_NP_2X_735261-CBT108836001427_032026-E-sellos-hidraulicos-con-junta-torica-nbr-90-sello-de-goma-de.webp
1821,"Oring 23,40x3,53",Fijaciones,33,,https://http2.mlstatic.com/D_Q_NP_2X_735261-CBT108836001427_032026-E-sellos-hidraulicos-con-junta-torica-nbr-90-sello-de-goma-de.webp
1823,"Oring 25,00x3,53",Fijaciones,33,,https://http2.mlstatic.com/D_Q_NP_2X_735261-CBT108836001427_032026-E-sellos-hidraulicos-con-junta-torica-nbr-90-sello-de-goma-de.webp
1824,"Oring 26,57x3,53",Fijaciones,33,,https://http2.mlstatic.com/D_Q_NP_2X_735261-CBT108836001427_032026-E-sellos-hidraulicos-con-junta-torica-nbr-90-sello-de-goma-de.webp
1825,"Oring 26,57x3,53",Fijaciones,33,,https://http2.mlstatic.com/D_Q_NP_2X_735261-CBT108836001427_032026-E-sellos-hidraulicos-con-junta-torica-nbr-90-sello-de-goma-de.webp
1826,"Oring 28,17x3,53",Fijaciones,33,,https://http2.mlstatic.com/D_Q_NP_2X_735261-CBT108836001427_032026-E-sellos-hidraulicos-con-junta-torica-nbr-90-sello-de-goma-de.webp
1827,"Oring 28,71x3,53",Fijaciones,33,,https://http2.mlstatic.com/D_Q_NP_2X_735261-CBT108836001427_032026-E-sellos-hidraulicos-con-junta-torica-nbr-90-sello-de-goma-de.webp
1828,"Oring 29,75x3.53",Fijaciones,33,,https://http2.mlstatic.com/D_Q_NP_2X_735261-CBT108836001427_032026-E-sellos-hidraulicos-con-junta-torica-nbr-90-sello-de-goma-de.webp
1829,"Oring 31,34x3,53",Fijaciones,33,,https://http2.mlstatic.com/D_Q_NP_2X_735261-CBT108836001427_032026-E-sellos-hidraulicos-con-junta-torica-nbr-90-sello-de-goma-de.webp
1830,"Oring 31,34x3,53",Fijaciones,33,,https://http2.mlstatic.com/D_Q_NP_2X_735261-CBT108836001427_032026-E-sellos-hidraulicos-con-junta-torica-nbr-90-sello-de-goma-de.webp
1831,"Oring 32,93x3,53",Fijaciones,33,,https://http2.mlstatic.com/D_Q_NP_2X_735261-CBT108836001427_032026-E-sellos-hidraulicos-con-junta-torica-nbr-90-sello-de-goma-de.webp
1832,"Oring 34,52x3,53",Fijaciones,33,,https://http2.mlstatic.com/D_Q_NP_2X_735261-CBT108836001427_032026-E-sellos-hidraulicos-con-junta-torica-nbr-90-sello-de-goma-de.webp
1833,"Oring 34,52x3,53",Fijaciones,33,,https://http2.mlstatic.com/D_Q_NP_2X_735261-CBT108836001427_032026-E-sellos-hidraulicos-con-junta-torica-nbr-90-sello-de-goma-de.webp
1834,"Oring 36,10x3,53",Fijaciones,33,,https://http2.mlstatic.com/D_Q_NP_2X_735261-CBT108836001427_032026-E-sellos-hidraulicos-con-junta-torica-nbr-90-sello-de-goma-de.webp
1835,"Oring 36,10x3,53",Fijaciones,33,,https://http2.mlstatic.com/D_Q_NP_2X_735261-CBT108836001427_032026-E-sellos-hidraulicos-con-junta-torica-nbr-90-sello-de-goma-de.webp
1836,"Oring 37,47x5,34",Fijaciones,33,,https://http2.mlstatic.com/D_Q_NP_2X_735261-CBT108836001427_032026-E-sellos-hidraulicos-con-junta-torica-nbr-90-sello-de-goma-de.webp
1837,"Oring 37,70x3,53",Fijaciones,33,,https://http2.mlstatic.com/D_Q_NP_2X_735261-CBT108836001427_032026-E-sellos-hidraulicos-con-junta-torica-nbr-90-sello-de-goma-de.webp
1838,"Oring 4,2x1,9",Fijaciones,33,,https://http2.mlstatic.com/D_Q_NP_2X_735261-CBT108836001427_032026-E-sellos-hidraulicos-con-junta-torica-nbr-90-sello-de-goma-de.webp
1839,"Oring 4,9x1,9",Fijaciones,33,,https://http2.mlstatic.com/D_Q_NP_2X_735261-CBT108836001427_032026-E-sellos-hidraulicos-con-junta-torica-nbr-90-sello-de-goma-de.webp
1840,"Oring 40,65x5,34",Fijaciones,33,,https://http2.mlstatic.com/D_Q_NP_2X_735261-CBT108836001427_032026-E-sellos-hidraulicos-con-junta-torica-nbr-90-sello-de-goma-de.webp
1841,"Oring 43,82x5,34",Fijaciones,33,,https://http2.mlstatic.com/D_Q_NP_2X_735261-CBT108836001427_032026-E-sellos-hidraulicos-con-junta-torica-nbr-90-sello-de-goma-de.webp
1551,Tub Red Neg 2 1/2 x 3.0mm,Perfiles y Planchas,32,,https://http2.mlstatic.com/D_Q_NP_2X_819554-MLC99264461354_112025-E.webp
1552,"Tub Red Neg 1 1/2 x 1,5 MM",Perfiles y Planchas,32,,https://http2.mlstatic.com/D_Q_NP_2X_819554-MLC99264461354_112025-E.webp
1553,Tub Red Neg 1 1/2 x 2.0 MM,Perfiles y Planchas,32,,https://http2.mlstatic.com/D_Q_NP_2X_819554-MLC99264461354_112025-E.webp
1554,Tub Red Neg 1 1/4 x 2.0 MM,Perfiles y Planchas,32,,https://http2.mlstatic.com/D_Q_NP_2X_819554-MLC99264461354_112025-E.webp
1555,Tub Red Neg 1 3/4 x 2.0 MM,Perfiles y Planchas,32,,https://http2.mlstatic.com/D_Q_NP_2X_819554-MLC99264461354_112025-E.webp
1556,"Tub Red Neg 1 x 1,5 MM",Perfiles y Planchas,32,,https://http2.mlstatic.com/D_Q_NP_2X_819554-MLC99264461354_112025-E.webp
1557,Tub Red Neg 1 x 2.0 MM,Perfiles y Planchas,32,,https://http2.mlstatic.com/D_Q_NP_2X_819554-MLC99264461354_112025-E.webp
1558,Tub Red Neg 2 1/2 x 2.0 MM,Perfiles y Planchas,32,,https://http2.mlstatic.com/D_Q_NP_2X_819554-MLC99264461354_112025-E.webp
1559,Tub Red Neg 2 x 2.0 MM,Perfiles y Planchas,32,,https://http2.mlstatic.com/D_Q_NP_2X_819554-MLC99264461354_112025-E.webp
1560,Tub Red Neg 2 x 3.0 MM,Perfiles y Planchas,32,,https://http2.mlstatic.com/D_Q_NP_2X_819554-MLC99264461354_112025-E.webp
1561,Tub Red Neg 3 x 2.0 MM,Perfiles y Planchas,32,,https://http2.mlstatic.com/D_Q_NP_2X_819554-MLC99264461354_112025-E.webp
1562,Tub Red Neg 3 x 3.0 MM,Perfiles y Planchas,32,,https://http2.mlstatic.com/D_Q_NP_2X_819554-MLC99264461354_112025-E.webp
1563,Tub Red Neg 4 x 2.0 MM,Perfiles y Planchas,32,,https://http2.mlstatic.com/D_Q_NP_2X_819554-MLC99264461354_112025-E.webp
1564,Tub Red Neg 4 x 3.0 MM,Perfiles y Planchas,32,,https://http2.mlstatic.com/D_Q_NP_2X_819554-MLC99264461354_112025-E.webp
1565,Tub Red Neg 4 x 4.0 MM,Perfiles y Planchas,32,,https://http2.mlstatic.com/D_Q_NP_2X_819554-MLC99264461354_112025-E.webp
1566,Tub Red Neg 5 X3mm,Perfiles y Planchas,32,,https://http2.mlstatic.com/D_Q_NP_2X_819554-MLC99264461354_112025-E.webp
2261,Tub Red Neg 2 1/2 x 3.0mm,Perfiles y Planchas,32,,https://http2.mlstatic.com/D_Q_NP_2X_819554-MLC99264461354_112025-E.webp
2262,"Tub Red Neg 1 1/2 x 1,5 MM",Perfiles y Planchas,32,,https://http2.mlstatic.com/D_Q_NP_2X_819554-MLC99264461354_112025-E.webp
2263,Tub Red Neg 1 1/2 x 2.0 MM,Perfiles y Planchas,32,,https://http2.mlstatic.com/D_Q_NP_2X_819554-MLC99264461354_112025-E.webp
2264,Tub Red Neg 1 1/4 x 2.0 MM,Perfiles y Planchas,32,,https://http2.mlstatic.com/D_Q_NP_2X_819554-MLC99264461354_112025-E.webp
2265,Tub Red Neg 1 3/4 x 2.0 MM,Perfiles y Planchas,32,,https://http2.mlstatic.com/D_Q_NP_2X_819554-MLC99264461354_112025-E.webp
2266,"Tub Red Neg 1 x 1,5 MM",Perfiles y Planchas,32,,https://http2.mlstatic.com/D_Q_NP_2X_819554-MLC99264461354_112025-E.webp
2267,Tub Red Neg 1 x 2.0 MM,Perfiles y Planchas,32,,https://http2.mlstatic.com/D_Q_NP_2X_819554-MLC99264461354_112025-E.webp
2268,Tub Red Neg 2 1/2 x 2.0 MM,Perfiles y Planchas,32,,https://http2.mlstatic.com/D_Q_NP_2X_819554-MLC99264461354_112025-E.webp
2269,Tub Red Neg 2 x 2.0 MM,Perfiles y Planchas,32,,https://http2.mlstatic.com/D_Q_NP_2X_819554-MLC99264461354_112025-E.webp
2270,Tub Red Neg 2 x 3.0 MM,Perfiles y Planchas,32,,https://http2.mlstatic.com/D_Q_NP_2X_819554-MLC99264461354_112025-E.webp
2271,Tub Red Neg 3 x 2.0 MM,Perfiles y Planchas,32,,https://http2.mlstatic.com/D_Q_NP_2X_819554-MLC99264461354_112025-E.webp
2272,Tub Red Neg 3 x 3.0 MM,Perfiles y Planchas,32,,https://http2.mlstatic.com/D_Q_NP_2X_819554-MLC99264461354_112025-E.webp
2273,Tub Red Neg 4 x 2.0 MM,Perfiles y Planchas,32,,https://http2.mlstatic.com/D_Q_NP_2X_819554-MLC99264461354_112025-E.webp
2274,Tub Red Neg 4 x 3.0 MM,Perfiles y Planchas,32,,https://http2.mlstatic.com/D_Q_NP_2X_819554-MLC99264461354_112025-E.webp
2275,Tub Red Neg 4 x 4.0 MM,Perfiles y Planchas,32,,https://http2.mlstatic.com/D_Q_NP_2X_819554-MLC99264461354_112025-E.webp
2276,Tub Red Neg 5 X3mm,Perfiles y Planchas,32,,https://http2.mlstatic.com/D_Q_NP_2X_819554-MLC99264461354_112025-E.webp
203,Broca Acero 15mm Wurth,Fijaciones,29,wurth,https://http2.mlstatic.com/D_Q_NP_2X_641496-MLC103756565483_012026-E.webp
204,Broca 10mm Wurth,Fijaciones,29,wurth,https://http2.mlstatic.com/D_Q_NP_2X_641496-MLC103756565483_012026-E.webp
205,Broca 12mm Wurth,Fijaciones,29,wurth,https://http2.mlstatic.com/D_Q_NP_2X_641496-MLC103756565483_012026-E.webp
213,Broca Acero 1.5 MM,Fijaciones,29,wurth,https://http2.mlstatic.com/D_Q_NP_2X_641496-MLC103756565483_012026-E.webp
214,Broca Acero 13mm Wurth,Fijaciones,29,wurth,https://http2.mlstatic.com/D_Q_NP_2X_641496-MLC103756565483_012026-E.webp
215,Broca Acero 14mm Wurth,Fijaciones,29,wurth,https://http2.mlstatic.com/D_Q_NP_2X_641496-MLC103756565483_012026-E.webp
216,Broca Acero 15mm Wurth,Fijaciones,29,wurth,https://http2.mlstatic.com/D_Q_NP_2X_641496-MLC103756565483_012026-E.webp
217,Broca Acero 2.0mm Wurth,Fijaciones,29,wurth,https://http2.mlstatic.com/D_Q_NP_2X_641496-MLC103756565483_012026-E.webp
218,Broca Acero 2.5mm Wurth,Fijaciones,29,wurth,https://http2.mlstatic.com/D_Q_NP_2X_641496-MLC103756565483_012026-E.webp
219,Broca Acero 3.0mm Wurth,Fijaciones,29,wurth,https://http2.mlstatic.com/D_Q_NP_2X_641496-MLC103756565483_012026-E.webp
220,Broca Acero 3.5mm Wurth,Fijaciones,29,wurth,https://http2.mlstatic.com/D_Q_NP_2X_641496-MLC103756565483_012026-E.webp
221,Broca Acero 4.0mm Wurth,Fijaciones,29,wurth,https://http2.mlstatic.com/D_Q_NP_2X_641496-MLC103756565483_012026-E.webp
222,Broca Acero 4.5mm Wurth,Fijaciones,29,wurth,https://http2.mlstatic.com/D_Q_NP_2X_641496-MLC103756565483_012026-E.webp
223,Broca Acero 5.5mm Wurth,Fijaciones,29,wurth,https://http2.mlstatic.com/D_Q_NP_2X_641496-MLC103756565483_012026-E.webp
224,Broca Acero 5mm Wurth,Fijaciones,29,wurth,https://http2.mlstatic.com/D_Q_NP_2X_641496-MLC103756565483_012026-E.webp
225,Broca Acero 6.0mm Wurth,Fijaciones,29,wurth,https://http2.mlstatic.com/D_Q_NP_2X_641496-MLC103756565483_012026-E.webp
226,Broca Acero 6.5mm Wurth,Fijaciones,29,wurth,https://http2.mlstatic.com/D_Q_NP_2X_641496-MLC103756565483_012026-E.webp
227,Broca Acero 7.0mm Wurth,Fijaciones,29,wurth,https://http2.mlstatic.com/D_Q_NP_2X_641496-MLC103756565483_012026-E.webp
228,Broca Acero 7.5mm Wurth,Fijaciones,29,wurth,https://http2.mlstatic.com/D_Q_NP_2X_641496-MLC103756565483_012026-E.webp
229,Broca Acero 8.0mm Wurth,Fijaciones,29,wurth,https://http2.mlstatic.com/D_Q_NP_2X_641496-MLC103756565483_012026-E.webp
230,Broca Acero 8.5mm Wurth,Fijaciones,29,wurth,https://http2.mlstatic.com/D_Q_NP_2X_641496-MLC103756565483_012026-E.webp
231,Broca Acero 9.0mm Wurth,Fijaciones,29,wurth,https://http2.mlstatic.com/D_Q_NP_2X_641496-MLC103756565483_012026-E.webp
232,Broca Acero Hss 20.0 MM,Fijaciones,29,wurth,https://http2.mlstatic.com/D_Q_NP_2X_641496-MLC103756565483_012026-E.webp
241,Broca Hss 4mm,Fijaciones,29,wurth,https://http2.mlstatic.com/D_Q_NP_2X_641496-MLC103756565483_012026-E.webp
242,Broca Hss 5mm,Fijaciones,29,wurth,https://http2.mlstatic.com/D_Q_NP_2X_641496-MLC103756565483_012026-E.webp
243,Broca Metal 11mm,Fijaciones,29,wurth,https://http2.mlstatic.com/D_Q_NP_2X_641496-MLC103756565483_012026-E.webp
1690,Broca 12mm Wurth,Fijaciones,29,wurth,https://http2.mlstatic.com/D_Q_NP_2X_641496-MLC103756565483_012026-E.webp
1695,Broca Acero 3.5mm Wurth,Fijaciones,29,wurth,https://http2.mlstatic.com/D_Q_NP_2X_641496-MLC103756565483_012026-E.webp
1697,Broca Acero 7.0mm Wurth,Fijaciones,29,wurth,https://http2.mlstatic.com/D_Q_NP_2X_641496-MLC103756565483_012026-E.webp
1510,Tub Cuad Neg 25 x 2.0 MM,Perfiles y Planchas,27,,https://http2.mlstatic.com/D_NP_2X_966632-MLC69537510626_052023-E.webp
1511,Tub Cuad Neg 30 x 1.5 MM,Perfiles y Planchas,27,,https://http2.mlstatic.com/D_NP_2X_966632-MLC69537510626_052023-E.webp
1512,Tub Cuad Neg 30 x 2.0 MM,Perfiles y Planchas,27,,https://http2.mlstatic.com/D_NP_2X_966632-MLC69537510626_052023-E.webp
1513,Tub Cuad Neg 40 x 1.5 MM,Perfiles y Planchas,27,,https://http2.mlstatic.com/D_NP_2X_966632-MLC69537510626_052023-E.webp
1514,Tub Cuad Neg 40 x 2.0 MM,Perfiles y Planchas,27,,https://http2.mlstatic.com/D_NP_2X_966632-MLC69537510626_052023-E.webp
1515,Tub Cuad Neg 40 x 3.0 MM,Perfiles y Planchas,27,,https://http2.mlstatic.com/D_NP_2X_966632-MLC69537510626_052023-E.webp
1516,Tub Cuad Neg 50 x 1.5 MM,Perfiles y Planchas,27,,https://http2.mlstatic.com/D_NP_2X_966632-MLC69537510626_052023-E.webp
1517,Tub Cuad Neg 50 x 2.0 MM,Perfiles y Planchas,27,,https://http2.mlstatic.com/D_NP_2X_966632-MLC69537510626_052023-E.webp
1518,Tub Cuad Neg 50 x 3.0 MM,Perfiles y Planchas,27,,https://http2.mlstatic.com/D_NP_2X_966632-MLC69537510626_052023-E.webp
1519,Tub Cuad Neg 50 x 4.0 MM,Perfiles y Planchas,27,,https://http2.mlstatic.com/D_NP_2X_966632-MLC69537510626_052023-E.webp
1520,Tub Cuad Neg 75 x 2.0 MM,Perfiles y Planchas,27,,https://http2.mlstatic.com/D_NP_2X_966632-MLC69537510626_052023-E.webp
1521,Tub Cuad Neg 75 x 3.0 MM,Perfiles y Planchas,27,,https://http2.mlstatic.com/D_NP_2X_966632-MLC69537510626_052023-E.webp
1522,Tub Cuad Neg 75 x 4.0 MM,Perfiles y Planchas,27,,https://http2.mlstatic.com/D_NP_2X_966632-MLC69537510626_052023-E.webp
2219,Tub Cuad Neg 25 x 1.5 MM,Perfiles y Planchas,27,,https://http2.mlstatic.com/D_NP_2X_966632-MLC69537510626_052023-E.webp
2220,Tub Cuad Neg 25 x 2.0 MM,Perfiles y Planchas,27,,https://http2.mlstatic.com/D_NP_2X_966632-MLC69537510626_052023-E.webp
2221,Tub Cuad Neg 30 x 1.5 MM,Perfiles y Planchas,27,,https://http2.mlstatic.com/D_NP_2X_966632-MLC69537510626_052023-E.webp
2222,Tub Cuad Neg 30 x 2.0 MM,Perfiles y Planchas,27,,https://http2.mlstatic.com/D_NP_2X_966632-MLC69537510626_052023-E.webp
2223,Tub Cuad Neg 40 x 1.5 MM,Perfiles y Planchas,27,,https://http2.mlstatic.com/D_NP_2X_966632-MLC69537510626_052023-E.webp
2224,Tub Cuad Neg 40 x 2.0 MM,Perfiles y Planchas,27,,https://http2.mlstatic.com/D_NP_2X_966632-MLC69537510626_052023-E.webp
2225,Tub Cuad Neg 40 x 3.0 MM,Perfiles y Planchas,27,,https://http2.mlstatic.com/D_NP_2X_966632-MLC69537510626_052023-E.webp
2226,Tub Cuad Neg 50 x 1.5 MM,Perfiles y Planchas,27,,https://http2.mlstatic.com/D_NP_2X_966632-MLC69537510626_052023-E.webp
2227,Tub Cuad Neg 50 x 2.0 MM,Perfiles y Planchas,27,,https://http2.mlstatic.com/D_NP_2X_966632-MLC69537510626_052023-E.webp
2228,Tub Cuad Neg 50 x 3.0 MM,Perfiles y Planchas,27,,https://http2.mlstatic.com/D_NP_2X_966632-MLC69537510626_052023-E.webp
2229,Tub Cuad Neg 50 x 4.0 MM,Perfiles y Planchas,27,,https://http2.mlstatic.com/D_NP_2X_966632-MLC69537510626_052023-E.webp
2230,Tub Cuad Neg 75 x 2.0 MM,Perfiles y Planchas,27,,https://http2.mlstatic.com/D_NP_2X_966632-MLC69537510626_052023-E.webp
2231,Tub Cuad Neg 75 x 3.0 MM,Perfiles y Planchas,27,,https://http2.mlstatic.com/D_NP_2X_966632-MLC69537510626_052023-E.webp
2232,Tub Cuad Neg 75 x 4.0 MM,Perfiles y Planchas,27,,https://http2.mlstatic.com/D_NP_2X_966632-MLC69537510626_052023-E.webp
1446,Tirafondo 1/4 x 1 1/2,Fijaciones,19,,https://http2.mlstatic.com/D_Q_NP_2X_966760-MLA104663481827_012026-E.webp
1447,Tirafondo 1/4 x 2,Fijaciones,19,,https://http2.mlstatic.com/D_Q_NP_2X_966760-MLA104663481827_012026-E.webp
1448,Tirafondo 1/4 x 2 1/2,Fijaciones,19,,https://http2.mlstatic.com/D_Q_NP_2X_966760-MLA104663481827_012026-E.webp
1449,Tirafondo 1/4 x 3,Fijaciones,19,,https://http2.mlstatic.com/D_Q_NP_2X_966760-MLA104663481827_012026-E.webp
1450,Tirafondo 1/4 x 3 1/2,Fijaciones,19,,https://http2.mlstatic.com/D_Q_NP_2X_966760-MLA104663481827_012026-E.webp
1451,Tirafondo 1/4 x 4,Fijaciones,19,,https://http2.mlstatic.com/D_Q_NP_2X_966760-MLA104663481827_012026-E.webp
1452,Tirafondo 5/16 x 2,Fijaciones,19,,https://http2.mlstatic.com/D_Q_NP_2X_966760-MLA104663481827_012026-E.webp
1453,Tirafondo 5/16 x 2 1/2,Fijaciones,19,,https://http2.mlstatic.com/D_Q_NP_2X_966760-MLA104663481827_012026-E.webp
1454,Tirafondo 5/16 x 3,Fijaciones,19,,https://http2.mlstatic.com/D_Q_NP_2X_966760-MLA104663481827_012026-E.webp
1455,Tirafondo 5/16 x 4,Fijaciones,19,,https://http2.mlstatic.com/D_Q_NP_2X_966760-MLA104663481827_012026-E.webp
2155,Tirafondo 1/4 x 1 1/2,Fijaciones,19,,https://http2.mlstatic.com/D_Q_NP_2X_966760-MLA104663481827_012026-E.webp
2156,Tirafondo 1/4 x 2,Fijaciones,19,,https://http2.mlstatic.com/D_Q_NP_2X_966760-MLA104663481827_012026-E.webp
2157,Tirafondo 1/4 x 2 1/2,Fijaciones,19,,https://http2.mlstatic.com/D_Q_NP_2X_966760-MLA104663481827_012026-E.webp
2158,Tirafondo 1/4 x 3,Fijaciones,19,,https://http2.mlstatic.com/D_Q_NP_2X_966760-MLA104663481827_012026-E.webp
2160,Tirafondo 1/4 x 4,Fijaciones,19,,https://http2.mlstatic.com/D_Q_NP_2X_966760-MLA104663481827_012026-E.webp
2161,Tirafondo 5/16 x 2,Fijaciones,19,,https://http2.mlstatic.com/D_Q_NP_2X_966760-MLA104663481827_012026-E.webp
2162,Tirafondo 5/16 x 2 1/2,Fijaciones,19,,https://http2.mlstatic.com/D_Q_NP_2X_966760-MLA104663481827_012026-E.webp
2163,Tirafondo 5/16 x 3,Fijaciones,19,,https://http2.mlstatic.com/D_Q_NP_2X_966760-MLA104663481827_012026-E.webp
2164,Tirafondo 5/16 x 4,Fijaciones,19,,https://http2.mlstatic.com/D_Q_NP_2X_966760-MLA104663481827_012026-E.webp
105,Angulo Doblado Negro 20 x 20 x 2.0 MM,Perfiles y Planchas,17,,https://http2.mlstatic.com/D_Q_NP_2X_996985-MLC78967338100_092024-E.webp
106,Angulo Doblado Negro 20 x 20 x 3.0 MM,Perfiles y Planchas,17,,https://http2.mlstatic.com/D_Q_NP_2X_996985-MLC78967338100_092024-E.webp
107,Angulo Doblado Negro 25 x 25 x 2.0 MM,Perfiles y Planchas,17,,https://http2.mlstatic.com/D_Q_NP_2X_996985-MLC78967338100_092024-E.webp
108,Angulo Doblado Negro 25 x 25 x 3.0 MM,Perfiles y Planchas,17,,https://http2.mlstatic.com/D_Q_NP_2X_996985-MLC78967338100_092024-E.webp
109,Angulo Doblado Negro 30 x 30 x 2.0 MM,Perfiles y Planchas,17,,https://http2.mlstatic.com/D_Q_NP_2X_996985-MLC78967338100_092024-E.webp
110,Angulo Doblado Negro 30 x 30 x 3.0 MM,Perfiles y Planchas,17,,https://http2.mlstatic.com/D_Q_NP_2X_996985-MLC78967338100_092024-E.webp
111,Angulo Doblado Negro 40 x 40 x 2.0 MM,Perfiles y Planchas,17,,https://http2.mlstatic.com/D_Q_NP_2X_996985-MLC78967338100_092024-E.webp
112,Angulo Doblado Negro 40 x 40 x 3.0 MM,Perfiles y Planchas,17,,https://http2.mlstatic.com/D_Q_NP_2X_996985-MLC78967338100_092024-E.webp
113,Angulo Doblado Negro 50 x 50 x 2.0 MM,Perfiles y Planchas,17,,https://http2.mlstatic.com/D_Q_NP_2X_996985-MLC78967338100_092024-E.webp
114,Angulo Doblado Negro 50 x 50 x 3.0 MM,Perfiles y Planchas,17,,https://http2.mlstatic.com/D_Q_NP_2X_996985-MLC78967338100_092024-E.webp
115,Angulo Doblado Negro 50 x 50 x 4.0 MM,Perfiles y Planchas,17,,https://http2.mlstatic.com/D_Q_NP_2X_996985-MLC78967338100_092024-E.webp
116,Angulo Doblado Negro 65 x 65 x 3.0 MM,Perfiles y Planchas,17,,https://http2.mlstatic.com/D_Q_NP_2X_996985-MLC78967338100_092024-E.webp
117,Angulo Doblado Negro 80 x 80 x 3.0 MM,Perfiles y Planchas,17,,https://http2.mlstatic.com/D_Q_NP_2X_996985-MLC78967338100_092024-E.webp
118,Angulo Doblado Negro 80 x 80 x 5.0 MM,Perfiles y Planchas,17,,https://http2.mlstatic.com/D_Q_NP_2X_996985-MLC78967338100_092024-E.webp
119,Angulo Doblado Negro 100 x 100 x 3.0 MM,Perfiles y Planchas,17,,https://http2.mlstatic.com/D_Q_NP_2X_996985-MLC78967338100_092024-E.webp
120,Angulo Doblado Negro 100 x 100 x 4.0 MM,Perfiles y Planchas,17,,https://http2.mlstatic.com/D_Q_NP_2X_996985-MLC78967338100_092024-E.webp
121,Angulo Doblado Negro 100 x 100 x 5.0 MM,Perfiles y Planchas,17,,https://http2.mlstatic.com/D_Q_NP_2X_996985-MLC78967338100_092024-E.webp
244,Broca Paleta 1 1/2 UYUS,Fijaciones,17,truper,https://http2.mlstatic.com/D_Q_NP_2X_724734-MLC79400057372_092024-E.webp
245,Broca Paleta 1 1/4 UYUS,Fijaciones,17,truper,https://http2.mlstatic.com/D_Q_NP_2X_724734-MLC79400057372_092024-E.webp
246,"Broca Paleta 1"" UYUS",Fijaciones,17,truper,https://http2.mlstatic.com/D_Q_NP_2X_724734-MLC79400057372_092024-E.webp
247,Broca Paleta 1.1/2,Fijaciones,17,truper,https://http2.mlstatic.com/D_Q_NP_2X_724734-MLC79400057372_092024-E.webp
248,Broca Paleta 1.1/4,Fijaciones,17,truper,https://http2.mlstatic.com/D_Q_NP_2X_724734-MLC79400057372_092024-E.webp
249,Broca Paleta 1/2,Fijaciones,17,truper,https://http2.mlstatic.com/D_Q_NP_2X_724734-MLC79400057372_092024-E.webp
250,Broca Paleta 3/4,Fijaciones,17,truper,https://http2.mlstatic.com/D_Q_NP_2X_724734-MLC79400057372_092024-E.webp
251,Broca Paleta 3/4 Truper,Fijaciones,17,truper,https://http2.mlstatic.com/D_Q_NP_2X_724734-MLC79400057372_092024-E.webp
252,Broca Paleta 3/8,Fijaciones,17,truper,https://http2.mlstatic.com/D_Q_NP_2X_724734-MLC79400057372_092024-E.webp
253,Broca Paleta 3/8 UYUS,Fijaciones,17,truper,https://http2.mlstatic.com/D_Q_NP_2X_724734-MLC79400057372_092024-E.webp
254,Broca Paleta 5/16 Truper,Fijaciones,17,truper,https://http2.mlstatic.com/D_Q_NP_2X_724734-MLC79400057372_092024-E.webp
255,Broca Paleta 5/8,Fijaciones,17,truper,https://http2.mlstatic.com/D_Q_NP_2X_724734-MLC79400057372_092024-E.webp
256,Broca Paleta 5/8 Truper,Fijaciones,17,truper,https://http2.mlstatic.com/D_Q_NP_2X_724734-MLC79400057372_092024-E.webp
257,Broca Paleta 5/8 UYUS,Fijaciones,17,truper,https://http2.mlstatic.com/D_Q_NP_2X_724734-MLC79400057372_092024-E.webp
258,Broca Paleta 7/8 UYUS,Fijaciones,17,truper,https://http2.mlstatic.com/D_Q_NP_2X_724734-MLC79400057372_092024-E.webp
1704,Broca Paleta 1.1/2,Fijaciones,17,truper,https://http2.mlstatic.com/D_Q_NP_2X_724734-MLC79400057372_092024-E.webp
1705,Broca Paleta 3/4 Truper,Fijaciones,17,truper,https://http2.mlstatic.com/D_Q_NP_2X_724734-MLC79400057372_092024-E.webp
317,Canal 30x30x2x6mt (Pivote),Perfiles y Planchas,16,galvatec,https://http2.mlstatic.com/D_Q_NP_2X_709255-MLC109463341453_032026-E-perfil-metalcon-canal-u-62x25x085mm-de-6m.webp
318,Canal 40x40x2x6mt (Pivote),Perfiles y Planchas,16,galvatec,https://http2.mlstatic.com/D_Q_NP_2X_709255-MLC109463341453_032026-E-perfil-metalcon-canal-u-62x25x085mm-de-6m.webp
324,Canal Negro 100 x 50 x 2.0 MM,Perfiles y Planchas,16,galvatec,https://http2.mlstatic.com/D_Q_NP_2X_709255-MLC109463341453_032026-E-perfil-metalcon-canal-u-62x25x085mm-de-6m.webp
325,Canal Negro 100 x 50 x 3.0 MM,Perfiles y Planchas,16,galvatec,https://http2.mlstatic.com/D_Q_NP_2X_709255-MLC109463341453_032026-E-perfil-metalcon-canal-u-62x25x085mm-de-6m.webp
326,Canal Negro 125 x 50 x 2.0 MM,Perfiles y Planchas,16,galvatec,https://http2.mlstatic.com/D_Q_NP_2X_709255-MLC109463341453_032026-E-perfil-metalcon-canal-u-62x25x085mm-de-6m.webp
327,Canal Negro 125 x 50 x 3.0 MM,Perfiles y Planchas,16,galvatec,https://http2.mlstatic.com/D_Q_NP_2X_709255-MLC109463341453_032026-E-perfil-metalcon-canal-u-62x25x085mm-de-6m.webp
328,Canal Negro 150 x 50 x 2.0 MM,Perfiles y Planchas,16,galvatec,https://http2.mlstatic.com/D_Q_NP_2X_709255-MLC109463341453_032026-E-perfil-metalcon-canal-u-62x25x085mm-de-6m.webp
329,Canal Negro 150 x 50 x 3.0 MM,Perfiles y Planchas,16,galvatec,https://http2.mlstatic.com/D_Q_NP_2X_709255-MLC109463341453_032026-E-perfil-metalcon-canal-u-62x25x085mm-de-6m.webp
330,Canal Negro 150 x 50 x 4mm,Perfiles y Planchas,16,galvatec,https://http2.mlstatic.com/D_Q_NP_2X_709255-MLC109463341453_032026-E-perfil-metalcon-canal-u-62x25x085mm-de-6m.webp
331,Canal Negro 150 x 50 x 5mm,Perfiles y Planchas,16,galvatec,https://http2.mlstatic.com/D_Q_NP_2X_709255-MLC109463341453_032026-E-perfil-metalcon-canal-u-62x25x085mm-de-6m.webp
332,Canal Negro 150 x 75 x 3.0 MM,Perfiles y Planchas,16,galvatec,https://http2.mlstatic.com/D_Q_NP_2X_709255-MLC109463341453_032026-E-perfil-metalcon-canal-u-62x25x085mm-de-6m.webp
333,Canal Negro 175 x 50 x 3.0mm,Perfiles y Planchas,16,galvatec,https://http2.mlstatic.com/D_Q_NP_2X_709255-MLC109463341453_032026-E-perfil-metalcon-canal-u-62x25x085mm-de-6m.webp
334,Canal Negro 200 x 50 x 2.0 MM,Perfiles y Planchas,16,galvatec,https://http2.mlstatic.com/D_Q_NP_2X_709255-MLC109463341453_032026-E-perfil-metalcon-canal-u-62x25x085mm-de-6m.webp
335,Canal Negro 200 x 50 x 3.0 MM,Perfiles y Planchas,16,galvatec,https://http2.mlstatic.com/D_Q_NP_2X_709255-MLC109463341453_032026-E-perfil-metalcon-canal-u-62x25x085mm-de-6m.webp
708,Galvatec U 62x25x0.85 6m,Perfiles y Planchas,16,galvatec,https://http2.mlstatic.com/D_Q_NP_2X_709255-MLC109463341453_032026-E-perfil-metalcon-canal-u-62x25x085mm-de-6m.webp
709,Galvatec U 92x30x0.85 6m,Perfiles y Planchas,16,galvatec,https://http2.mlstatic.com/D_Q_NP_2X_709255-MLC109463341453_032026-E-perfil-metalcon-canal-u-62x25x085mm-de-6m.webp
1178,Punta Corona 16 Tolmat,Fijaciones,16,tolmat,https://http2.mlstatic.com/D_Q_NP_2X_614820-MLA99640408688_122025-E.webp
1179,Punta Corona 18 Tolmat,Fijaciones,16,tolmat,https://http2.mlstatic.com/D_Q_NP_2X_614820-MLA99640408688_122025-E.webp
1180,Punta Corona 19,Fijaciones,16,tolmat,https://http2.mlstatic.com/D_Q_NP_2X_614820-MLA99640408688_122025-E.webp
1181,Punta Corona 32 Tolmat,Fijaciones,16,tolmat,https://http2.mlstatic.com/D_Q_NP_2X_614820-MLA99640408688_122025-E.webp
1182,Punta Corona 9 Tolmat,Fijaciones,16,tolmat,https://http2.mlstatic.com/D_Q_NP_2X_614820-MLA99640408688_122025-E.webp
1183,Punta Hexagonal 1/4 65mm,Fijaciones,16,tolmat,https://http2.mlstatic.com/D_Q_NP_2X_614820-MLA99640408688_122025-E.webp
1184,Punta Hexagonal 3/8 65mm,Fijaciones,16,tolmat,https://http2.mlstatic.com/D_Q_NP_2X_614820-MLA99640408688_122025-E.webp
1185,Punta Hexagonal 5/16 65mm,Fijaciones,16,tolmat,https://http2.mlstatic.com/D_Q_NP_2X_614820-MLA99640408688_122025-E.webp
1879,Punta Corona 16 Tolmat,Fijaciones,16,tolmat,https://http2.mlstatic.com/D_Q_NP_2X_614820-MLA99640408688_122025-E.webp
1880,Punta Corona 18 Tolmat,Fijaciones,16,tolmat,https://http2.mlstatic.com/D_Q_NP_2X_614820-MLA99640408688_122025-E.webp
1881,Punta Corona 19,Fijaciones,16,tolmat,https://http2.mlstatic.com/D_Q_NP_2X_614820-MLA99640408688_122025-E.webp
1882,Punta Corona 32 Tolmat,Fijaciones,16,tolmat,https://http2.mlstatic.com/D_Q_NP_2X_614820-MLA99640408688_122025-E.webp
1883,Punta Corona 9 Tolmat,Fijaciones,16,tolmat,https://http2.mlstatic.com/D_Q_NP_2X_614820-MLA99640408688_122025-E.webp
1884,Punta Hexagonal 1/4 65mm,Fijaciones,16,tolmat,https://http2.mlstatic.com/D_Q_NP_2X_614820-MLA99640408688_122025-E.webp
1885,Punta Hexagonal 3/8 65mm,Fijaciones,16,tolmat,https://http2.mlstatic.com/D_Q_NP_2X_614820-MLA99640408688_122025-E.webp
1886,Punta Hexagonal 5/16 65mm,Fijaciones,16,tolmat,https://http2.mlstatic.com/D_Q_NP_2X_614820-MLA99640408688_122025-E.webp
1389,Tar.clav.nyl. 6.0x35,Fijaciones,16,,https://http2.mlstatic.com/D_Q_NP_2X_753336-MLC48404815776_122021-E.webp
1390,Tar.clav.nyl. 6.0x60,Fijaciones,16,,https://http2.mlstatic.com/D_Q_NP_2X_753336-MLC48404815776_122021-E.webp
1391,Tar.clav.nyl. 6.0x80,Fijaciones,16,,https://http2.mlstatic.com/D_Q_NP_2X_753336-MLC48404815776_122021-E.webp
1392,Tar.clav.nyl. 8.0x100,Fijaciones,16,,https://http2.mlstatic.com/D_Q_NP_2X_753336-MLC48404815776_122021-E.webp
1393,Tar.clav.nyl. 8.0x120,Fijaciones,16,,https://http2.mlstatic.com/D_Q_NP_2X_753336-MLC48404815776_122021-E.webp
1394,Tar.clav.nyl. 8.0x140,Fijaciones,16,,https://http2.mlstatic.com/D_Q_NP_2X_753336-MLC48404815776_122021-E.webp
1395,Tar.clav.nyl. 8.0x60,Fijaciones,16,,https://http2.mlstatic.com/D_Q_NP_2X_753336-MLC48404815776_122021-E.webp
1396,Tar.clav.nyl. 8.0x80,Fijaciones,16,,https://http2.mlstatic.com/D_Q_NP_2X_753336-MLC48404815776_122021-E.webp
2098,Tar.clav.nyl. 6.0x35,Fijaciones,16,,https://http2.mlstatic.com/D_Q_NP_2X_753336-MLC48404815776_122021-E.webp
2099,Tar.clav.nyl. 6.0x60,Fijaciones,16,,https://http2.mlstatic.com/D_Q_NP_2X_753336-MLC48404815776_122021-E.webp
2100,Tar.clav.nyl. 6.0x80,Fijaciones,16,,https://http2.mlstatic.com/D_Q_NP_2X_753336-MLC48404815776_122021-E.webp
2101,Tar.clav.nyl. 8.0x100,Fijaciones,16,,https://http2.mlstatic.com/D_Q_NP_2X_753336-MLC48404815776_122021-E.webp
2102,Tar.clav.nyl. 8.0x120,Fijaciones,16,,https://http2.mlstatic.com/D_Q_NP_2X_753336-MLC48404815776_122021-E.webp
2103,Tar.clav.nyl. 8.0x140,Fijaciones,16,,https://http2.mlstatic.com/D_Q_NP_2X_753336-MLC48404815776_122021-E.webp
2104,Tar.clav.nyl. 8.0x60,Fijaciones,16,,https://http2.mlstatic.com/D_Q_NP_2X_753336-MLC48404815776_122021-E.webp
2105,Tar.clav.nyl. 8.0x80,Fijaciones,16,,https://http2.mlstatic.com/D_Q_NP_2X_753336-MLC48404815776_122021-E.webp
160,Autoperforante Perfil Punta Pb 3 Pulgadas,Fijaciones,14,,https://http2.mlstatic.com/D_Q_NP_2X_842202-MLA92412062982_092025-E.webp
161,Autoperforante Perfil Punta Espada 1 1/2 Pulgadas,Fijaciones,14,,https://http2.mlstatic.com/D_Q_NP_2X_842202-MLA92412062982_092025-E.webp
162,Autoperforante Perfil Punta Espada 1 Pulgadas,Fijaciones,14,,https://http2.mlstatic.com/D_Q_NP_2X_842202-MLA92412062982_092025-E.webp
163,Autoperforante Perfil Punta Espada 2 1/2 Pulgadas,Fijaciones,14,,https://http2.mlstatic.com/D_Q_NP_2X_842202-MLA92412062982_092025-E.webp
164,Autoperforante Perfil Punta Espada 2 Pulgadas,Fijaciones,14,,https://http2.mlstatic.com/D_Q_NP_2X_842202-MLA92412062982_092025-E.webp
165,Autoperforante Perfil Punta Espada 3 Pulgadas,Fijaciones,14,,https://http2.mlstatic.com/D_Q_NP_2X_842202-MLA92412062982_092025-E.webp
1464,Tor Aut.perfil Pb Zincado 12x2 100un,Fijaciones,14,,https://http2.mlstatic.com/D_Q_NP_2X_842202-MLA92412062982_092025-E.webp
1465,"Tor Aut.perfil Pb Zincado 12x2.1/2"" 100un",Fijaciones,14,,https://http2.mlstatic.com/D_Q_NP_2X_842202-MLA92412062982_092025-E.webp
1466,Tor Aut.perfil Pb Zincado 12x3/4 100un,Fijaciones,14,,https://http2.mlstatic.com/D_Q_NP_2X_842202-MLA92412062982_092025-E.webp
1674,Autoperforante Perfil Punta Pb 3 Pulgadas,Fijaciones,14,,https://http2.mlstatic.com/D_Q_NP_2X_842202-MLA92412062982_092025-E.webp
1675,Autoperforante Perfil Punta Espada 2 1/2 Pulgadas,Fijaciones,14,,https://http2.mlstatic.com/D_Q_NP_2X_842202-MLA92412062982_092025-E.webp
1676,Autoperforante Perfil Punta Espada 2 Pulgadas,Fijaciones,14,,https://http2.mlstatic.com/D_Q_NP_2X_842202-MLA92412062982_092025-E.webp
2175,"Tor Aut.perfil Pb Zincado 12x2.1/2"" 100un",Fijaciones,14,,https://http2.mlstatic.com/D_Q_NP_2X_842202-MLA92412062982_092025-E.webp
2176,Tor Aut.perfil Pb Zincado 12x3/4 100un,Fijaciones,14,,https://http2.mlstatic.com/D_Q_NP_2X_842202-MLA92412062982_092025-E.webp
233,Broca Cemento 12 MM UYUS,Fijaciones,14,wurth,https://http2.mlstatic.com/D_Q_NP_2X_661649-MLC79749947073_102024-E.webp
234,Broca Concreto 10mm Keaton,Fijaciones,14,wurth,https://http2.mlstatic.com/D_Q_NP_2X_661649-MLC79749947073_102024-E.webp
235,Broca Concreto 12mm,Fijaciones,14,wurth,https://http2.mlstatic.com/D_Q_NP_2X_661649-MLC79749947073_102024-E.webp
236,Broca Concreto 4mm,Fijaciones,14,wurth,https://http2.mlstatic.com/D_Q_NP_2X_661649-MLC79749947073_102024-E.webp
237,Broca Concreto 6mm,Fijaciones,14,wurth,https://http2.mlstatic.com/D_Q_NP_2X_661649-MLC79749947073_102024-E.webp
238,Broca Concreto 8mm,Fijaciones,14,wurth,https://http2.mlstatic.com/D_Q_NP_2X_661649-MLC79749947073_102024-E.webp
239,Broca Hormigon 5x85mm (Mecha) Wurth,Fijaciones,14,wurth,https://http2.mlstatic.com/D_Q_NP_2X_661649-MLC79749947073_102024-E.webp
240,Broca Hormigon Cilindrica D8 L 150mm Wurth,Fijaciones,14,wurth,https://http2.mlstatic.com/D_Q_NP_2X_661649-MLC79749947073_102024-E.webp
259,Broca Percucion 10mm,Fijaciones,14,wurth,https://http2.mlstatic.com/D_Q_NP_2X_661649-MLC79749947073_102024-E.webp
260,Broca Percucion 3mm,Fijaciones,14,wurth,https://http2.mlstatic.com/D_Q_NP_2X_661649-MLC79749947073_102024-E.webp
261,Broca Percucion 4mm,Fijaciones,14,wurth,https://http2.mlstatic.com/D_Q_NP_2X_661649-MLC79749947073_102024-E.webp
262,Broca Percucion 5mm,Fijaciones,14,wurth,https://http2.mlstatic.com/D_Q_NP_2X_661649-MLC79749947073_102024-E.webp
1700,Broca Concreto 12mm,Fijaciones,14,wurth,https://http2.mlstatic.com/D_Q_NP_2X_661649-MLC79749947073_102024-E.webp
1707,Broca Percucion 3mm,Fijaciones,14,wurth,https://http2.mlstatic.com/D_Q_NP_2X_661649-MLC79749947073_102024-E.webp
985,P. Hex G2 Unc 1/2 13x2,Fijaciones,14,,https://http2.mlstatic.com/D_Q_NP_2X_666296-MLC89655248066_082025-E.webp
986,P. Hex G2 Unc 1/2 13x3,Fijaciones,14,,https://http2.mlstatic.com/D_Q_NP_2X_666296-MLC89655248066_082025-E.webp
987,P. Hex G2 Unc 1/2 13x4,Fijaciones,14,,https://http2.mlstatic.com/D_Q_NP_2X_666296-MLC89655248066_082025-E.webp
988,P. Hex G2 Unc 1/4-20x1,Fijaciones,14,,https://http2.mlstatic.com/D_Q_NP_2X_666296-MLC89655248066_082025-E.webp
989,P. Hex G2 Unc 1/4-20x2,Fijaciones,14,,https://http2.mlstatic.com/D_Q_NP_2X_666296-MLC89655248066_082025-E.webp
990,P. Hex G2 Unc 1/4-20x3,Fijaciones,14,,https://http2.mlstatic.com/D_Q_NP_2X_666296-MLC89655248066_082025-E.webp
991,P. Hex G2 Unc 1/4-20x4,Fijaciones,14,,https://http2.mlstatic.com/D_Q_NP_2X_666296-MLC89655248066_082025-E.webp
992,P. Hex G2 Unc 3/8 16x1,Fijaciones,14,,https://http2.mlstatic.com/D_Q_NP_2X_666296-MLC89655248066_082025-E.webp
993,P. Hex G2 Unc 3/8 16x2,Fijaciones,14,,https://http2.mlstatic.com/D_Q_NP_2X_666296-MLC89655248066_082025-E.webp
994,P. Hex G2 Unc 5/16x18x3,Fijaciones,14,,https://http2.mlstatic.com/D_Q_NP_2X_666296-MLC89655248066_082025-E.webp
995,P. Hex G2 Unc 5/16x18x4,Fijaciones,14,,https://http2.mlstatic.com/D_Q_NP_2X_666296-MLC89655248066_082025-E.webp
996,P.hex G2 Unc 1/2 13/1,Fijaciones,14,,https://http2.mlstatic.com/D_Q_NP_2X_666296-MLC89655248066_082025-E.webp
997,P.hex G2 Unc 3/8 16/3,Fijaciones,14,,https://http2.mlstatic.com/D_Q_NP_2X_666296-MLC89655248066_082025-E.webp
998,P.hex G2 Unc 3/8 16/4,Fijaciones,14,,https://http2.mlstatic.com/D_Q_NP_2X_666296-MLC89655248066_082025-E.webp
1579,Tuerca 1/2,Fijaciones,14,,https://http2.mlstatic.com/D_Q_NP_2X_908364-MLC81616213200_012025-E.webp
1580,Tuerca 1/4 (Negra y Zinc),Fijaciones,14,,https://http2.mlstatic.com/D_Q_NP_2X_908364-MLC81616213200_012025-E.webp
1581,Tuerca 3/4,Fijaciones,14,,https://http2.mlstatic.com/D_Q_NP_2X_908364-MLC81616213200_012025-E.webp
1582,Tuerca 5/16 (Negra y Zinc),Fijaciones,14,,https://http2.mlstatic.com/D_Q_NP_2X_908364-MLC81616213200_012025-E.webp
1583,Tuerca 5/8,Fijaciones,14,,https://http2.mlstatic.com/D_Q_NP_2X_908364-MLC81616213200_012025-E.webp
1584,Tuerca Zinc 1/2-13,Fijaciones,14,,https://http2.mlstatic.com/D_Q_NP_2X_908364-MLC81616213200_012025-E.webp
1585,Tuerca Zinc 1/4-20,Fijaciones,14,,https://http2.mlstatic.com/D_Q_NP_2X_908364-MLC81616213200_012025-E.webp
1586,Tuerca Zinc 5/1-18,Fijaciones,14,,https://http2.mlstatic.com/D_Q_NP_2X_908364-MLC81616213200_012025-E.webp
2289,Tuerca 1/2,Fijaciones,14,,https://http2.mlstatic.com/D_Q_NP_2X_908364-MLC81616213200_012025-E.webp
2291,Tuerca 3/4,Fijaciones,14,,https://http2.mlstatic.com/D_Q_NP_2X_908364-MLC81616213200_012025-E.webp
2292,Tuerca 5/16 (Negra y Zinc),Fijaciones,14,,https://http2.mlstatic.com/D_Q_NP_2X_908364-MLC81616213200_012025-E.webp
2293,Tuerca 5/8,Fijaciones,14,,https://http2.mlstatic.com/D_Q_NP_2X_908364-MLC81616213200_012025-E.webp
2294,Tuerca Negra 1/4,Fijaciones,14,,https://http2.mlstatic.com/D_Q_NP_2X_908364-MLC81616213200_012025-E.webp
2295,Tuerca Zinc 1/2-13,Fijaciones,14,,https://http2.mlstatic.com/D_Q_NP_2X_908364-MLC81616213200_012025-E.webp
1121,Pletina 12 x 3 MM,Fierros Construccion,13,,https://http2.mlstatic.com/D_Q_NP_2X_759481-MLC54026057220_022023-E.webp
1122,Pletina 20 x 3 MM,Fierros Construccion,13,,https://http2.mlstatic.com/D_Q_NP_2X_759481-MLC54026057220_022023-E.webp
1123,Pletina 25 x 3 MM,Fierros Construccion,13,,https://http2.mlstatic.com/D_Q_NP_2X_759481-MLC54026057220_022023-E.webp
1124,Pletina 25 x 5 MM,Fierros Construccion,13,,https://http2.mlstatic.com/D_Q_NP_2X_759481-MLC54026057220_022023-E.webp
1125,Pletina 32 x 3 MM,Fierros Construccion,13,,https://http2.mlstatic.com/D_Q_NP_2X_759481-MLC54026057220_022023-E.webp
1126,Pletina 32 x 5 MM,Fierros Construccion,13,,https://http2.mlstatic.com/D_Q_NP_2X_759481-MLC54026057220_022023-E.webp
1127,Pletina 38 x 3 MM,Fierros Construccion,13,,https://http2.mlstatic.com/D_Q_NP_2X_759481-MLC54026057220_022023-E.webp
1128,Pletina 38 x 5 MM,Fierros Construccion,13,,https://http2.mlstatic.com/D_Q_NP_2X_759481-MLC54026057220_022023-E.webp
1129,Pletina 50 x 3 MM,Fierros Construccion,13,,https://http2.mlstatic.com/D_Q_NP_2X_759481-MLC54026057220_022023-E.webp
1130,Pletina 50 x 5 MM,Fierros Construccion,13,,https://http2.mlstatic.com/D_Q_NP_2X_759481-MLC54026057220_022023-E.webp
1131,Pletina 100 x 5mm,Fierros Construccion,13,,https://http2.mlstatic.com/D_Q_NP_2X_759481-MLC54026057220_022023-E.webp
1132,Pletina 20 x 5mm,Fierros Construccion,13,,https://http2.mlstatic.com/D_Q_NP_2X_759481-MLC54026057220_022023-E.webp
1133,Pletina 75 x 5 x 6mm,Fierros Construccion,13,,https://http2.mlstatic.com/D_Q_NP_2X_759481-MLC54026057220_022023-E.webp
1411,Tee Regulador Sanitaria 110mm,Baño Cocina y Loggia,13,,https://http2.mlstatic.com/D_Q_NP_2X_811047-MLA105006864973_012026-E.webp
1412,Tee Sanitaria 110x110mm,Baño Cocina y Loggia,13,,https://http2.mlstatic.com/D_Q_NP_2X_811047-MLA105006864973_012026-E.webp
1413,Tee Sanitaria 110x40mm,Baño Cocina y Loggia,13,,https://http2.mlstatic.com/D_Q_NP_2X_811047-MLA105006864973_012026-E.webp
1414,Tee Sanitaria 110x50mm,Baño Cocina y Loggia,13,,https://http2.mlstatic.com/D_Q_NP_2X_811047-MLA105006864973_012026-E.webp
1415,Tee Sanitaria 110x75mm,Baño Cocina y Loggia,13,,https://http2.mlstatic.com/D_Q_NP_2X_811047-MLA105006864973_012026-E.webp
1416,Tee Sanitaria 40x40mm,Baño Cocina y Loggia,13,,https://http2.mlstatic.com/D_Q_NP_2X_811047-MLA105006864973_012026-E.webp
1417,Tee Sanitaria 50x40mm,Baño Cocina y Loggia,13,,https://http2.mlstatic.com/D_Q_NP_2X_811047-MLA105006864973_012026-E.webp
1418,Tee Sanitaria 50x50mm,Baño Cocina y Loggia,13,,https://http2.mlstatic.com/D_Q_NP_2X_811047-MLA105006864973_012026-E.webp
1419,Tee Sanitaria 75x40mm,Baño Cocina y Loggia,13,,https://http2.mlstatic.com/D_Q_NP_2X_811047-MLA105006864973_012026-E.webp
1420,Tee Sanitaria 75x50mm,Baño Cocina y Loggia,13,,https://http2.mlstatic.com/D_Q_NP_2X_811047-MLA105006864973_012026-E.webp
1421,Tee Sanitaria 75x75mm,Baño Cocina y Loggia,13,,https://http2.mlstatic.com/D_Q_NP_2X_811047-MLA105006864973_012026-E.webp
2120,Tee Regulador Sanitaria 110mm,Baño Cocina y Loggia,13,,https://http2.mlstatic.com/D_Q_NP_2X_811047-MLA105006864973_012026-E.webp
2130,Tee Sanitaria 75x75mm,Baño Cocina y Loggia,13,,https://http2.mlstatic.com/D_Q_NP_2X_811047-MLA105006864973_012026-E.webp
1506,Tub Cuad Neg 15 x 1.5 MM,Perfiles y Planchas,13,,https://http2.mlstatic.com/D_Q_NP_2X_966632-MLC69537510626_052023-E.webp
1507,Tub Cuad Neg 20 x 1.5 MM,Perfiles y Planchas,13,,https://http2.mlstatic.com/D_Q_NP_2X_966632-MLC69537510626_052023-E.webp
1508,Tub Cuad Neg 20 x 2.0 MM,Perfiles y Planchas,13,,https://http2.mlstatic.com/D_Q_NP_2X_966632-MLC69537510626_052023-E.webp
1509,Tub Cuad Neg 25 x 1.5 MM,Perfiles y Planchas,13,,https://http2.mlstatic.com/D_Q_NP_2X_966632-MLC69537510626_052023-E.webp
1523,Tub Cuad Neg 100 x 2.0 MM,Perfiles y Planchas,13,,https://http2.mlstatic.com/D_Q_NP_2X_966632-MLC69537510626_052023-E.webp
1524,Tub Cuad Neg 100 x 3.0 MM,Perfiles y Planchas,13,,https://http2.mlstatic.com/D_Q_NP_2X_966632-MLC69537510626_052023-E.webp
1525,"Tub Cuad Neg 100 x 5,0 MM",Perfiles y Planchas,13,,https://http2.mlstatic.com/D_Q_NP_2X_966632-MLC69537510626_052023-E.webp
2216,Tub Cuad Neg 15 x 1.5 MM,Perfiles y Planchas,13,,https://http2.mlstatic.com/D_Q_NP_2X_966632-MLC69537510626_052023-E.webp
2217,Tub Cuad Neg 20 x 1.5 MM,Perfiles y Planchas,13,,https://http2.mlstatic.com/D_Q_NP_2X_966632-MLC69537510626_052023-E.webp
2218,Tub Cuad Neg 20 x 2.0 MM,Perfiles y Planchas,13,,https://http2.mlstatic.com/D_Q_NP_2X_966632-MLC69537510626_052023-E.webp
2233,Tub Cuad Neg 100 x 2.0 MM,Perfiles y Planchas,13,,https://http2.mlstatic.com/D_Q_NP_2X_966632-MLC69537510626_052023-E.webp
2234,Tub Cuad Neg 100 x 3.0 MM,Perfiles y Planchas,13,,https://http2.mlstatic.com/D_Q_NP_2X_966632-MLC69537510626_052023-E.webp
2235,"Tub Cuad Neg 100 x 5,0 MM",Perfiles y Planchas,13,,https://http2.mlstatic.com/D_Q_NP_2X_966632-MLC69537510626_052023-E.webp
1526,Tub Rect Neg 20 x 10 X1.5 MM,Perfiles y Planchas,13,,https://http2.mlstatic.com/D_NP_2X_910850-MLC53282565834_012023-E.webp
1527,Tub Rect Neg 25 x 15 X1.5 MM,Perfiles y Planchas,13,,https://http2.mlstatic.com/D_NP_2X_910850-MLC53282565834_012023-E.webp
1546,Tub Rect Neg 100 x 50 X2.0 MM,Perfiles y Planchas,13,,https://http2.mlstatic.com/D_NP_2X_910850-MLC53282565834_012023-E.webp
1547,Tub Rect Neg 100 x 50 X3.0 MM,Perfiles y Planchas,13,,https://http2.mlstatic.com/D_NP_2X_910850-MLC53282565834_012023-E.webp
1548,Tub Rect Neg 150 x 50 X2.0 MM,Perfiles y Planchas,13,,https://http2.mlstatic.com/D_NP_2X_910850-MLC53282565834_012023-E.webp
1549,Tub Rect Neg 150 x 50 X3.0 MM,Perfiles y Planchas,13,,https://http2.mlstatic.com/D_NP_2X_910850-MLC53282565834_012023-E.webp
1550,"Tub Rect Neg 150x100x4,0mm",Perfiles y Planchas,13,,https://http2.mlstatic.com/D_NP_2X_910850-MLC53282565834_012023-E.webp
2236,Tub Rect Neg 20 x 10 X1.5 MM,Perfiles y Planchas,13,,https://http2.mlstatic.com/D_NP_2X_910850-MLC53282565834_012023-E.webp
2256,Tub Rect Neg 100 x 50 X2.0 MM,Perfiles y Planchas,13,,https://http2.mlstatic.com/D_NP_2X_910850-MLC53282565834_012023-E.webp
2257,Tub Rect Neg 100 x 50 X3.0 MM,Perfiles y Planchas,13,,https://http2.mlstatic.com/D_NP_2X_910850-MLC53282565834_012023-E.webp
2258,Tub Rect Neg 150 x 50 X2.0 MM,Perfiles y Planchas,13,,https://http2.mlstatic.com/D_NP_2X_910850-MLC53282565834_012023-E.webp
2259,Tub Rect Neg 150 x 50 X3.0 MM,Perfiles y Planchas,13,,https://http2.mlstatic.com/D_NP_2X_910850-MLC53282565834_012023-E.webp
2260,"Tub Rect Neg 150x100x4,0mm",Perfiles y Planchas,13,,https://http2.mlstatic.com/D_NP_2X_910850-MLC53282565834_012023-E.webp
1203,Remache 4.0x14,Fijaciones,12,,https://http2.mlstatic.com/D_Q_NP_2X_615343-MLA95596910263_102025-E.webp
1204,Remache 4.0x15,Fijaciones,12,,https://http2.mlstatic.com/D_Q_NP_2X_615343-MLA95596910263_102025-E.webp
1205,Remache 4.0x19,Fijaciones,12,,https://http2.mlstatic.com/D_Q_NP_2X_615343-MLA95596910263_102025-E.webp
1206,Remache 4.0x22mm,Fijaciones,12,,https://http2.mlstatic.com/D_Q_NP_2X_615343-MLA95596910263_102025-E.webp
1207,Remache 4.8x20mm,Fijaciones,12,,https://http2.mlstatic.com/D_Q_NP_2X_615343-MLA95596910263_102025-E.webp
1208,Remache 4.8x25,Fijaciones,12,,https://http2.mlstatic.com/D_Q_NP_2X_615343-MLA95596910263_102025-E.webp
1209,Remache 4x8,Fijaciones,12,,https://http2.mlstatic.com/D_Q_NP_2X_615343-MLA95596910263_102025-E.webp
1904,Remache 4.0x14,Fijaciones,12,,https://http2.mlstatic.com/D_Q_NP_2X_615343-MLA95596910263_102025-E.webp
1905,Remache 4.0x15,Fijaciones,12,,https://http2.mlstatic.com/D_Q_NP_2X_615343-MLA95596910263_102025-E.webp
1907,Remache 4.0x22mm,Fijaciones,12,,https://http2.mlstatic.com/D_Q_NP_2X_615343-MLA95596910263_102025-E.webp
1908,Remache 4.8x20mm,Fijaciones,12,,https://http2.mlstatic.com/D_Q_NP_2X_615343-MLA95596910263_102025-E.webp
1909,Remache 4.8x25,Fijaciones,12,,https://http2.mlstatic.com/D_Q_NP_2X_615343-MLA95596910263_102025-E.webp
1486,Torn VOLCANITA Zincado 6x1 1/4 100un,Fijaciones,12,volcan,https://http2.mlstatic.com/D_Q_NP_2X_665539-MLA99870245617_112025-E.webp
1487,"Torn VOLCANITA Zincado 6x1"" 100un",Fijaciones,12,volcan,https://http2.mlstatic.com/D_Q_NP_2X_665539-MLA99870245617_112025-E.webp
1488,"Torn VOLCANITA Zincado 6x1.5/8"" 100un",Fijaciones,12,volcan,https://http2.mlstatic.com/D_Q_NP_2X_665539-MLA99870245617_112025-E.webp
1489,"Torn VOLCANITA Zincado 6x2"" 100un",Fijaciones,12,volcan,https://http2.mlstatic.com/D_Q_NP_2X_665539-MLA99870245617_112025-E.webp
1490,"Torn VOLCANITA Zincado 6x3/4"" 100un",Fijaciones,12,volcan,https://http2.mlstatic.com/D_Q_NP_2X_665539-MLA99870245617_112025-E.webp
1497,Tornillo VOLCANITA 8x4,Fijaciones,12,volcan,https://http2.mlstatic.com/D_Q_NP_2X_665539-MLA99870245617_112025-E.webp
2196,Torn VOLCANITA Zincado 6x1 1/4 100un,Fijaciones,12,volcan,https://http2.mlstatic.com/D_Q_NP_2X_665539-MLA99870245617_112025-E.webp
2197,"Torn VOLCANITA Zincado 6x1"" 100un",Fijaciones,12,volcan,https://http2.mlstatic.com/D_Q_NP_2X_665539-MLA99870245617_112025-E.webp
2198,"Torn VOLCANITA Zincado 6x1.5/8"" 100un",Fijaciones,12,volcan,https://http2.mlstatic.com/D_Q_NP_2X_665539-MLA99870245617_112025-E.webp
2199,"Torn VOLCANITA Zincado 6x2"" 100un",Fijaciones,12,volcan,https://http2.mlstatic.com/D_Q_NP_2X_665539-MLA99870245617_112025-E.webp
2200,"Torn VOLCANITA Zincado 6x3/4"" 100un",Fijaciones,12,volcan,https://http2.mlstatic.com/D_Q_NP_2X_665539-MLA99870245617_112025-E.webp
2207,Tornillo VOLCANITA 8x4,Fijaciones,12,volcan,https://http2.mlstatic.com/D_Q_NP_2X_665539-MLA99870245617_112025-E.webp
92,Amarra Cable 10cm Negro,Fijaciones,11,,https://http2.mlstatic.com/D_Q_NP_2X_783000-MLA103363159482_012026-E.webp
93,Amarra Cable 15cm Negro,Fijaciones,11,,https://http2.mlstatic.com/D_Q_NP_2X_783000-MLA103363159482_012026-E.webp
94,Amarra Cable 20cm Negro,Fijaciones,11,,https://http2.mlstatic.com/D_Q_NP_2X_783000-MLA103363159482_012026-E.webp
95,Amarra Cable 25cm Negro,Fijaciones,11,,https://http2.mlstatic.com/D_Q_NP_2X_783000-MLA103363159482_012026-E.webp
96,Amarra Cable/10cm Bolsa 100un Mec,Fijaciones,11,,https://http2.mlstatic.com/D_Q_NP_2X_783000-MLA103363159482_012026-E.webp
97,Amarra Plastica 4.8 x 300,Fijaciones,11,,https://http2.mlstatic.com/D_Q_NP_2X_783000-MLA103363159482_012026-E.webp
98,Amarra Plastica 4.8x350,Fijaciones,11,,https://http2.mlstatic.com/D_Q_NP_2X_783000-MLA103363159482_012026-E.webp
99,Amarra Plastica 4.8x400,Fijaciones,11,,https://http2.mlstatic.com/D_Q_NP_2X_783000-MLA103363159482_012026-E.webp
100,Amarra Plastica 7.2x500b,Fijaciones,11,,https://http2.mlstatic.com/D_Q_NP_2X_783000-MLA103363159482_012026-E.webp
1656,Amarra Cable 20cm Negro,Fijaciones,11,,https://http2.mlstatic.com/D_Q_NP_2X_783000-MLA103363159482_012026-E.webp
1658,Amarra Plastica 4.8x400,Fijaciones,11,,https://http2.mlstatic.com/D_Q_NP_2X_783000-MLA103363159482_012026-E.webp
122,Angulo Laminado 20x20 en 3mm x 6mts,Fierros Construccion,11,,https://http2.mlstatic.com/D_Q_NP_2X_822664-MLC75698277454_042024-E.webp
123,Angulo Laminado 25x25 en 3mm x 6mts,Fierros Construccion,11,,https://http2.mlstatic.com/D_Q_NP_2X_822664-MLC75698277454_042024-E.webp
124,Angulo Laminado 30x30 en 3mm x 6mts,Fierros Construccion,11,,https://http2.mlstatic.com/D_Q_NP_2X_822664-MLC75698277454_042024-E.webp
125,Angulo Laminado 30x30 en 5mm x 6mts,Fierros Construccion,11,,https://http2.mlstatic.com/D_Q_NP_2X_822664-MLC75698277454_042024-E.webp
126,Angulo Laminado 40x40 en 3mm x 6mts,Fierros Construccion,11,,https://http2.mlstatic.com/D_Q_NP_2X_822664-MLC75698277454_042024-E.webp
127,Angulo Laminado 40x40 en 5mm x 6mts,Fierros Construccion,11,,https://http2.mlstatic.com/D_Q_NP_2X_822664-MLC75698277454_042024-E.webp
128,Angulo Laminado 50x50 en 3mm x 6mts,Fierros Construccion,11,,https://http2.mlstatic.com/D_Q_NP_2X_822664-MLC75698277454_042024-E.webp
129,Angulo Laminado 50x50x5mm x 6mts,Fierros Construccion,11,,https://http2.mlstatic.com/D_Q_NP_2X_822664-MLC75698277454_042024-E.webp
130,Angulo Laminado 65x65x5mm x 6 Mts,Fierros Construccion,11,,https://http2.mlstatic.com/D_Q_NP_2X_822664-MLC75698277454_042024-E.webp
131,Angulo Laminado 65x65x6mm x 6mts,Fierros Construccion,11,,https://http2.mlstatic.com/D_Q_NP_2X_822664-MLC75698277454_042024-E.webp
1665,Angulo Laminado 40x40 en 3mm x 6mts,Fierros Construccion,11,,https://http2.mlstatic.com/D_Q_NP_2X_822664-MLC75698277454_042024-E.webp
46,Abrazadera Tipo Varilla en U Zincado M10x4in,Fijaciones,9,,https://http2.mlstatic.com/D_Q_NP_2X_663569-MLM90870118133_082025-E-2-piezas-de-pernos-en-u-para-montaje-en-tuberia-soporte-de.webp
47,Abrazadera Tipo Varilla en U Zincado M6x1in,Fijaciones,9,,https://http2.mlstatic.com/D_Q_NP_2X_663569-MLM90870118133_082025-E-2-piezas-de-pernos-en-u-para-montaje-en-tuberia-soporte-de.webp
48,"Abrazadera Tipo Varilla en U Zincado M8x1,1/2in",Fijaciones,9,,https://http2.mlstatic.com/D_Q_NP_2X_663569-MLM90870118133_082025-E-2-piezas-de-pernos-en-u-para-montaje-en-tuberia-soporte-de.webp
49,Abrazadera Tipo Varilla en U Zincado M8x2in,Fijaciones,9,,https://http2.mlstatic.com/D_Q_NP_2X_663569-MLM90870118133_082025-E-2-piezas-de-pernos-en-u-para-montaje-en-tuberia-soporte-de.webp
50,Abrazadera Tipo Varilla en U Zincado M8x3in,Fijaciones,9,,https://http2.mlstatic.com/D_Q_NP_2X_663569-MLM90870118133_082025-E-2-piezas-de-pernos-en-u-para-montaje-en-tuberia-soporte-de.webp
51,Abrazadera Tipo Varilla en U Zincado M6x1/2in,Fijaciones,9,,https://http2.mlstatic.com/D_Q_NP_2X_663569-MLM90870118133_082025-E-2-piezas-de-pernos-en-u-para-montaje-en-tuberia-soporte-de.webp
52,Abrazadera Tipo Varilla en U Zincado M6x3/4in,Fijaciones,9,,https://http2.mlstatic.com/D_Q_NP_2X_663569-MLM90870118133_082025-E-2-piezas-de-pernos-en-u-para-montaje-en-tuberia-soporte-de.webp
1642,"Abrazadera Tipo Varilla en U Zincado M8x1,1/2in",Fijaciones,9,,https://http2.mlstatic.com/D_Q_NP_2X_663569-MLM90870118133_082025-E-2-piezas-de-pernos-en-u-para-montaje-en-tuberia-soporte-de.webp
1643,Abrazadera Tipo Varilla en U Zincado M6x3/4in,Fijaciones,9,,https://http2.mlstatic.com/D_Q_NP_2X_663569-MLM90870118133_082025-E-2-piezas-de-pernos-en-u-para-montaje-en-tuberia-soporte-de.webp
206,Broca 3 Puntas para Madera W Max 11.0mm,Fijaciones,9,,https://http2.mlstatic.com/D_Q_NP_2X_980410-MLA96731413307_102025-E.webp
207,Broca 3 Puntas para Madera W Max 12.0mm,Fijaciones,9,,https://http2.mlstatic.com/D_Q_NP_2X_980410-MLA96731413307_102025-E.webp
208,Broca 3 Puntas para Madera W Max 3.0mm,Fijaciones,9,,https://http2.mlstatic.com/D_Q_NP_2X_980410-MLA96731413307_102025-E.webp
209,Broca 3 Puntas para Madera W Max 6.0mm,Fijaciones,9,,https://http2.mlstatic.com/D_Q_NP_2X_980410-MLA96731413307_102025-E.webp
210,Broca 3 Puntas para Madera W Max 7.0mm,Fijaciones,9,,https://http2.mlstatic.com/D_Q_NP_2X_980410-MLA96731413307_102025-E.webp
211,Broca 3 Puntas para Madera W Max 9.0mm,Fijaciones,9,,https://http2.mlstatic.com/D_Q_NP_2X_980410-MLA96731413307_102025-E.webp
212,Broca 3 Puntas para Madera W Max4.0mm,Fijaciones,9,,https://http2.mlstatic.com/D_Q_NP_2X_980410-MLA96731413307_102025-E.webp
1691,Broca 3 Puntas para Madera W Max 12.0mm,Fijaciones,9,,https://http2.mlstatic.com/D_Q_NP_2X_980410-MLA96731413307_102025-E.webp
1692,Broca 3 Puntas para Madera W Max 3.0mm,Fijaciones,9,,https://http2.mlstatic.com/D_Q_NP_2X_980410-MLA96731413307_102025-E.webp
266,"Brocha 1 1/2"" Condecora y Cobra",Pinturas,9,cobra,https://http2.mlstatic.com/D_Q_NP_2X_628505-MLA99991762449_112025-E.webp
267,"Brocha 1 1/2"" Estampa",Pinturas,9,cobra,https://http2.mlstatic.com/D_Q_NP_2X_628505-MLA99991762449_112025-E.webp
268,"Brocha 1"" Condecora y Cobra",Pinturas,9,cobra,https://http2.mlstatic.com/D_Q_NP_2X_628505-MLA99991762449_112025-E.webp
269,"Brocha 1"" Estampa",Pinturas,9,cobra,https://http2.mlstatic.com/D_Q_NP_2X_628505-MLA99991762449_112025-E.webp
270,"Brocha 1/2"" Condecora y Cobra",Pinturas,9,cobra,https://http2.mlstatic.com/D_Q_NP_2X_628505-MLA99991762449_112025-E.webp
271,"Brocha 1/2"" Estampa",Pinturas,9,cobra,https://http2.mlstatic.com/D_Q_NP_2X_628505-MLA99991762449_112025-E.webp
272,"Brocha 2 1/2"" Condecora y Cobra",Pinturas,9,cobra,https://http2.mlstatic.com/D_Q_NP_2X_628505-MLA99991762449_112025-E.webp
273,"Brocha 2 1/2"" Estampa",Pinturas,9,cobra,https://http2.mlstatic.com/D_Q_NP_2X_628505-MLA99991762449_112025-E.webp
1710,"Brocha 1 1/2"" Condecora y Cobra",Pinturas,9,cobra,https://http2.mlstatic.com/D_Q_NP_2X_628505-MLA99991762449_112025-E.webp
340,Cancamo Abierto #1,Fijaciones,9,,https://http2.mlstatic.com/D_Q_NP_2X_770896-MLC81053334891_112024-E.webp
341,Cancamo Abierto #5,Fijaciones,9,,https://http2.mlstatic.com/D_Q_NP_2X_770896-MLC81053334891_112024-E.webp
342,Cancamo Abierto N 0,Fijaciones,9,,https://http2.mlstatic.com/D_Q_NP_2X_770896-MLC81053334891_112024-E.webp
343,Cancamo Abierto N 1,Fijaciones,9,,https://http2.mlstatic.com/D_Q_NP_2X_770896-MLC81053334891_112024-E.webp
344,Cancamo Abierto N 3,Fijaciones,9,,https://http2.mlstatic.com/D_Q_NP_2X_770896-MLC81053334891_112024-E.webp
345,Cancamo Abierto N 5,Fijaciones,9,,https://http2.mlstatic.com/D_Q_NP_2X_770896-MLC81053334891_112024-E.webp
346,Cancamo Abierto N 7,Fijaciones,9,,https://http2.mlstatic.com/D_Q_NP_2X_770896-MLC81053334891_112024-E.webp
347,Cancamo Abierto N 9,Fijaciones,9,,https://http2.mlstatic.com/D_Q_NP_2X_770896-MLC81053334891_112024-E.webp
1734,Cancamo Abierto N 3,Fijaciones,9,,https://http2.mlstatic.com/D_Q_NP_2X_770896-MLC81053334891_112024-E.webp
447,"Clavo a Polvora 1"" (Sds) Molina",Fijaciones,9,,https://http2.mlstatic.com/D_Q_NP_2X_662576-MLA95239328419_102025-E.webp
448,"Clavo a Polvora 1.5"" (Sds) Molina",Fijaciones,9,,https://http2.mlstatic.com/D_Q_NP_2X_662576-MLA95239328419_102025-E.webp
449,"Clavo a Polvora 2"" (Sds) Molina",Fijaciones,9,,https://http2.mlstatic.com/D_Q_NP_2X_662576-MLA95239328419_102025-E.webp
450,"Clavo a Polvora 2.5"" (Sds) Molina",Fijaciones,9,,https://http2.mlstatic.com/D_Q_NP_2X_662576-MLA95239328419_102025-E.webp
451,"Clavo a Polvora 3"" (Sds) Molina",Fijaciones,9,,https://http2.mlstatic.com/D_Q_NP_2X_662576-MLA95239328419_102025-E.webp
452,Clavo SDS 1,Fijaciones,9,,https://http2.mlstatic.com/D_Q_NP_2X_662576-MLA95239328419_102025-E.webp
1769,"Clavo a Polvora 1"" (Sds) Molina",Fijaciones,9,,https://http2.mlstatic.com/D_Q_NP_2X_662576-MLA95239328419_102025-E.webp
1770,"Clavo a Polvora 1.5"" (Sds) Molina",Fijaciones,9,,https://http2.mlstatic.com/D_Q_NP_2X_662576-MLA95239328419_102025-E.webp
1771,Clavo SDS 1.5,Fijaciones,9,,https://http2.mlstatic.com/D_Q_NP_2X_662576-MLA95239328419_102025-E.webp
513,Costanera Negro 80x 40x 15x 2.0 MM,Perfiles y Planchas,9,,https://http2.mlstatic.com/D_Q_NP_2X_648618-MLC70296868014_072023-E.webp
514,Costanera Negro 80x 40x 15x 3.0 MM,Perfiles y Planchas,9,,https://http2.mlstatic.com/D_Q_NP_2X_648618-MLC70296868014_072023-E.webp
515,Costanera Negro 100x 50x 15x 2.0 MM,Perfiles y Planchas,9,,https://http2.mlstatic.com/D_Q_NP_2X_648618-MLC70296868014_072023-E.webp
516,Costanera Negro 100x 50x 15x 3.0 MM,Perfiles y Planchas,9,,https://http2.mlstatic.com/D_Q_NP_2X_648618-MLC70296868014_072023-E.webp
517,Costanera Negro 125x 50x 15x 2.0 MM,Perfiles y Planchas,9,,https://http2.mlstatic.com/D_Q_NP_2X_648618-MLC70296868014_072023-E.webp
518,Costanera Negro 125x 50x 15x 3.0 MM,Perfiles y Planchas,9,,https://http2.mlstatic.com/D_Q_NP_2X_648618-MLC70296868014_072023-E.webp
519,Costanera Negro 150x 50x 15x 2.0 MM,Perfiles y Planchas,9,,https://http2.mlstatic.com/D_Q_NP_2X_648618-MLC70296868014_072023-E.webp
520,Costanera Negro 150x 50x 15x 3.0 MM,Perfiles y Planchas,9,,https://http2.mlstatic.com/D_Q_NP_2X_648618-MLC70296868014_072023-E.webp
1790,Costanera Negro 80x 40x 15x 3.0 MM,Perfiles y Planchas,9,,https://http2.mlstatic.com/D_Q_NP_2X_648618-MLC70296868014_072023-E.webp
610,Escobilla Acero con M 70x180 6 Hilo,Jardin,9,,https://http2.mlstatic.com/D_Q_NP_2X_718752-MLA99492505536_112025-E.webp
611,Escobilla Bronce con Mango Plastico Uyu,Jardin,9,,https://http2.mlstatic.com/D_Q_NP_2X_718752-MLA99492505536_112025-E.webp
612,Escobilla Acero 6 Fila Rectangular 6x19,Jardin,9,,https://http2.mlstatic.com/D_Q_NP_2X_718752-MLA99492505536_112025-E.webp
613,"Escobilla Chimenea 4"" UYUS",Jardin,9,,https://http2.mlstatic.com/D_Q_NP_2X_718752-MLA99492505536_112025-E.webp
614,"Escobilla Chimenea 4.5"" UYUS",Jardin,9,,https://http2.mlstatic.com/D_Q_NP_2X_718752-MLA99492505536_112025-E.webp
615,"Escobilla Chimenea 5"" UYUS",Jardin,9,,https://http2.mlstatic.com/D_Q_NP_2X_718752-MLA99492505536_112025-E.webp
616,"Escobilla para Chimenea 5""",Jardin,9,,https://http2.mlstatic.com/D_Q_NP_2X_718752-MLA99492505536_112025-E.webp
1796,Escobilla Chimenea 4 UYUS,Jardin,9,,https://http2.mlstatic.com/D_Q_NP_2X_718752-MLA99492505536_112025-E.webp
1797,Escobilla Chimenea 4.5 UYUS,Jardin,9,,https://http2.mlstatic.com/D_Q_NP_2X_718752-MLA99492505536_112025-E.webp
851,Lija Madera Grano 100 A-257,Pinturas,9,,https://http2.mlstatic.com/D_Q_NP_2X_623470-MLA99606446504_122025-E.webp
852,Lija Madera Grano 120 A-257,Pinturas,9,,https://http2.mlstatic.com/D_Q_NP_2X_623470-MLA99606446504_122025-E.webp
853,Lija Madera Grano 150,Pinturas,9,,https://http2.mlstatic.com/D_Q_NP_2X_623470-MLA99606446504_122025-E.webp
854,Lija Madera Grano 180,Pinturas,9,,https://http2.mlstatic.com/D_Q_NP_2X_623470-MLA99606446504_122025-E.webp
855,Lija Madera Grano 220,Pinturas,9,,https://http2.mlstatic.com/D_Q_NP_2X_623470-MLA99606446504_122025-E.webp
856,Lija Madera Grano 40,Pinturas,9,,https://http2.mlstatic.com/D_Q_NP_2X_623470-MLA99606446504_122025-E.webp
857,Lija Madera Grano 60,Pinturas,9,,https://http2.mlstatic.com/D_Q_NP_2X_623470-MLA99606446504_122025-E.webp
858,Lija Madera Grano 80 A-257,Pinturas,9,,https://http2.mlstatic.com/D_Q_NP_2X_623470-MLA99606446504_122025-E.webp
859,Lija Madera Grano 50,Pinturas,9,,https://http2.mlstatic.com/D_Q_NP_2X_623470-MLA99606446504_122025-E.webp
1043,Perno Ancl 5 1/6 x 4,Fijaciones,9,,https://http2.mlstatic.com/D_Q_NP_2X_996283-MLA95679328732_102025-E.webp
1044,Perno Ancl 5 1/6x41/4,Fijaciones,9,,https://http2.mlstatic.com/D_Q_NP_2X_996283-MLA95679328732_102025-E.webp
1045,Perno Anclaje 3/8x3,Fijaciones,9,,https://http2.mlstatic.com/D_Q_NP_2X_996283-MLA95679328732_102025-E.webp
1046,Perno Anclaje 3/8x3 1/2,Fijaciones,9,,https://http2.mlstatic.com/D_Q_NP_2X_996283-MLA95679328732_102025-E.webp
1047,Perno Anclaje 3/8x3 3/4,Fijaciones,9,,https://http2.mlstatic.com/D_Q_NP_2X_996283-MLA95679328732_102025-E.webp
1048,Perno Anclaje 3/8x4,Fijaciones,9,,https://http2.mlstatic.com/D_Q_NP_2X_996283-MLA95679328732_102025-E.webp
1049,Perno Anclaje 3/8x41/4,Fijaciones,9,,https://http2.mlstatic.com/D_Q_NP_2X_996283-MLA95679328732_102025-E.webp
1050,Perno Anclaje 5/16x 2.3/4,Fijaciones,9,,https://http2.mlstatic.com/D_Q_NP_2X_996283-MLA95679328732_102025-E.webp
1051,Perno Anclaje 5/16x2,Fijaciones,9,,https://http2.mlstatic.com/D_Q_NP_2X_996283-MLA95679328732_102025-E.webp
1058,Perno Coche 1/4x2,Fijaciones,9,,https://http2.mlstatic.com/D_Q_NP_2X_629937-MLA96136067265_102025-E.webp
1059,Perno Coche 1/4x2. 1/2,Fijaciones,9,,https://http2.mlstatic.com/D_Q_NP_2X_629937-MLA96136067265_102025-E.webp
1060,Perno Coche 1/4x3,Fijaciones,9,,https://http2.mlstatic.com/D_Q_NP_2X_629937-MLA96136067265_102025-E.webp
1061,Perno Coche 5/16 x 1 1/4,Fijaciones,9,,https://http2.mlstatic.com/D_Q_NP_2X_629937-MLA96136067265_102025-E.webp
1062,Perno Coche 5/16 x 3,Fijaciones,9,,https://http2.mlstatic.com/D_Q_NP_2X_629937-MLA96136067265_102025-E.webp
1063,Perno Coche 5/16x1 1/2,Fijaciones,9,,https://http2.mlstatic.com/D_Q_NP_2X_629937-MLA96136067265_102025-E.webp
1064,Perno Coche 5/16x2,Fijaciones,9,,https://http2.mlstatic.com/D_Q_NP_2X_629937-MLA96136067265_102025-E.webp
1065,Perno Coche 5/16x2 1/2,Fijaciones,9,,https://http2.mlstatic.com/D_Q_NP_2X_629937-MLA96136067265_102025-E.webp
1066,Perno Coche Negro 5/16x3,Fijaciones,9,,https://http2.mlstatic.com/D_Q_NP_2X_629937-MLA96136067265_102025-E.webp
1480,"Torn VOLCANITA Pb 6x1.1/4"" 100un",Fijaciones,9,volcan,https://http2.mlstatic.com/D_Q_NP_2X_924954-MLA93504653159_092025-E.webp
1481,"Torn VOLCANITA Pb 6x1.5/8"" 100un",Fijaciones,9,volcan,https://http2.mlstatic.com/D_Q_NP_2X_924954-MLA93504653159_092025-E.webp
1482,"Torn VOLCANITA Pb 6x2"" 100un",Fijaciones,9,volcan,https://http2.mlstatic.com/D_Q_NP_2X_924954-MLA93504653159_092025-E.webp
1483,"Torn VOLCANITA Pb 6x2"" 100un",Fijaciones,9,volcan,https://http2.mlstatic.com/D_Q_NP_2X_924954-MLA93504653159_092025-E.webp
2190,"Torn VOLCANITA Pb 6x1.1/4"" 100un",Fijaciones,9,volcan,https://http2.mlstatic.com/D_Q_NP_2X_924954-MLA93504653159_092025-E.webp
2191,"Torn VOLCANITA Pb 6x1.5/8"" 100un",Fijaciones,9,volcan,https://http2.mlstatic.com/D_Q_NP_2X_924954-MLA93504653159_092025-E.webp
2192,"Torn VOLCANITA Pb 6x2"" 100un",Fijaciones,9,volcan,https://http2.mlstatic.com/D_Q_NP_2X_924954-MLA93504653159_092025-E.webp
2193,"Torn VOLCANITA Pb 6x2"" 100un",Fijaciones,9,volcan,https://http2.mlstatic.com/D_Q_NP_2X_924954-MLA93504653159_092025-E.webp
2194,Torn VOLCANITA Pb Zincado 6 x 3 x 100un,Fijaciones,9,volcan,https://http2.mlstatic.com/D_Q_NP_2X_924954-MLA93504653159_092025-E.webp
319,Canal Negro 40 x 20 x 2.0 MM,Perfiles y Planchas,8,,https://http2.mlstatic.com/D_Q_NP_2X_736722-MLC80053839750_102024-E.webp
320,Canal Negro 50 x 25 x 2.0 MM,Perfiles y Planchas,8,,https://http2.mlstatic.com/D_Q_NP_2X_736722-MLC80053839750_102024-E.webp
321,Canal Negro 50 x 25 x 3.0 MM,Perfiles y Planchas,8,,https://http2.mlstatic.com/D_Q_NP_2X_736722-MLC80053839750_102024-E.webp
322,Canal Negro 80 x 40 x 2.0 MM,Perfiles y Planchas,8,,https://http2.mlstatic.com/D_Q_NP_2X_736722-MLC80053839750_102024-E.webp
323,Canal Negro 80 x 40 x 3.0 MM,Perfiles y Planchas,8,,https://http2.mlstatic.com/D_Q_NP_2X_736722-MLC80053839750_102024-E.webp
336,Canal Negro 200 x 50 x 4.0 MM,Perfiles y Planchas,8,,https://http2.mlstatic.com/D_Q_NP_2X_736722-MLC80053839750_102024-E.webp
337,Canal Negro 200 x 50 x 5.0 MM,Perfiles y Planchas,8,,https://http2.mlstatic.com/D_Q_NP_2X_736722-MLC80053839750_102024-E.webp
1733,Canal Negro 200 x 50 x 5.0 MM,Perfiles y Planchas,8,,https://http2.mlstatic.com/D_Q_NP_2X_736722-MLC80053839750_102024-E.webp
348,Cancamo Cerrado N 0,Fijaciones,8,,https://http2.mlstatic.com/D_Q_NP_2X_858692-MLC81068050955_112024-E.webp
349,Cancamo Cerrado N 0.0,Fijaciones,8,,https://http2.mlstatic.com/D_Q_NP_2X_858692-MLC81068050955_112024-E.webp
350,Cancamo Cerrado N 1,Fijaciones,8,,https://http2.mlstatic.com/D_Q_NP_2X_858692-MLC81068050955_112024-E.webp
351,Cancamo Cerrado N 3,Fijaciones,8,,https://http2.mlstatic.com/D_Q_NP_2X_858692-MLC81068050955_112024-E.webp
352,Cancamo Cerrado N 5,Fijaciones,8,,https://http2.mlstatic.com/D_Q_NP_2X_858692-MLC81068050955_112024-E.webp
353,Cancamo Cerrado N 7,Fijaciones,8,,https://http2.mlstatic.com/D_Q_NP_2X_858692-MLC81068050955_112024-E.webp
354,Cancamo Cerrado N 9,Fijaciones,8,,https://http2.mlstatic.com/D_Q_NP_2X_858692-MLC81068050955_112024-E.webp
1736,Cancamo Cerrado N 3,Fijaciones,8,,https://http2.mlstatic.com/D_Q_NP_2X_858692-MLC81068050955_112024-E.webp
1248,Rueda Porton con B 4 por Und,Quincalleria,8,,https://http2.mlstatic.com/D_Q_NP_2X_654043-MLC84788244316_052025-O.webp
1249,"Rueda Porton con Perno 2.5"" Un.",Quincalleria,8,,https://http2.mlstatic.com/D_Q_NP_2X_654043-MLC84788244316_052025-O.webp
1250,Rueda Porton con Perno 3 Unidad,Quincalleria,8,,https://http2.mlstatic.com/D_Q_NP_2X_654043-MLC84788244316_052025-O.webp
1251,Rueda Porton sin B 2 por Und,Quincalleria,8,,https://http2.mlstatic.com/D_Q_NP_2X_654043-MLC84788244316_052025-O.webp
1252,Rueda Porton sin B 4 ( Par),Quincalleria,8,,https://http2.mlstatic.com/D_Q_NP_2X_654043-MLC84788244316_052025-O.webp
1955,"Rueda Porton con Perno 2.5"" Un.",Quincalleria,8,,https://http2.mlstatic.com/D_Q_NP_2X_654043-MLC84788244316_052025-O.webp
1956,Rueda Porton con Perno 3 Unidad,Quincalleria,8,,https://http2.mlstatic.com/D_Q_NP_2X_654043-MLC84788244316_052025-O.webp
1959,"Ruedas con Perno 4"" (Par)",Quincalleria,8,,https://http2.mlstatic.com/D_Q_NP_2X_654043-MLC84788244316_052025-O.webp
1428,Terminal 20 x 1/2 Hidraulica He,Baño Cocina y Loggia,8,,https://http2.mlstatic.com/D_Q_NP_2X_946216-MLC84249537913_042025-E.webp
1429,Terminal 20 x 1/2 Hidraulica Hi,Baño Cocina y Loggia,8,,https://http2.mlstatic.com/D_Q_NP_2X_946216-MLC84249537913_042025-E.webp
1430,Terminal 25 x 3/4 Hidrahulica Hi,Baño Cocina y Loggia,8,,https://http2.mlstatic.com/D_Q_NP_2X_946216-MLC84249537913_042025-E.webp
1431,Terminal 25 x 3/4 Hidraulica He,Baño Cocina y Loggia,8,,https://http2.mlstatic.com/D_Q_NP_2X_946216-MLC84249537913_042025-E.webp
1432,Terminal PPR He So 20x1/2,Baño Cocina y Loggia,8,,https://http2.mlstatic.com/D_Q_NP_2X_946216-MLC84249537913_042025-E.webp
1433,Terminal PPR He So 25x3/4,Baño Cocina y Loggia,8,,https://http2.mlstatic.com/D_Q_NP_2X_946216-MLC84249537913_042025-E.webp
1434,Terminal PPR Hi So 20x1/2,Baño Cocina y Loggia,8,,https://http2.mlstatic.com/D_Q_NP_2X_946216-MLC84249537913_042025-E.webp
1435,Terminal PPR Hi So 25x3/4,Baño Cocina y Loggia,8,,https://http2.mlstatic.com/D_Q_NP_2X_946216-MLC84249537913_042025-E.webp
1439,"Tijera 9.75"" UYUS",Jardin,8,,https://http2.mlstatic.com/D_Q_NP_2X_782437-MLA99443401796_112025-E.webp
1440,Tijera Cocina 9180 KEATON,Jardin,8,,https://http2.mlstatic.com/D_Q_NP_2X_782437-MLA99443401796_112025-E.webp
1441,Tijera Corta Alambre (Keaton),Jardin,8,,https://http2.mlstatic.com/D_Q_NP_2X_782437-MLA99443401796_112025-E.webp
1442,Tijera Hojalatera 10 Recta,Jardin,8,,https://http2.mlstatic.com/D_Q_NP_2X_782437-MLA99443401796_112025-E.webp
1443,"Tijera Multiuso 8"" Display Importada",Jardin,8,,https://http2.mlstatic.com/D_Q_NP_2X_782437-MLA99443401796_112025-E.webp
1444,Tijera Pasto Mango Madera,Jardin,8,,https://http2.mlstatic.com/D_Q_NP_2X_782437-MLA99443401796_112025-E.webp
1445,"Tijera Podar Curva 8""",Jardin,8,,https://http2.mlstatic.com/D_Q_NP_2X_782437-MLA99443401796_112025-E.webp
2153,Tijera Pasto Mango Madera,Jardin,8,,https://http2.mlstatic.com/D_Q_NP_2X_782437-MLA99443401796_112025-E.webp
1472,Torn Pb con Lent Zincado 8x3/4 100un,Fijaciones,8,,https://http2.mlstatic.com/D_Q_NP_2X_977134-MLA100073884427_122025-E.webp
1473,Torn Pb con Lenteja Zincado 8x1 1/4 100un,Fijaciones,8,,https://http2.mlstatic.com/D_Q_NP_2X_977134-MLA100073884427_122025-E.webp
1474,Torn Pb con Lenteja Zincado 8x1 5/8 100un,Fijaciones,8,,https://http2.mlstatic.com/D_Q_NP_2X_977134-MLA100073884427_122025-E.webp
1475,"Torn Pb con Lenteja Zincado 8x1"" 100un",Fijaciones,8,,https://http2.mlstatic.com/D_Q_NP_2X_977134-MLA100073884427_122025-E.webp
2182,Torn Pb con Lent Zincado 8x3/4 100un,Fijaciones,8,,https://http2.mlstatic.com/D_Q_NP_2X_977134-MLA100073884427_122025-E.webp
2183,Torn Pb con Lenteja Zincado 8x1 1/4 100un,Fijaciones,8,,https://http2.mlstatic.com/D_Q_NP_2X_977134-MLA100073884427_122025-E.webp
2184,Torn Pb con Lenteja Zincado 8x1 5/8 100un,Fijaciones,8,,https://http2.mlstatic.com/D_Q_NP_2X_977134-MLA100073884427_122025-E.webp
2185,"Torn Pb con Lenteja Zincado 8x1"" 100un",Fijaciones,8,,https://http2.mlstatic.com/D_Q_NP_2X_977134-MLA100073884427_122025-E.webp
1476,Torn Pf con Lenteja Zincado 8x1 1/4 100un,Fijaciones,8,,https://http2.mlstatic.com/D_Q_NP_2X_615075-MLA100115279675_122025-E.webp
1477,"Torn Pf con Lenteja Zincado 8x1"" 100un",Fijaciones,8,,https://http2.mlstatic.com/D_Q_NP_2X_615075-MLA100115279675_122025-E.webp
1478,"Torn Pf con Lenteja Zincado 8x1/2"" 100un",Fijaciones,8,,https://http2.mlstatic.com/D_Q_NP_2X_615075-MLA100115279675_122025-E.webp
1479,"Torn Pf con Lenteja Zincado 8x3/4"" 100un",Fijaciones,8,,https://http2.mlstatic.com/D_Q_NP_2X_615075-MLA100115279675_122025-E.webp
2186,Torn Pf con Lenteja Zincado 8x1 1/4 100un,Fijaciones,8,,https://http2.mlstatic.com/D_Q_NP_2X_615075-MLA100115279675_122025-E.webp
2187,"Torn Pf con Lenteja Zincado 8x1"" 100un",Fijaciones,8,,https://http2.mlstatic.com/D_Q_NP_2X_615075-MLA100115279675_122025-E.webp
2188,"Torn Pf con Lenteja Zincado 8x1/2"" 100un",Fijaciones,8,,https://http2.mlstatic.com/D_Q_NP_2X_615075-MLA100115279675_122025-E.webp
2189,"Torn Pf con Lenteja Zincado 8x3/4"" 100un",Fijaciones,8,,https://http2.mlstatic.com/D_Q_NP_2X_615075-MLA100115279675_122025-E.webp
1620,"ZINCALUM 5v 0,35 X2500mm",Techumbre,8,,https://http2.mlstatic.com/D_Q_NP_2X_832440-MLC97111772875_112025-E.webp
1621,ZINCALUM 5v 0.35x2000mm,Techumbre,8,,https://http2.mlstatic.com/D_Q_NP_2X_832440-MLC97111772875_112025-E.webp
1622,ZINCALUM 5v 0.35x3000 MM,Techumbre,8,,https://http2.mlstatic.com/D_Q_NP_2X_832440-MLC97111772875_112025-E.webp
1623,ZINCALUM 5v0.35x3500mm,Techumbre,8,,https://http2.mlstatic.com/D_Q_NP_2X_832440-MLC97111772875_112025-E.webp
1624,"ZINCALUM Onda 0,35x2000mm",Techumbre,8,,https://http2.mlstatic.com/D_Q_NP_2X_832440-MLC97111772875_112025-E.webp
1625,"ZINCALUM Onda 0,35x2500mm",Techumbre,8,,https://http2.mlstatic.com/D_Q_NP_2X_832440-MLC97111772875_112025-E.webp
1626,ZINCALUM Onda 0.35x3000mm,Techumbre,8,,https://http2.mlstatic.com/D_Q_NP_2X_832440-MLC97111772875_112025-E.webp
1627,ZINCALUM Onda 0.35x3660mm,Techumbre,8,,https://http2.mlstatic.com/D_Q_NP_2X_832440-MLC97111772875_112025-E.webp
1842,"Oring 5,28x1,78",Fijaciones,8,,https://http2.mlstatic.com/D_Q_NP_2X_706201-MLM86334114660_062025-E.webp
1843,"Oring 5,7x1,9",Fijaciones,8,,https://http2.mlstatic.com/D_Q_NP_2X_706201-MLM86334114660_062025-E.webp
1844,"Oring 6,07x1,78",Fijaciones,8,,https://http2.mlstatic.com/D_Q_NP_2X_706201-MLM86334114660_062025-E.webp
1845,"Oring 7,2x1,9",Fijaciones,8,,https://http2.mlstatic.com/D_Q_NP_2X_706201-MLM86334114660_062025-E.webp
1846,"Oring 7,66x1,78",Fijaciones,8,,https://http2.mlstatic.com/D_Q_NP_2X_706201-MLM86334114660_062025-E.webp
1847,"Oring 8,9x1,9",Fijaciones,8,,https://http2.mlstatic.com/D_Q_NP_2X_706201-MLM86334114660_062025-E.webp
1848,"Oring 8,9x2,7",Fijaciones,8,,https://http2.mlstatic.com/D_Q_NP_2X_706201-MLM86334114660_062025-E.webp
1849,"Oring 9,25x1,78",Fijaciones,8,,https://http2.mlstatic.com/D_Q_NP_2X_706201-MLM86334114660_062025-E.webp
301,Cadena Eslabon Corto 5mmx61,Fijaciones,7,,https://http2.mlstatic.com/D_Q_NP_2X_953305-MLA100068389907_122025-E.webp
302,Cadena Eslabon Corto 6mmx61,Fijaciones,7,,https://http2.mlstatic.com/D_Q_NP_2X_953305-MLA100068389907_122025-E.webp
303,Cadena Eslabon Larga 5mm (3/16),Fijaciones,7,,https://http2.mlstatic.com/D_Q_NP_2X_953305-MLA100068389907_122025-E.webp
304,Cadena Eslaboncorto 8mmx30,Fijaciones,7,,https://http2.mlstatic.com/D_Q_NP_2X_953305-MLA100068389907_122025-E.webp
305,Cadena Galvanizada 3mm Eslabon Corto y Largo,Fijaciones,7,,https://http2.mlstatic.com/D_Q_NP_2X_953305-MLA100068389907_122025-E.webp
1720,Cadena Eslabon Corto 6mmx61,Fijaciones,7,,https://http2.mlstatic.com/D_Q_NP_2X_953305-MLA100068389907_122025-E.webp
1722,Cadena Galvanizada 3mm Eslabon Corto y Largo,Fijaciones,7,,https://http2.mlstatic.com/D_Q_NP_2X_953305-MLA100068389907_122025-E.webp
438,Clavo 1 1/2 ( 1 Kilo ),Fierros Construccion,7,,https://http2.mlstatic.com/D_Q_NP_2X_712600-MLA110983853914_052026-E.webp
439,Clavo 2 ( 1 Kilo ),Fierros Construccion,7,,https://http2.mlstatic.com/D_Q_NP_2X_712600-MLA110983853914_052026-E.webp
440,Clavo 2 1/2 ( 1 Kilo ),Fierros Construccion,7,,https://http2.mlstatic.com/D_Q_NP_2X_712600-MLA110983853914_052026-E.webp
441,Clavo 3 ( 1 Kilo ),Fierros Construccion,7,,https://http2.mlstatic.com/D_Q_NP_2X_712600-MLA110983853914_052026-E.webp
442,"Clavo 4"" ( 1 Kilo )",Fierros Construccion,7,,https://http2.mlstatic.com/D_Q_NP_2X_712600-MLA110983853914_052026-E.webp
443,"Clavo 5"" ( 1 Kilo )",Fierros Construccion,7,,https://http2.mlstatic.com/D_Q_NP_2X_712600-MLA110983853914_052026-E.webp
444,"Clavo 6"" ( 1 Kilo )",Fierros Construccion,7,,https://http2.mlstatic.com/D_Q_NP_2X_712600-MLA110983853914_052026-E.webp
627,"Escuadra Silla 1 1/2 "" Lioi",Fijaciones,7,lioi,https://http2.mlstatic.com/D_Q_NP_2X_985267-MLC88491042147_072025-E.webp
628,"Escuadra Silla 1"" Lioi",Fijaciones,7,lioi,https://http2.mlstatic.com/D_Q_NP_2X_985267-MLC88491042147_072025-E.webp
629,"Escuadra Silla 2 1/2"" Lioi",Fijaciones,7,lioi,https://http2.mlstatic.com/D_Q_NP_2X_985267-MLC88491042147_072025-E.webp
630,"Escuadra Silla 2"" Lioi",Fijaciones,7,lioi,https://http2.mlstatic.com/D_Q_NP_2X_985267-MLC88491042147_072025-E.webp
631,"Escuadra Silla 3 1/2"" Lioi",Fijaciones,7,lioi,https://http2.mlstatic.com/D_Q_NP_2X_985267-MLC88491042147_072025-E.webp
632,"Escuadra Silla 3"" Lioi",Fijaciones,7,lioi,https://http2.mlstatic.com/D_Q_NP_2X_985267-MLC88491042147_072025-E.webp
633,"Escuadra Silla 4"" Lioi",Fijaciones,7,lioi,https://http2.mlstatic.com/D_Q_NP_2X_985267-MLC88491042147_072025-E.webp
747,Guante Multiprotec Flex Gris T/9,Seguridad Industrial,7,,https://http2.mlstatic.com/D_Q_NP_2X_724833-MLC100871861657_122025-E-guante-multiproposito-flex-pu-pack-12-pares.webp
748,Guante Multiprotec Flex L-1000 T/10,Seguridad Industrial,7,,https://http2.mlstatic.com/D_Q_NP_2X_724833-MLC100871861657_122025-E-guante-multiproposito-flex-pu-pack-12-pares.webp
749,Guante Multiprotec Flex Naranjo T/8,Seguridad Industrial,7,,https://http2.mlstatic.com/D_Q_NP_2X_724833-MLC100871861657_122025-E-guante-multiproposito-flex-pu-pack-12-pares.webp
750,Guante Multiprotec Flex Naranjo T/9,Seguridad Industrial,7,,https://http2.mlstatic.com/D_Q_NP_2X_724833-MLC100871861657_122025-E-guante-multiproposito-flex-pu-pack-12-pares.webp
751,Guante Multiprotec Flex Negro T/10,Seguridad Industrial,7,,https://http2.mlstatic.com/D_Q_NP_2X_724833-MLC100871861657_122025-E-guante-multiproposito-flex-pu-pack-12-pares.webp
752,Guante Multiprotec Flex Negro T/7,Seguridad Industrial,7,,https://http2.mlstatic.com/D_Q_NP_2X_724833-MLC100871861657_122025-E-guante-multiproposito-flex-pu-pack-12-pares.webp
754,Guante Multiprotec-flex Azul T/8,Seguridad Industrial,7,,https://http2.mlstatic.com/D_Q_NP_2X_724833-MLC100871861657_122025-E-guante-multiproposito-flex-pu-pack-12-pares.webp
842,Lija de Fierro G180,Pinturas,7,,https://http2.mlstatic.com/D_Q_NP_2X_840757-MLA92185254868_092025-E.webp
843,Lija Fierro Grano 100 K-248,Pinturas,7,,https://http2.mlstatic.com/D_Q_NP_2X_840757-MLA92185254868_092025-E.webp
844,Lija Fierro Grano 120 K-248,Pinturas,7,,https://http2.mlstatic.com/D_Q_NP_2X_840757-MLA92185254868_092025-E.webp
845,Lija Fierro Grano 220,Pinturas,7,,https://http2.mlstatic.com/D_Q_NP_2X_840757-MLA92185254868_092025-E.webp
846,Lija Fierro Grano 40,Pinturas,7,,https://http2.mlstatic.com/D_Q_NP_2X_840757-MLA92185254868_092025-E.webp
847,Lija Fierro Grano 50 K-246,Pinturas,7,,https://http2.mlstatic.com/D_Q_NP_2X_840757-MLA92185254868_092025-E.webp
850,Lija Fierro G150,Pinturas,7,,https://http2.mlstatic.com/D_Q_NP_2X_840757-MLA92185254868_092025-E.webp
929,"Manguera Gas 1/2"" x 1 Metro",Jardin,7,,https://http2.mlstatic.com/D_Q_NP_2X_941601-MLA99482248156_112025-E.webp
930,Manguera Gas 3/8 x 1 Metro,Jardin,7,,https://http2.mlstatic.com/D_Q_NP_2X_941601-MLA99482248156_112025-E.webp
931,"Manguera Gas Goma 1,5 Mts",Jardin,7,,https://http2.mlstatic.com/D_Q_NP_2X_941601-MLA99482248156_112025-E.webp
932,Manguera Jardin Bicolor 1/2 x Metro,Jardin,7,,https://http2.mlstatic.com/D_Q_NP_2X_941601-MLA99482248156_112025-E.webp
933,Manguera Jardin Bicolor 3/4 x Metro,Jardin,7,,https://http2.mlstatic.com/D_Q_NP_2X_941601-MLA99482248156_112025-E.webp
934,Manguera Jardin Rollo 3/4 20mts,Jardin,7,,https://http2.mlstatic.com/D_Q_NP_2X_941601-MLA99482248156_112025-E.webp
935,Manguera Nivel 1/2 x 1mts,Jardin,7,,https://http2.mlstatic.com/D_Q_NP_2X_941601-MLA99482248156_112025-E.webp
968,Oleo Galon Azul Pac.bte Praga,Pinturas,7,praga,https://http2.mlstatic.com/D_Q_NP_2X_722410-MLA99937055429_112025-E.webp
969,Oleo Galon Blanco Bte Praga,Pinturas,7,praga,https://http2.mlstatic.com/D_Q_NP_2X_722410-MLA99937055429_112025-E.webp
970,Oleo Galon Calipso Bte Praga,Pinturas,7,praga,https://http2.mlstatic.com/D_Q_NP_2X_722410-MLA99937055429_112025-E.webp
971,Oleo Galon Celeste Bte Praga,Pinturas,7,praga,https://http2.mlstatic.com/D_Q_NP_2X_722410-MLA99937055429_112025-E.webp
972,Oleo Galon Ladrillo Bte Praga,Pinturas,7,praga,https://http2.mlstatic.com/D_Q_NP_2X_722410-MLA99937055429_112025-E.webp
973,Oleo Galon Marfil Bte Praga,Pinturas,7,praga,https://http2.mlstatic.com/D_Q_NP_2X_722410-MLA99937055429_112025-E.webp
974,Oleo Galon Negro Bte Praga,Pinturas,7,praga,https://http2.mlstatic.com/D_Q_NP_2X_722410-MLA99937055429_112025-E.webp
1109,Plancha Laminada en Caliente 1000x3000x2,Fierros Construccion,7,,https://http2.mlstatic.com/D_Q_NP_2X_760474-MLC91430230253_092025-E.webp
1110,Plancha Laminada en Caliente 1000x3000x2.5,Fierros Construccion,7,,https://http2.mlstatic.com/D_Q_NP_2X_760474-MLC91430230253_092025-E.webp
1111,Plancha Laminada en Caliente 1000x3000x3,Fierros Construccion,7,,https://http2.mlstatic.com/D_Q_NP_2X_760474-MLC91430230253_092025-E.webp
1112,Plancha Laminada en Caliente 1000x3000x4,Fierros Construccion,7,,https://http2.mlstatic.com/D_Q_NP_2X_760474-MLC91430230253_092025-E.webp
1113,Plancha Laminada en Caliente 1000x3000x5,Fierros Construccion,7,,https://http2.mlstatic.com/D_Q_NP_2X_760474-MLC91430230253_092025-E.webp
1114,Plancha Laminada en Caliente 1000x3000x6,Fierros Construccion,7,,https://http2.mlstatic.com/D_Q_NP_2X_760474-MLC91430230253_092025-E.webp
1115,Plancha Laminada en Caliente 1000x3000x8,Fierros Construccion,7,,https://http2.mlstatic.com/D_Q_NP_2X_760474-MLC91430230253_092025-E.webp
1199,"Remachadora 10"" Tolmat",Fijaciones,7,tolmat,https://http2.mlstatic.com/D_Q_NP_2X_679976-MLA98961962238_112025-E.webp
1200,Remachadora 10.5 (Roy),Fijaciones,7,tolmat,https://http2.mlstatic.com/D_Q_NP_2X_679976-MLA98961962238_112025-E.webp
1201,Remachadora 9.5 (Roy),Fijaciones,7,tolmat,https://http2.mlstatic.com/D_Q_NP_2X_679976-MLA98961962238_112025-E.webp
1202,Remachadora Uyustool,Fijaciones,7,tolmat,https://http2.mlstatic.com/D_Q_NP_2X_679976-MLA98961962238_112025-E.webp
1900,"Remachadora 10"" Tolmat",Fijaciones,7,tolmat,https://http2.mlstatic.com/D_Q_NP_2X_679976-MLA98961962238_112025-E.webp
1901,Remachadora 10.5 (Roy),Fijaciones,7,tolmat,https://http2.mlstatic.com/D_Q_NP_2X_679976-MLA98961962238_112025-E.webp
1902,Remachadora 9.5 (Roy),Fijaciones,7,tolmat,https://http2.mlstatic.com/D_Q_NP_2X_679976-MLA98961962238_112025-E.webp
1236,"Rueda con Base 2 1/2"" (60mm) por Und",Quincalleria,7,,https://http2.mlstatic.com/D_Q_NP_2X_993675-CBT109768731634_042026-O.webp
1237,"Rueda con Base 2"" (50mm) por Und",Quincalleria,7,,https://http2.mlstatic.com/D_Q_NP_2X_993675-CBT109768731634_042026-O.webp
1238,"Rueda con Base 3 1/2"" (90mm) por Und",Quincalleria,7,,https://http2.mlstatic.com/D_Q_NP_2X_993675-CBT109768731634_042026-O.webp
1239,"Rueda con Base 3"" (70mm) por Und",Quincalleria,7,,https://http2.mlstatic.com/D_Q_NP_2X_993675-CBT109768731634_042026-O.webp
1941,"Rueda con Base 2 1/2"" (60mm) por Und",Quincalleria,7,,https://http2.mlstatic.com/D_Q_NP_2X_993675-CBT109768731634_042026-O.webp
1942,"Rueda con Base 2"" (50mm) por Und",Quincalleria,7,,https://http2.mlstatic.com/D_Q_NP_2X_993675-CBT109768731634_042026-O.webp
1945,Rueda con Base 4 por Und,Quincalleria,7,,https://http2.mlstatic.com/D_Q_NP_2X_993675-CBT109768731634_042026-O.webp
1242,"Rueda Goma con Base Giratoria 2 1/2"" x Und",Quincalleria,7,,https://http2.mlstatic.com/D_Q_NP_2X_966231-MLC70024806874_062023-O.webp
1243,"Rueda Goma con Base Giratoria 2"" x Und",Quincalleria,7,,https://http2.mlstatic.com/D_Q_NP_2X_966231-MLC70024806874_062023-O.webp
1244,"Rueda Goma con Base Giratoria 3"" x Und",Quincalleria,7,,https://http2.mlstatic.com/D_Q_NP_2X_966231-MLC70024806874_062023-O.webp
1245,"Rueda Goma con Base Giratoria 4"" x Und",Quincalleria,7,,https://http2.mlstatic.com/D_Q_NP_2X_966231-MLC70024806874_062023-O.webp
1246,"Rueda Goma con Base Giratoria 5"" x Und",Quincalleria,7,,https://http2.mlstatic.com/D_Q_NP_2X_966231-MLC70024806874_062023-O.webp
1253,"Ruedas con Base 4"" (Par)",Quincalleria,7,,https://http2.mlstatic.com/D_Q_NP_2X_966231-MLC70024806874_062023-O.webp
1949,"Rueda Goma con Base Giratoria 2"" x Und",Quincalleria,7,,https://http2.mlstatic.com/D_Q_NP_2X_966231-MLC70024806874_062023-O.webp
1294,Sierra Copa 16mm,Herramientas y Maq,7,,https://http2.mlstatic.com/D_851604-MLC48121750256_112021-O.jpg
1295,Sierra Copa 22mm,Herramientas y Maq,7,,https://http2.mlstatic.com/D_851604-MLC48121750256_112021-O.jpg
1296,Sierra Copa 32mm,Herramientas y Maq,7,,https://http2.mlstatic.com/D_851604-MLC48121750256_112021-O.jpg
1297,Sierra Copa 44mm,Herramientas y Maq,7,,https://http2.mlstatic.com/D_851604-MLC48121750256_112021-O.jpg
1298,Sierra Copa 54mm,Herramientas y Maq,7,,https://http2.mlstatic.com/D_851604-MLC48121750256_112021-O.jpg
1299,Sierra Copa 64mm,Herramientas y Maq,7,,https://http2.mlstatic.com/D_851604-MLC48121750256_112021-O.jpg
1300,Sierra Plegable KEATON,Herramientas y Maq,7,,https://http2.mlstatic.com/D_851604-MLC48121750256_112021-O.jpg
1461,Tor Aut.perfil Pb Zincado 1.1/4 100un,Fijaciones,7,,https://http2.mlstatic.com/D_Q_NP_2X_686222-MLA95839209479_102025-E.webp
1462,"Tor Aut.perfil Pb Zincado 12x1"" 100un",Fijaciones,7,,https://http2.mlstatic.com/D_Q_NP_2X_686222-MLA95839209479_102025-E.webp
1463,Tor Aut.perfil Pb Zincado 12x1.1/2 100un,Fijaciones,7,,https://http2.mlstatic.com/D_Q_NP_2X_686222-MLA95839209479_102025-E.webp
2171,Tor Aut.perfil Pb Zincado 1.1/4 100un,Fijaciones,7,,https://http2.mlstatic.com/D_Q_NP_2X_686222-MLA95839209479_102025-E.webp
2172,"Tor Aut.perfil Pb Zincado 12x1"" 100un",Fijaciones,7,,https://http2.mlstatic.com/D_Q_NP_2X_686222-MLA95839209479_102025-E.webp
2173,Tor Aut.perfil Pb Zincado 12x1.1/2 100un,Fijaciones,7,,https://http2.mlstatic.com/D_Q_NP_2X_686222-MLA95839209479_102025-E.webp
2174,Tor Aut.perfil Pb Zincado 12x2 100un,Fijaciones,7,,https://http2.mlstatic.com/D_Q_NP_2X_686222-MLA95839209479_102025-E.webp
23,Abrazadera de Fijacion Tubos con Correas B15mm-d10mm,Fijaciones,6,,https://http2.mlstatic.com/D_Q_NP_2X_655587-MLC110711282894_052026-E.webp
24,Abrazadera de Fijacion Tubos con Correas B15mm-d14mm,Fijaciones,6,,https://http2.mlstatic.com/D_Q_NP_2X_655587-MLC110711282894_052026-E.webp
25,Abrazadera de Fijacion Tubos con Correas B15mm-d16mm,Fijaciones,6,,https://http2.mlstatic.com/D_Q_NP_2X_655587-MLC110711282894_052026-E.webp
26,Abrazadera de Fijacion Tubos con Correas B15mm-d18mm,Fijaciones,6,,https://http2.mlstatic.com/D_Q_NP_2X_655587-MLC110711282894_052026-E.webp
27,Abrazadera de Fijacion Tubos con Correas B20mm-d15mm,Fijaciones,6,,https://http2.mlstatic.com/D_Q_NP_2X_655587-MLC110711282894_052026-E.webp
28,Abrazadera Electrica 20mm Naranja,Fijaciones,6,,https://http2.mlstatic.com/D_Q_NP_2X_655587-MLC110711282894_052026-E.webp
192,"Bisagra L38 2"" Lioi Acero Zincado con T Doble Pivote 2u",Fijaciones,6,lioi,https://http2.mlstatic.com/D_Q_NP_2X_947232-MLA110049852164_042026-E.webp
193,Bisagra L38 21/2 Acero Zincado con T Doble Pivote 2u,Fijaciones,6,lioi,https://http2.mlstatic.com/D_Q_NP_2X_947232-MLA110049852164_042026-E.webp
194,"Bisagra L38 31/2"" Lioi Acero Zincado con T Doble Pivote 2un",Fijaciones,6,lioi,https://http2.mlstatic.com/D_Q_NP_2X_947232-MLA110049852164_042026-E.webp
195,"Bisagra L38 4"" Acero Zincado con T Doble Pivote 2 U",Fijaciones,6,lioi,https://http2.mlstatic.com/D_Q_NP_2X_947232-MLA110049852164_042026-E.webp
196,Bisagra L38 Lioi 11/2 Acero Zincado con T Doble Pivote 2u,Fijaciones,6,lioi,https://http2.mlstatic.com/D_Q_NP_2X_947232-MLA110049852164_042026-E.webp
1686,"Bisagra L38 31/2"" Lioi Acero Zincado con T Doble Pivote 2un",Fijaciones,6,lioi,https://http2.mlstatic.com/D_Q_NP_2X_947232-MLA110049852164_042026-E.webp
368,Casco con Arnes Plastico Amarillo,Seguridad Industrial,6,,https://http2.mlstatic.com/D_Q_NP_2X_709668-MLA99988533469_112025-E.webp
369,Casco con Arnes Plastico Blanco,Seguridad Industrial,6,,https://http2.mlstatic.com/D_Q_NP_2X_709668-MLA99988533469_112025-E.webp
370,Casco con Arnes Plastico Amarillo,Seguridad Industrial,6,,https://http2.mlstatic.com/D_Q_NP_2X_709668-MLA99988533469_112025-E.webp
371,Casco con Arnes Plastico Gris,Seguridad Industrial,6,,https://http2.mlstatic.com/D_Q_NP_2X_709668-MLA99988533469_112025-E.webp
372,Casco con Arnes Plastico Naranjo,Seguridad Industrial,6,,https://http2.mlstatic.com/D_Q_NP_2X_709668-MLA99988533469_112025-E.webp
373,Casco con Arnes Rojo,Seguridad Industrial,6,,https://http2.mlstatic.com/D_Q_NP_2X_709668-MLA99988533469_112025-E.webp
401,Chaleco Geologo Naranjo Talla L,Seguridad Industrial,6,,https://http2.mlstatic.com/D_Q_NP_2X_656985-MLC78657983040_092024-E.webp
402,Chaleco Geologo Naranjo Talla M,Seguridad Industrial,6,,https://http2.mlstatic.com/D_Q_NP_2X_656985-MLC78657983040_092024-E.webp
403,Chaleco Geologo Naranjo Talla XL,Seguridad Industrial,6,,https://http2.mlstatic.com/D_Q_NP_2X_656985-MLC78657983040_092024-E.webp
404,Chaleco Geologo Naranjo Talla XXL,Seguridad Industrial,6,,https://http2.mlstatic.com/D_Q_NP_2X_656985-MLC78657983040_092024-E.webp
1755,Chaleco Geologo Naranjo Talla M,Seguridad Industrial,6,,https://http2.mlstatic.com/D_Q_NP_2X_656985-MLC78657983040_092024-E.webp
1756,Chaleco Geologo Naranjo Talla XL,Seguridad Industrial,6,,https://http2.mlstatic.com/D_Q_NP_2X_656985-MLC78657983040_092024-E.webp
405,Chaleco Geologo Rojo Talla L,Seguridad Industrial,6,,https://http2.mlstatic.com/D_Q_NP_2X_904775-MLC78657866720_092024-E.webp
406,Chaleco Geologo Rojo Talla M,Seguridad Industrial,6,,https://http2.mlstatic.com/D_Q_NP_2X_904775-MLC78657866720_092024-E.webp
407,Chaleco Geologo Rojo Talla S,Seguridad Industrial,6,,https://http2.mlstatic.com/D_Q_NP_2X_904775-MLC78657866720_092024-E.webp
408,Chaleco Geologo Rojo Talla XL,Seguridad Industrial,6,,https://http2.mlstatic.com/D_Q_NP_2X_904775-MLC78657866720_092024-E.webp
409,Chaleco Geologo Rojo Talla XXL,Seguridad Industrial,6,,https://http2.mlstatic.com/D_Q_NP_2X_904775-MLC78657866720_092024-E.webp
1757,Chaleco Geologo Rojo Talla XL,Seguridad Industrial,6,,https://http2.mlstatic.com/D_Q_NP_2X_904775-MLC78657866720_092024-E.webp
533,Destorcedor 1/4 Truper,Herramientas y Maq,6,truper,https://http2.mlstatic.com/D_Q_NP_2X_684480-MLU73695900095_122023-E.webp
534,Destorcedor 1/8 Truper,Herramientas y Maq,6,truper,https://http2.mlstatic.com/D_Q_NP_2X_684480-MLU73695900095_122023-E.webp
535,Destorcedor 3/16 Truper,Herramientas y Maq,6,truper,https://http2.mlstatic.com/D_Q_NP_2X_684480-MLU73695900095_122023-E.webp
537,Destorcedor 5/16 Truper,Herramientas y Maq,6,truper,https://http2.mlstatic.com/D_Q_NP_2X_684480-MLU73695900095_122023-E.webp
538,Destorcedor 5/32 Truper,Herramientas y Maq,6,truper,https://http2.mlstatic.com/D_Q_NP_2X_684480-MLU73695900095_122023-E.webp
1793,Destorcedor 3/16 Truper,Herramientas y Maq,6,truper,https://http2.mlstatic.com/D_Q_NP_2X_684480-MLU73695900095_122023-E.webp
571,Disco Flap Metal 100 Grano,Herramientas y Maq,6,,https://http2.mlstatic.com/D_Q_NP_2X_913562-MLA106117400476_022026-E.webp
572,Disco Flap Metal 120 Grano,Herramientas y Maq,6,,https://http2.mlstatic.com/D_Q_NP_2X_913562-MLA106117400476_022026-E.webp
573,Disco Flap Metal Grano 120,Herramientas y Maq,6,,https://http2.mlstatic.com/D_Q_NP_2X_913562-MLA106117400476_022026-E.webp
574,Disco Flap Metal Grano 40,Herramientas y Maq,6,,https://http2.mlstatic.com/D_Q_NP_2X_913562-MLA106117400476_022026-E.webp
575,Disco Flap Metal Grano 60,Herramientas y Maq,6,,https://http2.mlstatic.com/D_Q_NP_2X_913562-MLA106117400476_022026-E.webp
576,Disco Flap Metal Grano 80,Herramientas y Maq,6,,https://http2.mlstatic.com/D_Q_NP_2X_913562-MLA106117400476_022026-E.webp
667,Fierro Estriado A63 18 MM x 6.0 M,Fierros Construccion,6,,https://http2.mlstatic.com/D_Q_NP_2X_893993-MLC82290776861_022025-E.webp
669,Fierro Estriado A63 10 MM x 6.0 M,Fierros Construccion,6,,https://http2.mlstatic.com/D_Q_NP_2X_893993-MLC82290776861_022025-E.webp
670,Fierro Estriado A63 12 MM x 6.0 M,Fierros Construccion,6,,https://http2.mlstatic.com/D_Q_NP_2X_893993-MLC82290776861_022025-E.webp
671,Fierro Estriado A63 16 MM x 6.0 M,Fierros Construccion,6,,https://http2.mlstatic.com/D_Q_NP_2X_893993-MLC82290776861_022025-E.webp
672,Fierro Estriado A63 22 MM x 6.0 M,Fierros Construccion,6,,https://http2.mlstatic.com/D_Q_NP_2X_893993-MLC82290776861_022025-E.webp
675,Fierro A-63 18mm x 6 MT Estriado 1 - 99kg,Fierros Construccion,6,,https://http2.mlstatic.com/D_Q_NP_2X_893993-MLC82290776861_022025-E.webp
1037,Perfil Redondo Macizo 10mm x 6mt,Fierros Construccion,6,,https://http2.mlstatic.com/D_Q_NP_2X_910793-MLC82311568233_022025-E.webp
1038,Perfil Redondo Macizo 12mm x 6 MT,Fierros Construccion,6,,https://http2.mlstatic.com/D_Q_NP_2X_910793-MLC82311568233_022025-E.webp
1039,Perfil Redondo Macizo 16mm x 6mt,Fierros Construccion,6,,https://http2.mlstatic.com/D_Q_NP_2X_910793-MLC82311568233_022025-E.webp
1040,Perfil Redondo Macizo 19mm x 6mt,Fierros Construccion,6,,https://http2.mlstatic.com/D_Q_NP_2X_910793-MLC82311568233_022025-E.webp
1041,Perfil Redondo Macizo 22mm x 6mt,Fierros Construccion,6,,https://http2.mlstatic.com/D_Q_NP_2X_910793-MLC82311568233_022025-E.webp
1042,Perfil Redondo Macizo 8mm X6 MT,Fierros Construccion,6,,https://http2.mlstatic.com/D_Q_NP_2X_910793-MLC82311568233_022025-E.webp
1052,Perno Coche 1 /4x2 1/2,Fijaciones,6,,https://http2.mlstatic.com/D_Q_NP_2X_942788-MLA95407771724_102025-E.webp
1053,Perno Coche 1/4 x 3 1/2 Pulgada,Fijaciones,6,,https://http2.mlstatic.com/D_Q_NP_2X_942788-MLA95407771724_102025-E.webp
1054,Perno Coche 1/4x1,Fijaciones,6,,https://http2.mlstatic.com/D_Q_NP_2X_942788-MLA95407771724_102025-E.webp
1055,Perno Coche 1/4x1 1/2,Fijaciones,6,,https://http2.mlstatic.com/D_Q_NP_2X_942788-MLA95407771724_102025-E.webp
1056,Perno Coche 1/4x1 1/4 Pulgada,Fijaciones,6,,https://http2.mlstatic.com/D_Q_NP_2X_942788-MLA95407771724_102025-E.webp
1057,Perno Coche 1/4x1 Pulgada,Fijaciones,6,,https://http2.mlstatic.com/D_Q_NP_2X_942788-MLA95407771724_102025-E.webp
1146,Pomel (Par) 3/8,Quincalleria,6,elpro|lioi,https://http2.mlstatic.com/D_Q_NP_2X_870055-MLC71857884591_092023-O.webp
1147,Pomel 1 x 104mm 1 UN Lioi,Quincalleria,6,elpro|lioi,https://http2.mlstatic.com/D_Q_NP_2X_870055-MLC71857884591_092023-O.webp
1148,"Pomel 1"" (Par) Elproin",Quincalleria,6,elpro|lioi,https://http2.mlstatic.com/D_Q_NP_2X_870055-MLC71857884591_092023-O.webp
1149,Pomel 1/2 x 77mm 1 UN Lioi,Quincalleria,6,elpro|lioi,https://http2.mlstatic.com/D_Q_NP_2X_870055-MLC71857884591_092023-O.webp
1151,Pomel 3/4 x 95mm 1 UN Lioi,Quincalleria,6,elpro|lioi,https://http2.mlstatic.com/D_Q_NP_2X_870055-MLC71857884591_092023-O.webp
1152,Pomel 3/8 x 68mm 1 UN Lioi,Quincalleria,6,elpro|lioi,https://http2.mlstatic.com/D_Q_NP_2X_870055-MLC71857884591_092023-O.webp
1467,"Tor Aut.perfil Pf Zincado 10x1,1/2 100un",Fijaciones,6,,https://http2.mlstatic.com/D_Q_NP_2X_726987-MLC95099012121_102025-E.webp
1468,Tor Aut.perfil Pf Zincado 10x2.1/2 100un,Fijaciones,6,,https://http2.mlstatic.com/D_Q_NP_2X_726987-MLC95099012121_102025-E.webp
1469,Tor Aut.perfil Pf Zincado 10x3/4 100un,Fijaciones,6,,https://http2.mlstatic.com/D_Q_NP_2X_726987-MLC95099012121_102025-E.webp
2177,"Tor Aut.perfil Pf Zincado 10x1,1/2 100un",Fijaciones,6,,https://http2.mlstatic.com/D_Q_NP_2X_726987-MLC95099012121_102025-E.webp
2178,Tor Aut.perfil Pf Zincado 10x2.1/2 100un,Fijaciones,6,,https://http2.mlstatic.com/D_Q_NP_2X_726987-MLC95099012121_102025-E.webp
2179,Tor Aut.perfil Pf Zincado 10x3/4 100un,Fijaciones,6,,https://http2.mlstatic.com/D_Q_NP_2X_726987-MLC95099012121_102025-E.webp
1492,Tornillo Crs 1.5/8 (1000un),Fijaciones,6,,https://http2.mlstatic.com/D_Q_NP_2X_668244-MLA99571431464_122025-E.webp
1493,"Tornillo Crs 3"" (500un)",Fijaciones,6,,https://http2.mlstatic.com/D_Q_NP_2X_668244-MLA99571431464_122025-E.webp
1494,Tornillo Crs 8x3.1/2,Fijaciones,6,,https://http2.mlstatic.com/D_Q_NP_2X_668244-MLA99571431464_122025-E.webp
2202,Tornillo Crs 1.5/8 (1000un),Fijaciones,6,,https://http2.mlstatic.com/D_Q_NP_2X_668244-MLA99571431464_122025-E.webp
2203,"Tornillo Crs 3"" (500un)",Fijaciones,6,,https://http2.mlstatic.com/D_Q_NP_2X_668244-MLA99571431464_122025-E.webp
2204,Tornillo Crs 8x3.1/2,Fijaciones,6,,https://http2.mlstatic.com/D_Q_NP_2X_668244-MLA99571431464_122025-E.webp
1587,Union Americana 20mm,Fijaciones,6,,https://http2.mlstatic.com/D_Q_NP_2X_667009-MLC90358681772_082025-E.webp
1588,Union Americana 25mm,Fijaciones,6,,https://http2.mlstatic.com/D_Q_NP_2X_667009-MLC90358681772_082025-E.webp
1589,Union Americana 32mm,Fijaciones,6,,https://http2.mlstatic.com/D_Q_NP_2X_667009-MLC90358681772_082025-E.webp
2298,Union Americana 20mm,Fijaciones,6,,https://http2.mlstatic.com/D_Q_NP_2X_667009-MLC90358681772_082025-E.webp
2299,Union Americana 25mm,Fijaciones,6,,https://http2.mlstatic.com/D_Q_NP_2X_667009-MLC90358681772_082025-E.webp
2300,Union Americana 32mm,Fijaciones,6,,https://http2.mlstatic.com/D_Q_NP_2X_667009-MLC90358681772_082025-E.webp
141,Anticorrosivo Rojo Dideval 1/4 Galon,Pinturas,5,dideval|praga,https://http2.mlstatic.com/D_Q_NP_2X_699532-MLA101798840678_122025-E.webp
142,Anticorrosivo Rojo Dideval Galon,Pinturas,5,dideval|praga,https://http2.mlstatic.com/D_Q_NP_2X_699532-MLA101798840678_122025-E.webp
146,Antioxido 1/2 Litro Blanco Praga,Pinturas,5,dideval|praga,https://http2.mlstatic.com/D_Q_NP_2X_699532-MLA101798840678_122025-E.webp
147,Antioxido 1/2 Litro Rojo Praga,Pinturas,5,dideval|praga,https://http2.mlstatic.com/D_Q_NP_2X_699532-MLA101798840678_122025-E.webp
148,Antioxido Litro Blanco Praga,Pinturas,5,dideval|praga,https://http2.mlstatic.com/D_Q_NP_2X_699532-MLA101798840678_122025-E.webp
155,Atornillador Cr-v Ph1*100mm,Herramientas y Maq,5,,https://http2.mlstatic.com/D_Q_NP_2X_711091-MLC99664886556_122025-E.webp
156,Atornillador PH 2 x 38mm,Herramientas y Maq,5,,https://http2.mlstatic.com/D_Q_NP_2X_711091-MLC99664886556_122025-E.webp
157,Atornillador Ph0x75mm,Herramientas y Maq,5,,https://http2.mlstatic.com/D_Q_NP_2X_711091-MLC99664886556_122025-E.webp
158,Atornillador Ph1x100mm,Herramientas y Maq,5,,https://http2.mlstatic.com/D_Q_NP_2X_711091-MLC99664886556_122025-E.webp
159,Atornillador Ph2*150mm,Herramientas y Maq,5,,https://http2.mlstatic.com/D_Q_NP_2X_711091-MLC99664886556_122025-E.webp
166,Automatico 10 Amp Lexo,Electricidad e Iluminacion,5,,https://http2.mlstatic.com/D_Q_NP_2X_676601-MLA96507450007_102025-E.webp
167,Automatico 16 Amp Lexo,Electricidad e Iluminacion,5,,https://http2.mlstatic.com/D_Q_NP_2X_676601-MLA96507450007_102025-E.webp
168,Automatico 20 Amp Lexo,Electricidad e Iluminacion,5,,https://http2.mlstatic.com/D_Q_NP_2X_676601-MLA96507450007_102025-E.webp
169,Automatico 25 Amp Lexo,Electricidad e Iluminacion,5,,https://http2.mlstatic.com/D_Q_NP_2X_676601-MLA96507450007_102025-E.webp
170,Automatico 32 Amp Lexo,Electricidad e Iluminacion,5,,https://http2.mlstatic.com/D_Q_NP_2X_676601-MLA96507450007_102025-E.webp
183,Barra Roscada 1/2,Fierros Construccion,5,,https://http2.mlstatic.com/D_Q_NP_2X_948133-MLC93650002400_102025-E.webp
184,Barra Roscada 1/4,Fierros Construccion,5,,https://http2.mlstatic.com/D_Q_NP_2X_948133-MLC93650002400_102025-E.webp
185,Barra Roscada 3/4,Fierros Construccion,5,,https://http2.mlstatic.com/D_Q_NP_2X_948133-MLC93650002400_102025-E.webp
186,Barra Roscada 3/8,Fierros Construccion,5,,https://http2.mlstatic.com/D_Q_NP_2X_948133-MLC93650002400_102025-E.webp
187,Barra Roscada 5/8,Fierros Construccion,5,,https://http2.mlstatic.com/D_Q_NP_2X_948133-MLC93650002400_102025-E.webp
355,Candado 20mm Lioi,Cerraduras,5,lioi,https://http2.mlstatic.com/D_Q_NP_2X_859031-MLC93712881880_102025-E.webp
356,Candado 25mm Lioi,Cerraduras,5,lioi,https://http2.mlstatic.com/D_Q_NP_2X_859031-MLC93712881880_102025-E.webp
357,Candado 30mm Lioi,Cerraduras,5,lioi,https://http2.mlstatic.com/D_Q_NP_2X_859031-MLC93712881880_102025-E.webp
358,Candado 40mm Lioi,Cerraduras,5,lioi,https://http2.mlstatic.com/D_Q_NP_2X_859031-MLC93712881880_102025-E.webp
359,Candado 50mm Lioi,Cerraduras,5,lioi,https://http2.mlstatic.com/D_Q_NP_2X_859031-MLC93712881880_102025-E.webp
416,"Cinta Adhesiva Papel 1""",Pinturas,5,,https://http2.mlstatic.com/D_Q_NP_2X_960390-MLU70727281487_072023-E.webp
417,"Cinta Adhesiva Papel 2""",Pinturas,5,,https://http2.mlstatic.com/D_Q_NP_2X_960390-MLU70727281487_072023-E.webp
426,Cinta Enmascarar 24mm,Pinturas,5,,https://http2.mlstatic.com/D_Q_NP_2X_960390-MLU70727281487_072023-E.webp
427,Cinta Enmascarar 36mm Hela,Pinturas,5,,https://http2.mlstatic.com/D_Q_NP_2X_960390-MLU70727281487_072023-E.webp
428,Cinta Masking 48mm,Pinturas,5,,https://http2.mlstatic.com/D_Q_NP_2X_960390-MLU70727281487_072023-E.webp
453,Clavo SDS 1.5,Fijaciones,5,,https://http2.mlstatic.com/D_Q_NP_2X_821180-MLA96178005719_102025-E.webp
454,Clavo SDS 2,Fijaciones,5,,https://http2.mlstatic.com/D_Q_NP_2X_821180-MLA96178005719_102025-E.webp
455,Clavo SDS 2.5,Fijaciones,5,,https://http2.mlstatic.com/D_Q_NP_2X_821180-MLA96178005719_102025-E.webp
456,Clavo SDS 3,Fijaciones,5,,https://http2.mlstatic.com/D_Q_NP_2X_821180-MLA96178005719_102025-E.webp
1772,Clavo SDS 3,Fijaciones,5,,https://http2.mlstatic.com/D_Q_NP_2X_821180-MLA96178005719_102025-E.webp
463,Codo Hidraulico 20 Hilo Interior,Baño Cocina y Loggia,5,,https://http2.mlstatic.com/D_Q_NP_2X_668645-MLC43009279326_082020-E.webp
464,Codo Hidraulico 25 Hilo Interior,Baño Cocina y Loggia,5,,https://http2.mlstatic.com/D_Q_NP_2X_668645-MLC43009279326_082020-E.webp
470,Codo PPR Hembra Exterior Soldable 20x1/2,Baño Cocina y Loggia,5,,https://http2.mlstatic.com/D_Q_NP_2X_668645-MLC43009279326_082020-E.webp
471,Codo PPR Hembra Exterior Soldable 25x3/4,Baño Cocina y Loggia,5,,https://http2.mlstatic.com/D_Q_NP_2X_668645-MLC43009279326_082020-E.webp
472,Codo PPR Hilo Interior Soldable 20x1/2,Baño Cocina y Loggia,5,,https://http2.mlstatic.com/D_Q_NP_2X_668645-MLC43009279326_082020-E.webp
505,Cordel Perlon 10mm X1mts,Fijaciones,5,,https://http2.mlstatic.com/D_Q_NP_2X_866804-MLC75732099567_042024-E.webp
506,Cordel Perlon 12mm X1mts,Fijaciones,5,,https://http2.mlstatic.com/D_Q_NP_2X_866804-MLC75732099567_042024-E.webp
507,Cordel Perlon 6mm X1mts,Fijaciones,5,,https://http2.mlstatic.com/D_Q_NP_2X_866804-MLC75732099567_042024-E.webp
508,Cordel Perlon 8 MM X1mts,Fijaciones,5,,https://http2.mlstatic.com/D_Q_NP_2X_866804-MLC75732099567_042024-E.webp
1788,Cordel Perlon 12mm X1mts,Fijaciones,5,,https://http2.mlstatic.com/D_Q_NP_2X_866804-MLC75732099567_042024-E.webp
567,Disco Flap Madera 100 Grano,Herramientas y Maq,5,,https://http2.mlstatic.com/D_Q_NP_2X_909830-MLC69668045349_052023-E.webp
568,Disco Flap Madera 120 Grano,Herramientas y Maq,5,,https://http2.mlstatic.com/D_Q_NP_2X_909830-MLC69668045349_052023-E.webp
569,Disco Flap Madera 40 Grano,Herramientas y Maq,5,,https://http2.mlstatic.com/D_Q_NP_2X_909830-MLC69668045349_052023-E.webp
570,Disco Flap Madera 60 Grano,Herramientas y Maq,5,,https://http2.mlstatic.com/D_Q_NP_2X_909830-MLC69668045349_052023-E.webp
1795,Disco Flap Madera 80 Grano,Herramientas y Maq,5,,https://http2.mlstatic.com/D_Q_NP_2X_909830-MLC69668045349_052023-E.webp
654,Espatula 80mm,Pinturas,5,,https://http2.mlstatic.com/D_Q_NP_2X_676383-MLA106541802680_022026-E.webp
655,Espatula Fibra 40mm,Pinturas,5,,https://http2.mlstatic.com/D_Q_NP_2X_676383-MLA106541802680_022026-E.webp
656,Espatula Madera 50mm,Pinturas,5,,https://http2.mlstatic.com/D_Q_NP_2X_676383-MLA106541802680_022026-E.webp
657,Espatula Pro 100mm,Pinturas,5,,https://http2.mlstatic.com/D_Q_NP_2X_676383-MLA106541802680_022026-E.webp
658,Espatula Pro 125mm,Pinturas,5,,https://http2.mlstatic.com/D_Q_NP_2X_676383-MLA106541802680_022026-E.webp
720,Grapa 10mm UYUS (Cxg110),Cercos y Mallas,5,tolmat,https://http2.mlstatic.com/D_Q_NP_2X_674870-MLC93163289556_092025-E.webp
721,"Grapa 11/4"" x 1kg",Cercos y Mallas,5,tolmat,https://http2.mlstatic.com/D_Q_NP_2X_674870-MLC93163289556_092025-E.webp
722,Grapa 12mm UYUS (Cxg112),Cercos y Mallas,5,tolmat,https://http2.mlstatic.com/D_Q_NP_2X_674870-MLC93163289556_092025-E.webp
723,Grapa 8mm 1000pcs Tolmat,Cercos y Mallas,5,tolmat,https://http2.mlstatic.com/D_Q_NP_2X_674870-MLC93163289556_092025-E.webp
724,Grapa UYUS 6mm (Cxg106),Cercos y Mallas,5,tolmat,https://http2.mlstatic.com/D_Q_NP_2X_674870-MLC93163289556_092025-E.webp
1078,"Picarporte Candado 5""",Cerraduras,5,lioi,https://http2.mlstatic.com/D_Q_NP_2X_884251-MLC80175630345_102024-E.webp
1159,"Portacandado 2 1/2""",Cerraduras,5,lioi,https://http2.mlstatic.com/D_Q_NP_2X_884251-MLC80175630345_102024-E.webp
1160,Portacandado Lioi 1 1/2,Cerraduras,5,lioi,https://http2.mlstatic.com/D_Q_NP_2X_884251-MLC80175630345_102024-E.webp
1161,Portacandado UYUS 1,Cerraduras,5,lioi,https://http2.mlstatic.com/D_Q_NP_2X_884251-MLC80175630345_102024-E.webp
1162,Portacandado Uyustul 2 Pulgadas,Cerraduras,5,lioi,https://http2.mlstatic.com/D_Q_NP_2X_884251-MLC80175630345_102024-E.webp
1171,Probador de Voltaje 3*140mm Tolmat,Electricidad e Iluminacion,5,tolmat,https://http2.mlstatic.com/D_Q_NP_2X_707869-MLC98975270213_112025-E.webp
1172,Probador de Voltaje 4*190mm Tolmat,Electricidad e Iluminacion,5,tolmat,https://http2.mlstatic.com/D_Q_NP_2X_707869-MLC98975270213_112025-E.webp
1173,Probador de Voltaje Chico 120mm,Electricidad e Iluminacion,5,tolmat,https://http2.mlstatic.com/D_Q_NP_2X_707869-MLC98975270213_112025-E.webp
1174,Probador de Voltaje Grande 20mm,Electricidad e Iluminacion,5,tolmat,https://http2.mlstatic.com/D_Q_NP_2X_707869-MLC98975270213_112025-E.webp
1175,Probador de Voltaje Mediano 140mm,Electricidad e Iluminacion,5,tolmat,https://http2.mlstatic.com/D_Q_NP_2X_707869-MLC98975270213_112025-E.webp
1230,Rueda 100mm con Pasador por Und,Quincalleria,5,,https://http2.mlstatic.com/D_Q_NP_2X_686741-MLA110131315389_042026-O.webp
1231,Rueda 50mm con Pasador por Und,Quincalleria,5,,https://http2.mlstatic.com/D_Q_NP_2X_686741-MLA110131315389_042026-O.webp
1232,Rueda 64mm con Pasador por Und,Quincalleria,5,,https://http2.mlstatic.com/D_Q_NP_2X_686741-MLA110131315389_042026-O.webp
1233,Rueda 75mm con Pasador por Und,Quincalleria,5,,https://http2.mlstatic.com/D_Q_NP_2X_686741-MLA110131315389_042026-O.webp
1234,Rueda 85mm con Pasador por Und,Quincalleria,5,,https://http2.mlstatic.com/D_Q_NP_2X_686741-MLA110131315389_042026-O.webp
1267,Separadores Ceramica 3mm x 200und,Aridos y Morteros,5,,https://http2.mlstatic.com/D_Q_NP_2X_982472-MLC109676313174_042026-E.webp
1268,Separadores Ceramica 2mm x 200und,Aridos y Morteros,5,,https://http2.mlstatic.com/D_Q_NP_2X_982472-MLC109676313174_042026-E.webp
1269,Separadores Ceramica 4mm x 200 Und,Aridos y Morteros,5,,https://http2.mlstatic.com/D_Q_NP_2X_982472-MLC109676313174_042026-E.webp
1270,Separadores Ceramica 5mm x 200und,Aridos y Morteros,5,,https://http2.mlstatic.com/D_Q_NP_2X_982472-MLC109676313174_042026-E.webp
1973,Separadores Ceramica 3mm x 200und,Aridos y Morteros,5,,https://http2.mlstatic.com/D_Q_NP_2X_982472-MLC109676313174_042026-E.webp
1484,Torn VOLCANITA Pb Zincado 6 x 3 x 100un,Fijaciones,5,volcan,https://http2.mlstatic.com/D_Q_NP_2X_962110-MLA99499870848_112025-E.webp
1485,"Torn VOLCANITA Pb Zincado 6x1"" 100un",Fijaciones,5,volcan,https://http2.mlstatic.com/D_Q_NP_2X_962110-MLA99499870848_112025-E.webp
1498,"Tornillo Vulcanita para B 1.1/4"" (1000un)",Fijaciones,5,volcan,https://http2.mlstatic.com/D_Q_NP_2X_962110-MLA99499870848_112025-E.webp
2195,"Torn VOLCANITA Pb Zincado 6x1"" 100un",Fijaciones,5,volcan,https://http2.mlstatic.com/D_Q_NP_2X_962110-MLA99499870848_112025-E.webp
2208,"Tornillo Vulcanita para B 1.1/4"" (1000un)",Fijaciones,5,volcan,https://http2.mlstatic.com/D_Q_NP_2X_962110-MLA99499870848_112025-E.webp
1573,Tuberia Sanitaria Gris 110mm x 1 MT,Baño Cocina y Loggia,5,,https://http2.mlstatic.com/D_Q_NP_2X_811211-MLA100081716987_122025-E.webp
1574,Tuberia Sanitaria Gris 40mm x 1 MT,Baño Cocina y Loggia,5,,https://http2.mlstatic.com/D_Q_NP_2X_811211-MLA100081716987_122025-E.webp
1575,Tuberia Sanitaria Gris 50mm x 1 MT,Baño Cocina y Loggia,5,,https://http2.mlstatic.com/D_Q_NP_2X_811211-MLA100081716987_122025-E.webp
2283,Tuberia Sanitaria Gris 110mm x 1 MT,Baño Cocina y Loggia,5,,https://http2.mlstatic.com/D_Q_NP_2X_811211-MLA100081716987_122025-E.webp
2285,Tuberia Sanitaria Gris 50mm x 1 MT,Baño Cocina y Loggia,5,,https://http2.mlstatic.com/D_Q_NP_2X_811211-MLA100081716987_122025-E.webp
1596,Vee Sanitaria 110x50mm,Baño Cocina y Loggia,5,,https://http2.mlstatic.com/D_Q_NP_2X_887729-MLC89015555502_082025-E.webp
1599,Vee Sanitaria Gris 110x75mm,Baño Cocina y Loggia,5,,https://http2.mlstatic.com/D_Q_NP_2X_887729-MLC89015555502_082025-E.webp
1602,Vee Sanitaria Gris 75x40mm,Baño Cocina y Loggia,5,,https://http2.mlstatic.com/D_Q_NP_2X_887729-MLC89015555502_082025-E.webp
1603,Vee Sanitaria Gris 75x50mm,Baño Cocina y Loggia,5,,https://http2.mlstatic.com/D_Q_NP_2X_887729-MLC89015555502_082025-E.webp
1604,Vee Sanitaria Gris 75x75mm,Baño Cocina y Loggia,5,,https://http2.mlstatic.com/D_Q_NP_2X_887729-MLC89015555502_082025-E.webp
1609,Vinilit Humedad con Pincel,Adhesivos y Sellantes,5,,https://http2.mlstatic.com/D_NQ_NP_2X_906778-MLA99572362852_122025-O.webp
1610,Vinilit Pomo 25cc,Adhesivos y Sellantes,5,,https://http2.mlstatic.com/D_NQ_NP_2X_906778-MLA99572362852_122025-O.webp
1612,Vinilit Tradicional con Pincel,Adhesivos y Sellantes,5,,https://http2.mlstatic.com/D_NQ_NP_2X_906778-MLA99572362852_122025-O.webp
2321,Vinilit Pomo 25cc,Adhesivos y Sellantes,5,,https://http2.mlstatic.com/D_NQ_NP_2X_906778-MLA99572362852_122025-O.webp
2323,Vinilit Tradicional con Pincel,Adhesivos y Sellantes,5,,https://http2.mlstatic.com/D_NQ_NP_2X_906778-MLA99572362852_122025-O.webp
1660,Angulo Doblado Negro 25 x 25 x 3.0 MM,Perfiles y Planchas,5,,https://http2.mlstatic.com/D_922568-MLC53828525180_022023-O.jpg
1661,Angulo Doblado Negro 40 x 40 x 2.0 MM,Perfiles y Planchas,5,,https://http2.mlstatic.com/D_922568-MLC53828525180_022023-O.jpg
1662,Angulo Doblado Negro 50 x 50 x 3.0 MM,Perfiles y Planchas,5,,https://http2.mlstatic.com/D_922568-MLC53828525180_022023-O.jpg
1663,Angulo Doblado Negro 100 x 100 x 3.0 MM,Perfiles y Planchas,5,,https://http2.mlstatic.com/D_922568-MLC53828525180_022023-O.jpg
1667,Angulo Perforado 30x30x0.4,Perfiles y Planchas,5,,https://http2.mlstatic.com/D_922568-MLC53828525180_022023-O.jpg
1,Cal Viva 1 KG,Aridos y Morteros,4,bio bio|wurth,https://http2.mlstatic.com/D_Q_NP_2X_667404-MLU70898426497_082023-E.webp
377,Cemento Bio Bio 25kg,Aridos y Morteros,4,bio bio|wurth,https://http2.mlstatic.com/D_Q_NP_2X_667404-MLU70898426497_082023-E.webp
1693,Broca Acero 15mm Wurth,Fijaciones,4,bio bio|wurth,https://http2.mlstatic.com/D_Q_NP_2X_667404-MLU70898426497_082023-E.webp
1694,Broca Acero 2.5mm Wurth,Fijaciones,4,bio bio|wurth,https://http2.mlstatic.com/D_Q_NP_2X_667404-MLU70898426497_082023-E.webp
4,"Abrazadera de Fijacion Tubos con Correa- con Goma 24x8,5x15mm",Fijaciones,4,,https://http2.mlstatic.com/D_Q_NP_2X_680914-MLC104420986665_012026-E.webp
1630,Abrazadera de Fijacion Tubo con Correa-negra B15mm-d25mm,Fijaciones,4,,https://http2.mlstatic.com/D_Q_NP_2X_680914-MLC104420986665_012026-E.webp
1634,Abrazadera de Fijacion Tubos con Correas B15mm-d10mm,Fijaciones,4,,https://http2.mlstatic.com/D_Q_NP_2X_680914-MLC104420986665_012026-E.webp
1635,Abrazadera de Fijacion Tubos con Correas B15mm-d14mm,Fijaciones,4,,https://http2.mlstatic.com/D_Q_NP_2X_680914-MLC104420986665_012026-E.webp
15,"Abrazadera Chapa en U 2,1/2x1,5mm",Fijaciones,4,,https://http2.mlstatic.com/D_Q_NP_2X_798321-MLA99539379306_122025-E.webp
457,Cloro Granulado Pote 1 KG,Jardin,4,,https://http2.mlstatic.com/D_Q_NP_2X_798321-MLA99539379306_122025-E.webp
458,Cloro Liquido Bidon 5 Lt,Jardin,4,,https://http2.mlstatic.com/D_Q_NP_2X_798321-MLA99539379306_122025-E.webp
459,Cloro Muntifuncional Pote 1 KG,Jardin,4,,https://http2.mlstatic.com/D_Q_NP_2X_798321-MLA99539379306_122025-E.webp
134,Anticorrosivo Gris 1/4 Passol,Pinturas,4,,https://http2.mlstatic.com/D_Q_NP_2X_814760-MLC96743553963_102025-E.webp
135,Anticorrosivo Gris Galon Passol,Pinturas,4,,https://http2.mlstatic.com/D_Q_NP_2X_814760-MLC96743553963_102025-E.webp
138,Anticorrosivo Gris Verdoso 1/4 Passol,Pinturas,4,,https://http2.mlstatic.com/D_Q_NP_2X_814760-MLC96743553963_102025-E.webp
1503,Triple Accion Gris Galon PASSOL,Pinturas,4,,https://http2.mlstatic.com/D_Q_NP_2X_814760-MLC96743553963_102025-E.webp
136,Anticorrosivo Gris Perla 1/4 Galon Soquina,Pinturas,4,,https://http2.mlstatic.com/D_Q_NP_2X_755791-MLC31872781903_082019-E.webp
137,Anticorrosivo Gris Perla Galon Soquina,Pinturas,4,,https://http2.mlstatic.com/D_Q_NP_2X_755791-MLC31872781903_082019-E.webp
143,Anticorrosivo Rojo Maestranza 1/4 Galon Soquina,Pinturas,4,,https://http2.mlstatic.com/D_Q_NP_2X_755791-MLC31872781903_082019-E.webp
144,Anticorrosivo Rojo Maestranza Galon Soquina,Pinturas,4,,https://http2.mlstatic.com/D_Q_NP_2X_755791-MLC31872781903_082019-E.webp
173,Barniz Alerce Litro Praga,Pinturas,4,praga,https://http2.mlstatic.com/D_Q_NP_2X_953948-MLC70755069854_072023-E.webp
178,Barniz Galon Stain Alerce Praga,Pinturas,4,praga,https://http2.mlstatic.com/D_Q_NP_2X_953948-MLC70755069854_072023-E.webp
181,Barniz Litro Roble Praga,Pinturas,4,praga,https://http2.mlstatic.com/D_Q_NP_2X_953948-MLC70755069854_072023-E.webp
182,Barniz Roble Litro Praga,Pinturas,4,praga,https://http2.mlstatic.com/D_Q_NP_2X_953948-MLC70755069854_072023-E.webp
174,Barniz Caoba Litro Praga,Pinturas,4,praga,https://http2.mlstatic.com/D_Q_NP_2X_604228-MLC70755080954_072023-E.webp
175,Barniz Galon Caoba Praga,Pinturas,4,praga,https://http2.mlstatic.com/D_Q_NP_2X_604228-MLC70755080954_072023-E.webp
177,Barniz Galon Siding Caoba Praga,Pinturas,4,praga,https://http2.mlstatic.com/D_Q_NP_2X_604228-MLC70755080954_072023-E.webp
179,Barniz Galon Stain Nogal Praga,Pinturas,4,praga,https://http2.mlstatic.com/D_Q_NP_2X_604228-MLC70755080954_072023-E.webp
191,Bisagra L36 31/2 Lioi Acero Latonado con T Doble Pivote 3u,Fijaciones,4,lioi,https://http2.mlstatic.com/D_Q_NP_2X_906424-MLC89288759060_082025-E.webp
198,Bisagra L86 3x3 Lioi Acero Latonado con T Blanco 3un,Fijaciones,4,lioi,https://http2.mlstatic.com/D_Q_NP_2X_906424-MLC89288759060_082025-E.webp
1685,Bisagra L36 31/2 Lioi Acero Latonado con T Doble Pivote 3u,Fijaciones,4,lioi,https://http2.mlstatic.com/D_Q_NP_2X_906424-MLC89288759060_082025-E.webp
1687,Bisagra L86 3x3 Lioi Acero Latonado con T Blanco 3un,Fijaciones,4,lioi,https://http2.mlstatic.com/D_Q_NP_2X_906424-MLC89288759060_082025-E.webp
263,Broca SDS Km 1/2x210 MM,Fijaciones,4,,https://http2.mlstatic.com/D_Q_NP_2X_918506-MLA109039564615_032026-E.webp
264,Broca SDS Km 1/4x210mm,Fijaciones,4,,https://http2.mlstatic.com/D_Q_NP_2X_918506-MLA109039564615_032026-E.webp
265,Broca SDS Km 3/8x210mm,Fijaciones,4,,https://http2.mlstatic.com/D_Q_NP_2X_918506-MLA109039564615_032026-E.webp
1709,Broca SDS Km 3/8x210mm,Fijaciones,4,,https://http2.mlstatic.com/D_Q_NP_2X_918506-MLA109039564615_032026-E.webp
284,Buzo Coverall Blanco Talla L,Seguridad Industrial,4,,https://http2.mlstatic.com/D_Q_NP_2X_989967-MLC93161686046_092025-E.webp
285,Buzo Coverall Blanco Talla M,Seguridad Industrial,4,,https://http2.mlstatic.com/D_Q_NP_2X_989967-MLC93161686046_092025-E.webp
286,Buzo Coverall Ultra Light Blanco Talla XL,Seguridad Industrial,4,,https://http2.mlstatic.com/D_Q_NP_2X_989967-MLC93161686046_092025-E.webp
287,Buzo Coverqall Ultra Light Blanco Talla M,Seguridad Industrial,4,,https://http2.mlstatic.com/D_Q_NP_2X_989967-MLC93161686046_092025-E.webp
307,Cadenas 14x20x8x4.5mts,Fierros Construccion,4,,https://http2.mlstatic.com/D_Q_NP_2X_645897-MLC69664857285_052023-E.webp
308,"Cadenas 15x20x8x4,5mts",Fierros Construccion,4,,https://http2.mlstatic.com/D_Q_NP_2X_645897-MLC69664857285_052023-E.webp
309,"Cadenas 15x30x9.2x4,5mts",Fierros Construccion,4,,https://http2.mlstatic.com/D_Q_NP_2X_645897-MLC69664857285_052023-E.webp
1721,Cadena Fierro Eslabon Largo 4mm,Fierros Construccion,4,,https://http2.mlstatic.com/D_Q_NP_2X_645897-MLC69664857285_052023-E.webp
387,Cerradura Oficina/dormitorio,Cerraduras,4,daumer,https://http2.mlstatic.com/D_Q_NP_2X_822129-MLC93630762090_102025-E.webp
389,Cerradura Pomo Cilindrica Dormitorio D-500 Daumer Blister,Cerraduras,4,daumer,https://http2.mlstatic.com/D_Q_NP_2X_822129-MLC93630762090_102025-E.webp
391,Cerradura Dormitorio,Cerraduras,4,daumer,https://http2.mlstatic.com/D_Q_NP_2X_822129-MLC93630762090_102025-E.webp
392,Cerradura Pomo Cilindrica Dormitorio D-500 Daumer,Cerraduras,4,daumer,https://http2.mlstatic.com/D_Q_NP_2X_822129-MLC93630762090_102025-E.webp
394,Cerrojo Carcelero con Tornillo 10x1/2 Negro,Cerraduras,4,,https://http2.mlstatic.com/D_Q_NP_2X_868899-MLC79738226369_102024-E.webp
395,Cerrojo Carcelero con Tornillo 10x5/8 Negro,Cerraduras,4,,https://http2.mlstatic.com/D_Q_NP_2X_868899-MLC79738226369_102024-E.webp
396,Cerrojo Carcelero con Tornillo 8x1/2 Negro,Cerraduras,4,,https://http2.mlstatic.com/D_Q_NP_2X_868899-MLC79738226369_102024-E.webp
397,Cerrojo Carcelero con Tornillo 8x5/8 Negro,Cerraduras,4,,https://http2.mlstatic.com/D_Q_NP_2X_868899-MLC79738226369_102024-E.webp
431,Cinta Teflon para Agua 1/2 x 10mt Streto,Jardin,4,,https://http2.mlstatic.com/D_Q_NP_2X_780236-MLC89673479360_082025-E.webp
432,Cinta Teflon para Agua 3/4 x 10mt Streto,Jardin,4,,https://http2.mlstatic.com/D_Q_NP_2X_780236-MLC89673479360_082025-E.webp
433,Cinta Teflon para Gas 1/2 Seal,Jardin,4,,https://http2.mlstatic.com/D_Q_NP_2X_780236-MLC89673479360_082025-E.webp
434,Cinta Teflon para Gas 3/4 Seal,Jardin,4,,https://http2.mlstatic.com/D_Q_NP_2X_780236-MLC89673479360_082025-E.webp
642,Esmalte Sintetico Blanco Galon Passol,Pinturas,4,praga,https://http2.mlstatic.com/D_Q_NP_2X_636736-MLC109592265550_042026-E.webp
645,Esmalte Sintetico Galon Azul para Praga,Pinturas,4,praga,https://http2.mlstatic.com/D_Q_NP_2X_636736-MLC109592265550_042026-E.webp
646,Esmalte Sintetico Galon Azul Passol,Pinturas,4,praga,https://http2.mlstatic.com/D_Q_NP_2X_636736-MLC109592265550_042026-E.webp
647,Esmalte Sintetico Galon Gris para Praga,Pinturas,4,praga,https://http2.mlstatic.com/D_Q_NP_2X_636736-MLC109592265550_042026-E.webp
686,Flexible Hilo Interior 25cm,Baño Cocina y Loggia,4,,https://http2.mlstatic.com/D_Q_NP_2X_808736-MLC75173860458_032024-E.webp
687,Flexible Hilo Interior 30cm,Baño Cocina y Loggia,4,,https://http2.mlstatic.com/D_Q_NP_2X_808736-MLC75173860458_032024-E.webp
688,Flexible Hilo Interior 35cm,Baño Cocina y Loggia,4,,https://http2.mlstatic.com/D_Q_NP_2X_808736-MLC75173860458_032024-E.webp
689,Flexible Hilo Interior 40cm,Baño Cocina y Loggia,4,,https://http2.mlstatic.com/D_Q_NP_2X_808736-MLC75173860458_032024-E.webp
908,"Malla Cuadrada Galvanizado 6015 x 1,2 X25",Cercos y Mallas,4,,https://http2.mlstatic.com/D_Q_NP_2X_787942-MLC81802748927_012025-E.webp
909,"Malla Cuadrada Galvanizado 6015 x 1,5 X25",Cercos y Mallas,4,,https://http2.mlstatic.com/D_Q_NP_2X_787942-MLC81802748927_012025-E.webp
910,"Malla Cuadrada Galvanizado 6015 x 1,8 x 25",Cercos y Mallas,4,,https://http2.mlstatic.com/D_Q_NP_2X_787942-MLC81802748927_012025-E.webp
911,Malla Decofence Galvanizada,Cercos y Mallas,4,,https://http2.mlstatic.com/D_Q_NP_2X_787942-MLC81802748927_012025-E.webp
913,Malla Eurofence 1.80x2.50mts,Cercos y Mallas,4,,https://http2.mlstatic.com/D_Q_NP_2X_900690-MLC75870604597_042024-E.webp
914,Malla Eurofence 2.08mt,Cercos y Mallas,4,,https://http2.mlstatic.com/D_Q_NP_2X_900690-MLC75870604597_042024-E.webp
917,"Malla Protec 1g 1,85x3,00m 3,8mm",Cercos y Mallas,4,,https://http2.mlstatic.com/D_Q_NP_2X_900690-MLC75870604597_042024-E.webp
918,"Malla Protec 3g 1,85x5,00m 3,8mm",Cercos y Mallas,4,,https://http2.mlstatic.com/D_Q_NP_2X_900690-MLC75870604597_042024-E.webp
978,Overol Piloto Cinta Azul T/l,Seguridad Industrial,4,,https://http2.mlstatic.com/D_Q_NP_2X_721543-MLA110697531139_042026-E.webp
979,Overol Piloto Cinta Azul T/m,Seguridad Industrial,4,,https://http2.mlstatic.com/D_Q_NP_2X_721543-MLA110697531139_042026-E.webp
980,Overol Piloto Cinta Azul T/s,Seguridad Industrial,4,,https://http2.mlstatic.com/D_Q_NP_2X_721543-MLA110697531139_042026-E.webp
981,Overol Talla S,Seguridad Industrial,4,,https://http2.mlstatic.com/D_Q_NP_2X_721543-MLA110697531139_042026-E.webp
1035,Perfil Cuadrado Macizo 10mm x 6mts,Fierros Construccion,4,,https://http2.mlstatic.com/D_Q_NP_2X_990838-MLU77846132676_072024-E.webp
1036,Perfil Cuadrado Macizo 12mm x 6mts,Fierros Construccion,4,,https://http2.mlstatic.com/D_Q_NP_2X_990838-MLU77846132676_072024-E.webp
1163,Poste Galvanizado 60x60x1.5,Fierros Construccion,4,,https://http2.mlstatic.com/D_Q_NP_2X_990838-MLU77846132676_072024-E.webp
1164,Poste Galvanizado Pintado 60x60,Fierros Construccion,4,,https://http2.mlstatic.com/D_Q_NP_2X_990838-MLU77846132676_072024-E.webp
1070,"Picaporte Candado 3""",Cerraduras,4,,https://http2.mlstatic.com/D_Q_NP_2X_873437-MLC92195697778_092025-E.webp
1071,"Picaporte Candado 4""",Cerraduras,4,,https://http2.mlstatic.com/D_Q_NP_2X_873437-MLC92195697778_092025-E.webp
1072,"Picaporte Candado 5""",Cerraduras,4,,https://http2.mlstatic.com/D_Q_NP_2X_873437-MLC92195697778_092025-E.webp
1073,"Picaporte Candado 6""",Cerraduras,4,,https://http2.mlstatic.com/D_Q_NP_2X_873437-MLC92195697778_092025-E.webp
1116,Plancha Laminada en Frio 1000x3000x1,Fierros Construccion,4,,https://http2.mlstatic.com/D_Q_NP_2X_853158-MLC91135709574_092025-E.webp
1117,"Plancha Laminada en Frio 1000x3000x1,2",Fierros Construccion,4,,https://http2.mlstatic.com/D_Q_NP_2X_853158-MLC91135709574_092025-E.webp
1118,"Plancha Laminada en Frio 1000x3000x1,5",Fierros Construccion,4,,https://http2.mlstatic.com/D_Q_NP_2X_853158-MLC91135709574_092025-E.webp
1854,"Plancha Laminada en Frio 1000x3000x0,8",Fierros Construccion,4,,https://http2.mlstatic.com/D_Q_NP_2X_853158-MLC91135709574_092025-E.webp
1138,"Policarb Acanalado Transparente 0,5x2.00 MM Prem",Fierros Construccion,4,,https://http2.mlstatic.com/D_Q_NP_2X_897517-MLA96436181040_102025-E.webp
1139,"Policarb Acanalado Transparente 0,5x2.50 MM",Fierros Construccion,4,,https://http2.mlstatic.com/D_Q_NP_2X_897517-MLA96436181040_102025-E.webp
1140,"Policarb Acanalado Transparente 0,5x3.00 MM",Fierros Construccion,4,,https://http2.mlstatic.com/D_Q_NP_2X_897517-MLA96436181040_102025-E.webp
1141,"Policarb Acanalado Transparente 0,5x3.66 MM",Fierros Construccion,4,,https://http2.mlstatic.com/D_Q_NP_2X_897517-MLA96436181040_102025-E.webp
1188,Puntilla con Tope Doble con Iman 65mm,Fijaciones,4,,https://http2.mlstatic.com/D_Q_NP_2X_775733-MLC93067902106_092025-E.webp
1189,Puntilla Corta Ph2,Fijaciones,4,,https://http2.mlstatic.com/D_Q_NP_2X_775733-MLC93067902106_092025-E.webp
1889,Puntilla con Tope Doble con Iman 65mm,Fijaciones,4,,https://http2.mlstatic.com/D_Q_NP_2X_775733-MLC93067902106_092025-E.webp
1890,Puntilla Corta Ph2,Fijaciones,4,,https://http2.mlstatic.com/D_Q_NP_2X_775733-MLC93067902106_092025-E.webp
1273,Set 3 Broca Conica Escalonada 4-32,Fijaciones,4,,https://http2.mlstatic.com/D_Q_NP_2X_759323-MLC53272875508_012023-E.webp
1277,Set Broca Escalona 3pcs Uyu,Fijaciones,4,,https://http2.mlstatic.com/D_Q_NP_2X_759323-MLC53272875508_012023-E.webp
1979,Set 3 Broca Conica Escalonada 4-32,Fijaciones,4,,https://http2.mlstatic.com/D_Q_NP_2X_759323-MLC53272875508_012023-E.webp
1984,Set Broca Escalona 3pcs Uyu,Fijaciones,4,,https://http2.mlstatic.com/D_Q_NP_2X_759323-MLC53272875508_012023-E.webp
1288,Set Oring Pulgadas 25-43.82 330 Pzas,Herramientas y Maq,4,,https://http2.mlstatic.com/D_NQ_NP_976375-MLA99560815670_122025-OO.png
1289,Set Oring Pulgadas 440 Pzas,Herramientas y Maq,4,,https://http2.mlstatic.com/D_NQ_NP_976375-MLA99560815670_122025-OO.png
1290,"Set Prensa G 3""-4""-5"" UYUS",Herramientas y Maq,4,,https://http2.mlstatic.com/D_NQ_NP_976375-MLA99560815670_122025-OO.png
1292,Set Sierra y Broca Chapa,Herramientas y Maq,4,,https://http2.mlstatic.com/D_NQ_NP_976375-MLA99560815670_122025-OO.png
1376,Tapa Gorro Sanitario 110mm,Baño Cocina y Loggia,4,,https://http2.mlstatic.com/D_Q_NP_2X_931621-MLC47224246799_082021-E.webp
1377,Tapa Gorro Sanitario 40mm,Baño Cocina y Loggia,4,,https://http2.mlstatic.com/D_Q_NP_2X_931621-MLC47224246799_082021-E.webp
1378,Tapa Gorro Sanitario 50mm,Baño Cocina y Loggia,4,,https://http2.mlstatic.com/D_Q_NP_2X_931621-MLC47224246799_082021-E.webp
1379,Tapa Gorro Sanitario 75mm,Baño Cocina y Loggia,4,,https://http2.mlstatic.com/D_Q_NP_2X_931621-MLC47224246799_082021-E.webp
1423,Terciado Estructural 12mm,Tabiqueria,4,,https://http2.mlstatic.com/D_Q_NP_2X_954037-MLC70766358864_072023-E.webp
1424,Terciado Estructural 15mm,Tabiqueria,4,,https://http2.mlstatic.com/D_Q_NP_2X_954037-MLC70766358864_072023-E.webp
1425,Terciado Estructural 18mm,Tabiqueria,4,,https://http2.mlstatic.com/D_Q_NP_2X_954037-MLC70766358864_072023-E.webp
1426,Terciado Estructural 9mm,Tabiqueria,4,,https://http2.mlstatic.com/D_Q_NP_2X_954037-MLC70766358864_072023-E.webp
1470,Tor. Drywall Crs Zincado 8x2 1/2 100un,Fijaciones,4,,https://http2.mlstatic.com/D_Q_NP_2X_625132-MLC31878437937_082019-E.webp
1471,Tor. Drywall Crsmzn 8x3 100un,Fijaciones,4,,https://http2.mlstatic.com/D_Q_NP_2X_625132-MLC31878437937_082019-E.webp
2180,Tor. Drywall Crs Zincado 8x2 1/2 100un,Fijaciones,4,,https://http2.mlstatic.com/D_Q_NP_2X_625132-MLC31878437937_082019-E.webp
2181,Tor. Drywall Crsmzn 8x3 100un,Fijaciones,4,,https://http2.mlstatic.com/D_Q_NP_2X_625132-MLC31878437937_082019-E.webp
1495,Tornillo Internit 6 x 1.1/4,Fijaciones,4,,https://http2.mlstatic.com/D_Q_NP_2X_888822-MLA95656818184_102025-E.webp
1496,Tornillo Internit 6 x 1.5/8,Fijaciones,4,,https://http2.mlstatic.com/D_Q_NP_2X_888822-MLA95656818184_102025-E.webp
2205,Tornillo Internit 6 x 1.1/4,Fijaciones,4,,https://http2.mlstatic.com/D_Q_NP_2X_888822-MLA95656818184_102025-E.webp
2206,Tornillo Internit 6 x 1.5/8,Fijaciones,4,,https://http2.mlstatic.com/D_Q_NP_2X_888822-MLA95656818184_102025-E.webp
1567,Tuberia Hidraulica 20mm x Metro,Baño Cocina y Loggia,4,,https://http2.mlstatic.com/D_Q_NP_2X_964441-MLC88797406868_082025-E.webp
1568,Tuberia Hidraulica 25mm x Metro,Baño Cocina y Loggia,4,,https://http2.mlstatic.com/D_Q_NP_2X_964441-MLC88797406868_082025-E.webp
1569,Tuberia Hidraulica 32mm x Metro,Baño Cocina y Loggia,4,,https://http2.mlstatic.com/D_Q_NP_2X_964441-MLC88797406868_082025-E.webp
1570,Tuberia Hidraulica 40mm x Metro,Baño Cocina y Loggia,4,,https://http2.mlstatic.com/D_Q_NP_2X_964441-MLC88797406868_082025-E.webp
1605,Vidrio Claro,Seguridad Industrial,4,,https://http2.mlstatic.com/D_Q_NP_2X_610136-MLC90669479315_082025-E.webp
1606,Vidrio Negro #10,Seguridad Industrial,4,,https://http2.mlstatic.com/D_Q_NP_2X_610136-MLC90669479315_082025-E.webp
1607,Vidrio Negro #11,Seguridad Industrial,4,,https://http2.mlstatic.com/D_Q_NP_2X_610136-MLC90669479315_082025-E.webp
1608,Vidrio Nº 12,Seguridad Industrial,4,,https://http2.mlstatic.com/D_Q_NP_2X_610136-MLC90669479315_082025-E.webp
2132,Terciado Estructural 12mm,Tabiqueria,4,,https://http2.mlstatic.com/D_Q_NP_2X_991120-MLC107772612554_032026-E.webp
2133,Terciado Estructural 15mm,Tabiqueria,4,,https://http2.mlstatic.com/D_Q_NP_2X_991120-MLC107772612554_032026-E.webp
2134,Terciado Estructural 18mm,Tabiqueria,4,,https://http2.mlstatic.com/D_Q_NP_2X_991120-MLC107772612554_032026-E.webp
2135,Terciado Estructural 9mm,Tabiqueria,4,,https://http2.mlstatic.com/D_Q_NP_2X_991120-MLC107772612554_032026-E.webp
2331,"ZINCALUM 5v 0,35 X2500mm",Techumbre,4,,https://http2.mlstatic.com/D_Q_NP_2X_857270-MLA92572417110_092025-E.webp
2332,ZINCALUM 5v 0.35x2000mm,Techumbre,4,,https://http2.mlstatic.com/D_Q_NP_2X_857270-MLA92572417110_092025-E.webp
2333,ZINCALUM 5v 0.35x3000 MM,Techumbre,4,,https://http2.mlstatic.com/D_Q_NP_2X_857270-MLA92572417110_092025-E.webp
2334,ZINCALUM 5v0.35x3500mm,Techumbre,4,,https://http2.mlstatic.com/D_Q_NP_2X_857270-MLA92572417110_092025-E.webp
2335,"ZINCALUM Onda 0,35x2000mm",Techumbre,4,,https://http2.mlstatic.com/D_Q_NP_2X_785136-MLC89109680134_082025-E.webp
2336,"ZINCALUM Onda 0,35x2500mm",Techumbre,4,,https://http2.mlstatic.com/D_Q_NP_2X_785136-MLC89109680134_082025-E.webp
2337,ZINCALUM Onda 0.35x3000mm,Techumbre,4,,https://http2.mlstatic.com/D_Q_NP_2X_785136-MLC89109680134_082025-E.webp
2338,ZINCALUM Onda 0.35x3660mm,Techumbre,4,,https://http2.mlstatic.com/D_Q_NP_2X_785136-MLC89109680134_082025-E.webp
2,0.35 x 408 x 3000 MM Caballete LCS,Techumbre,3,,https://http2.mlstatic.com/D_Q_NP_2X_679553-MLC93157042736_092025-E.webp
289,"Caballetes 0,35x308x3000mm",Techumbre,3,,https://http2.mlstatic.com/D_Q_NP_2X_679553-MLC93157042736_092025-E.webp
290,"Caballetes 0,35x308x2000mm",Techumbre,3,,https://http2.mlstatic.com/D_Q_NP_2X_679553-MLC93157042736_092025-E.webp
9,Abrazadera Sanitaria 50mm Gris,Baño Cocina y Loggia,3,,https://http2.mlstatic.com/D_Q_NP_2X_704269-MLA111407221579_052026-E.webp
364,Carretilla Estand con Rueda Pantera Azul 90 L 350x8,Jardin,3,,https://http2.mlstatic.com/D_Q_NP_2X_704269-MLA111407221579_052026-E.webp
365,Carretilla Estandar Bas 350x8 60l Verde,Jardin,3,,https://http2.mlstatic.com/D_Q_NP_2X_704269-MLA111407221579_052026-E.webp
20,"Abrazadera de Cable -d 5/16-8,0",Fijaciones,3,,https://http2.mlstatic.com/D_Q_NP_2X_988410-MLA100061053415_122025-E.webp
21,"Abrazadera de Cable D- 1/2-13,0",Fijaciones,3,,https://http2.mlstatic.com/D_Q_NP_2X_988410-MLA100061053415_122025-E.webp
22,Abrazadera de Cable- D 3/16-5.0,Fijaciones,3,,https://http2.mlstatic.com/D_Q_NP_2X_988410-MLA100061053415_122025-E.webp
32,Abrazadera Manguera Zincada 9mm 16x27,Fijaciones,3,,https://http2.mlstatic.com/D_Q_NP_2X_987718-MLA110390700703_042026-E.webp
710,Gas But Camping 227 Grs,Jardin,3,,https://http2.mlstatic.com/D_Q_NP_2X_987718-MLA110390700703_042026-E.webp
711,Gas Butano 190grs,Jardin,3,,https://http2.mlstatic.com/D_Q_NP_2X_987718-MLA110390700703_042026-E.webp
42,Abrazadera Piola 10mm,Fijaciones,3,,https://http2.mlstatic.com/D_Q_NP_2X_661426-MLC72998003302_112023-E.webp
43,Abrazadera Piola 14mm,Fijaciones,3,,https://http2.mlstatic.com/D_Q_NP_2X_661426-MLC72998003302_112023-E.webp
1640,Abrazadera Piola 14mm,Fijaciones,3,,https://http2.mlstatic.com/D_Q_NP_2X_661426-MLC72998003302_112023-E.webp
60,Acido Muriatico 1/2 Lt,Pinturas,3,,https://http2.mlstatic.com/D_Q_NP_2X_697322-MLC90767065591_082025-E.webp
61,Acido Muriatico 1lts,Pinturas,3,,https://http2.mlstatic.com/D_Q_NP_2X_697322-MLC90767065591_082025-E.webp
62,Acido Muriatico 5 Lt,Pinturas,3,,https://http2.mlstatic.com/D_Q_NP_2X_697322-MLC90767065591_082025-E.webp
64,Acople Rapido 1/2*1/2 UYUS (Acj140),Jardin,3,,https://http2.mlstatic.com/D_Q_NP_2X_881320-MLA100110869403_122025-E.webp
65,Acople Rapido para Llave 3/4,Jardin,3,,https://http2.mlstatic.com/D_Q_NP_2X_881320-MLA100110869403_122025-E.webp
66,Acople Rapido Simple 1/2 Hoffens,Jardin,3,,https://http2.mlstatic.com/D_Q_NP_2X_881320-MLA100110869403_122025-E.webp
70,Aguarras 1 Litro,Pinturas,3,,https://http2.mlstatic.com/D_Q_NP_2X_696842-MLA99455610802_112025-E.webp
71,Aguarras 1/2 Litro,Pinturas,3,,https://http2.mlstatic.com/D_Q_NP_2X_696842-MLA99455610802_112025-E.webp
72,Aguarras Mineral Bidon 5lts,Pinturas,3,,https://http2.mlstatic.com/D_Q_NP_2X_696842-MLA99455610802_112025-E.webp
87,Alicate Punta 6,Herramientas y Maq,3,tolmat,https://http2.mlstatic.com/D_Q_NP_2X_851837-MLA99078833509_112025-E.webp
88,"Alicate Punta 6"" Tolmat",Herramientas y Maq,3,tolmat,https://http2.mlstatic.com/D_Q_NP_2X_851837-MLA99078833509_112025-E.webp
1654,Alicate Punta 6,Herramientas y Maq,3,tolmat,https://http2.mlstatic.com/D_Q_NP_2X_851837-MLA99078833509_112025-E.webp
139,Anticorrosivo Negro 1/4 Passol,Pinturas,3,,https://http2.mlstatic.com/D_Q_NP_2X_716091-MLA99465509578_112025-E.webp
140,Anticorrosivo Negro Galon Passol,Pinturas,3,,https://http2.mlstatic.com/D_Q_NP_2X_716091-MLA99465509578_112025-E.webp
1504,Triple Accion Negro 1/4 PASSOL,Pinturas,3,,https://http2.mlstatic.com/D_Q_NP_2X_716091-MLA99465509578_112025-E.webp
152,Atornillador Paleta 6x38mm,Herramientas y Maq,3,,https://http2.mlstatic.com/D_Q_NP_2X_690420-MLA100080956769_122025-E.webp
153,Atornillador 3x75mm,Herramientas y Maq,3,,https://http2.mlstatic.com/D_Q_NP_2X_690420-MLA100080956769_122025-E.webp
154,Atornillador 5x100mm,Herramientas y Maq,3,,https://http2.mlstatic.com/D_Q_NP_2X_690420-MLA100080956769_122025-E.webp
172,Barniz 200cc Natural Praga,Pinturas,3,praga,https://http2.mlstatic.com/D_Q_NP_2X_969417-MLA93495794833_092025-E.webp
176,Barniz Galon Natural Praga,Pinturas,3,praga,https://http2.mlstatic.com/D_Q_NP_2X_969417-MLA93495794833_092025-E.webp
180,Barniz Litro Natural Praga,Pinturas,3,praga,https://http2.mlstatic.com/D_Q_NP_2X_969417-MLA93495794833_092025-E.webp
418,Cinta Aisladora Negra Wurth 20 Metros,Electricidad e Iluminacion,3,wurth,https://http2.mlstatic.com/D_Q_NP_2X_948745-MLA99465930338_112025-E.webp
420,Cinta Aislante Negra 10yardas,Electricidad e Iluminacion,3,wurth,https://http2.mlstatic.com/D_Q_NP_2X_948745-MLA99465930338_112025-E.webp
421,Cinta Aislante Negra 19mm X10mts Wurth,Electricidad e Iluminacion,3,wurth,https://http2.mlstatic.com/D_Q_NP_2X_948745-MLA99465930338_112025-E.webp
435,Cinta Aisladora Temflex Azul 9mtx19mm 3m,Electricidad e Iluminacion,3,,https://http2.mlstatic.com/D_Q_NP_2X_870900-MLA100082245977_122025-E.webp
436,Cinta Aisladora Temflex Blanco 9mtx19mm 3m,Electricidad e Iluminacion,3,,https://http2.mlstatic.com/D_Q_NP_2X_870900-MLA100082245977_122025-E.webp
437,Cinta Aisladora Temflex Roja 9mtx19mm 3m,Electricidad e Iluminacion,3,,https://http2.mlstatic.com/D_Q_NP_2X_870900-MLA100082245977_122025-E.webp
498,Copla PVC Presion 20mm Soldable,Baño Cocina y Loggia,3,,https://http2.mlstatic.com/D_Q_NP_2X_935691-MLC89161633813_082025-E.webp
499,Copla PVC Presion 25mm Soldable,Baño Cocina y Loggia,3,,https://http2.mlstatic.com/D_Q_NP_2X_935691-MLC89161633813_082025-E.webp
500,Copla PVC Presion 32mm Soldable,Baño Cocina y Loggia,3,,https://http2.mlstatic.com/D_Q_NP_2X_935691-MLC89161633813_082025-E.webp
502,Copla Sanitaria 40mm,Baño Cocina y Loggia,3,,https://http2.mlstatic.com/D_Q_NP_2X_844946-MLC91144684811_082025-E.webp
503,Copla Sanitaria 50mm,Baño Cocina y Loggia,3,,https://http2.mlstatic.com/D_Q_NP_2X_844946-MLC91144684811_082025-E.webp
504,Copla Sanitaria 75mm,Baño Cocina y Loggia,3,,https://http2.mlstatic.com/D_Q_NP_2X_844946-MLC91144684811_082025-E.webp
542,Diluyente 1/2lts Sintetico,Pinturas,3,,https://http2.mlstatic.com/D_Q_NP_2X_704139-MLA100117847925_122025-E.webp
544,Diluyente 1lts Sintetico,Pinturas,3,,https://http2.mlstatic.com/D_Q_NP_2X_704139-MLA100117847925_122025-E.webp
545,Diluyente 5lts Sintetico,Pinturas,3,,https://http2.mlstatic.com/D_Q_NP_2X_704139-MLA100117847925_122025-E.webp
589,Enchufe Doble sin P Blanco 10a Mec 0542,Electricidad e Iluminacion,3,,https://http2.mlstatic.com/D_Q_NP_2X_892545-MLC89649087469_082025-E.webp
593,Enchufe Simple sin Placa Blanco 10a 0541 Mec,Electricidad e Iluminacion,3,,https://http2.mlstatic.com/D_Q_NP_2X_892545-MLC89649087469_082025-E.webp
595,Enchufe Triple sin Placa Blanco 10a 0543 Mec,Electricidad e Iluminacion,3,,https://http2.mlstatic.com/D_Q_NP_2X_892545-MLC89649087469_082025-E.webp
590,Enchufe Simple Embutido Blanco 10a 0501 Mec,Electricidad e Iluminacion,3,,https://http2.mlstatic.com/D_Q_NP_2X_763597-MLC93844956182_102025-E.webp
591,Enchufe Simple Embutido 10A Titanium (4916/3916),Electricidad e Iluminacion,3,,https://http2.mlstatic.com/D_Q_NP_2X_763597-MLC93844956182_102025-E.webp
592,Enchufe Simple Embutido Blanco 10/16a Mec 0505,Electricidad e Iluminacion,3,,https://http2.mlstatic.com/D_Q_NP_2X_763597-MLC93844956182_102025-E.webp
636,Esmalte Al Agua Marfil Galon Praga,Pinturas,3,melon|praga,https://http2.mlstatic.com/D_Q_NP_2X_834670-MLA97578688555_112025-E.webp
637,Esmalte Al Agua Melon Galon Praga,Pinturas,3,melon|praga,https://http2.mlstatic.com/D_Q_NP_2X_834670-MLA97578688555_112025-E.webp
638,Esmalte Al Agua Verde Agua Galon Praga,Pinturas,3,melon|praga,https://http2.mlstatic.com/D_Q_NP_2X_834670-MLA97578688555_112025-E.webp
641,Esmalte Sintetico Blanco 400cc Praga,Pinturas,3,elpro|praga,https://http2.mlstatic.com/D_Q_NP_2X_989649-MLC89949357853_082025-E.webp
643,Esmalte Sintetico Blanco Praga 1/2lts,Pinturas,3,elpro|praga,https://http2.mlstatic.com/D_Q_NP_2X_989649-MLC89949357853_082025-E.webp
644,Esmalte Sintetico Elpro Blanco 1lts,Pinturas,3,elpro|praga,https://http2.mlstatic.com/D_Q_NP_2X_989649-MLC89949357853_082025-E.webp
659,Espatula UYUS 3,Pinturas,3,,https://http2.mlstatic.com/D_Q_NP_2X_883475-MLA100087130817_122025-E.webp
660,Espatula UYUS 4,Pinturas,3,,https://http2.mlstatic.com/D_Q_NP_2X_883475-MLA100087130817_122025-E.webp
661,"Espatula UYUS 5""",Pinturas,3,,https://http2.mlstatic.com/D_Q_NP_2X_883475-MLA100087130817_122025-E.webp
678,Flaper con Tirante 8mm,Baño Cocina y Loggia,3,,https://http2.mlstatic.com/D_Q_NP_2X_966482-MLA99601144798_122025-E.webp
679,Flapper Baño con Cadena,Baño Cocina y Loggia,3,,https://http2.mlstatic.com/D_Q_NP_2X_966482-MLA99601144798_122025-E.webp
680,Flapper con Cadena Metalico Hoffens,Baño Cocina y Loggia,3,,https://http2.mlstatic.com/D_Q_NP_2X_966482-MLA99601144798_122025-E.webp
712,Golilla 1/2,Fijaciones,3,,https://http2.mlstatic.com/D_Q_NP_2X_742906-MLA99619504376_122025-E.webp
713,Golilla 1/2 Zincado,Fijaciones,3,,https://http2.mlstatic.com/D_Q_NP_2X_742906-MLA99619504376_122025-E.webp
718,Golilla Plana 5/8,Fijaciones,3,,https://http2.mlstatic.com/D_Q_NP_2X_742906-MLA99619504376_122025-E.webp
714,Golilla Corriente 1/4,Fijaciones,3,,https://http2.mlstatic.com/D_Q_NP_2X_922468-MLC49588613332_042022-E.webp
716,Golilla Corriente 5/16,Fijaciones,3,,https://http2.mlstatic.com/D_Q_NP_2X_922468-MLC49588613332_042022-E.webp
717,Golilla Plana 1/4,Fijaciones,3,,https://http2.mlstatic.com/D_Q_NP_2X_922468-MLC49588613332_042022-E.webp
773,Huincha Medir 5mt (Keaton),Herramientas y Maq,3,,https://http2.mlstatic.com/D_Q_NP_2X_756635-MLA99958751763_112025-E.webp
774,Huincha Medir 5mts 19mm UYUS,Herramientas y Maq,3,,https://http2.mlstatic.com/D_Q_NP_2X_756635-MLA99958751763_112025-E.webp
775,Huincha Medir 5mts Toro Negro,Herramientas y Maq,3,,https://http2.mlstatic.com/D_Q_NP_2X_756635-MLA99958751763_112025-E.webp
788,Internit 4mm 1.20x2.40,Tabiqueria,3,,https://http2.mlstatic.com/D_Q_NP_2X_742008-MLC51426079011_092022-E.webp
789,Internit 5mm 1.20x2.40,Tabiqueria,3,,https://http2.mlstatic.com/D_Q_NP_2X_742008-MLC51426079011_092022-E.webp
790,Internit 6mm 1.20x2.40,Tabiqueria,3,,https://http2.mlstatic.com/D_Q_NP_2X_742008-MLC51426079011_092022-E.webp
797,Juego Broca Paleta 6,Herramientas y Maq,3,,https://http2.mlstatic.com/D_Q_NP_2X_680607-CBT91553199668_092025-E.webp
798,Juego Broca Paleta 6 Pzs,Herramientas y Maq,3,,https://http2.mlstatic.com/D_Q_NP_2X_680607-CBT91553199668_092025-E.webp
799,Juego Broca Paleta 6pz,Herramientas y Maq,3,,https://http2.mlstatic.com/D_Q_NP_2X_680607-CBT91553199668_092025-E.webp
811,Kit Lente Standard Ambar con Cordon,Seguridad Industrial,3,daumer,https://http2.mlstatic.com/D_Q_NP_2X_636441-MLA95636510262_102025-E.webp
834,Lente Daumer L 600 Amarillo,Seguridad Industrial,3,daumer,https://http2.mlstatic.com/D_Q_NP_2X_636441-MLA95636510262_102025-E.webp
835,Lente Seguridad Ambar,Seguridad Industrial,3,daumer,https://http2.mlstatic.com/D_Q_NP_2X_636441-MLA95636510262_102025-E.webp
839,Lija Agua Grano 500,Pinturas,3,,https://http2.mlstatic.com/D_Q_NP_2X_849319-MLA99593021674_122025-E.webp
840,Lija Agua Grano 60,Pinturas,3,,https://http2.mlstatic.com/D_Q_NP_2X_849319-MLA99593021674_122025-E.webp
841,Lija Agua Grano 80,Pinturas,3,,https://http2.mlstatic.com/D_Q_NP_2X_849319-MLA99593021674_122025-E.webp
875,Llave Corona 10mm,Herramientas y Maq,3,,https://http2.mlstatic.com/D_Q_NP_2X_807877-MLA93859796718_102025-E.webp
876,Llave Corona 11mm,Herramientas y Maq,3,,https://http2.mlstatic.com/D_Q_NP_2X_807877-MLA93859796718_102025-E.webp
881,Llave Corona 19mm,Herramientas y Maq,3,,https://http2.mlstatic.com/D_Q_NP_2X_807877-MLA93859796718_102025-E.webp
946,Mascara de Soldar Fotosensible Aguila Star,Seguridad Industrial,3,aguila|terminator,https://http2.mlstatic.com/D_Q_NP_2X_726371-MLA108317394258_032026-E.webp
947,Mascara de Soldar Fotosensible Terminator,Seguridad Industrial,3,aguila|terminator,https://http2.mlstatic.com/D_Q_NP_2X_726371-MLA108317394258_032026-E.webp
948,Mascara Soldar Negra,Seguridad Industrial,3,aguila|terminator,https://http2.mlstatic.com/D_Q_NP_2X_726371-MLA108317394258_032026-E.webp
951,Mosqueton 1/4 TRUPER,Fijaciones,3,truper,https://http2.mlstatic.com/D_Q_NP_2X_847746-MLA99474084622_112025-E.webp
952,Mosqueton 3/16 TRUPER,Fijaciones,3,truper,https://http2.mlstatic.com/D_Q_NP_2X_847746-MLA99474084622_112025-E.webp
953,Mosqueton 5/16 TRUPER,Fijaciones,3,truper,https://http2.mlstatic.com/D_Q_NP_2X_847746-MLA99474084622_112025-E.webp
954,"Mosqueton Ovalado con Rosca 3,5mm",Fijaciones,3,,https://http2.mlstatic.com/D_Q_NP_2X_727233-MLA99841808457_112025-E.webp
955,Mosqueton Ovalado con Rosca 5mm,Fijaciones,3,,https://http2.mlstatic.com/D_Q_NP_2X_727233-MLA99841808457_112025-E.webp
956,Mosqueton Ovalado con Rosca 7mm,Fijaciones,3,,https://http2.mlstatic.com/D_Q_NP_2X_727233-MLA99841808457_112025-E.webp
975,OSB 11mm 122x244 Ultu Casa,Tabiqueria,3,,https://http2.mlstatic.com/D_Q_NP_2X_926238-MLC91146635453_082025-E.webp
976,OSB 1220 x 2440 x 11.1 Lp,Tabiqueria,3,,https://http2.mlstatic.com/D_Q_NP_2X_926238-MLC91146635453_082025-E.webp
977,OSB 9mm 122x244 Ultu Casa,Tabiqueria,3,,https://http2.mlstatic.com/D_Q_NP_2X_926238-MLC91146635453_082025-E.webp
1002,Pala Carbonera Cuadrada Mango Madera,Jardin,3,,https://http2.mlstatic.com/D_Q_NP_2X_696992-MLC89456958201_082025-E.webp
1003,Pala Carbonera Force,Jardin,3,,https://http2.mlstatic.com/D_Q_NP_2X_696992-MLC89456958201_082025-E.webp
1005,Pala para Carbon General,Jardin,3,,https://http2.mlstatic.com/D_Q_NP_2X_696992-MLC89456958201_082025-E.webp
1024,Pate Sellotec Blanco 600ml,Adhesivos y Sellantes,3,,https://http2.mlstatic.com/D_Q_NP_2X_804503-MLC90644757688_082025-E.webp
1264,Sellotec Poliuretano Pu3500 Blanco 600ml,Adhesivos y Sellantes,3,,https://http2.mlstatic.com/D_Q_NP_2X_804503-MLC90644757688_082025-E.webp
1265,Sellotec Poliuretano Blanco,Adhesivos y Sellantes,3,,https://http2.mlstatic.com/D_Q_NP_2X_804503-MLC90644757688_082025-E.webp
1067,"Picaporte 2 1/2""",Cerraduras,3,,https://http2.mlstatic.com/D_Q_NP_2X_684494-MLC108116521531_032026-E.webp
1068,"Picaporte 3""",Cerraduras,3,,https://http2.mlstatic.com/D_Q_NP_2X_684494-MLC108116521531_032026-E.webp
1069,"Picaporte 4""",Cerraduras,3,,https://http2.mlstatic.com/D_Q_NP_2X_684494-MLC108116521531_032026-E.webp
1094,Pintura para Techo Galon Negro,Pinturas,3,praga,https://http2.mlstatic.com/D_Q_NP_2X_868434-MLC109629962262_042026-E-pintura-para-techos-brizzinc-brizz-galon-4-lt.webp
1095,Pintura para Techo Galon Rojo Praga,Pinturas,3,praga,https://http2.mlstatic.com/D_Q_NP_2X_868434-MLC109629962262_042026-E-pintura-para-techos-brizzinc-brizz-galon-4-lt.webp
1096,Pintura para Techo Galon Verde Praga,Pinturas,3,praga,https://http2.mlstatic.com/D_Q_NP_2X_868434-MLC109629962262_042026-E-pintura-para-techos-brizzinc-brizz-galon-4-lt.webp
1309,Silicona Acrilico Blanco 280ml,Adhesivos y Sellantes,3,,https://http2.mlstatic.com/D_NQ_NP_2X_797343-MLC96572676108_112025-O.webp
1312,Silicona Blanca Pintable,Adhesivos y Sellantes,3,,https://http2.mlstatic.com/D_NQ_NP_2X_797343-MLC96572676108_112025-O.webp
2016,Silicona Acrilico Blanco,Adhesivos y Sellantes,3,,https://http2.mlstatic.com/D_NQ_NP_2X_797343-MLC96572676108_112025-O.webp
1318,Silicona Tapagoteras Gris Siltop,Adhesivos y Sellantes,3,siltop,https://http2.mlstatic.com/D_NQ_NP_2X_804359-MLA110301642426_052026-O.webp
1384,Tapagotera Butilico Humedad Gris,Adhesivos y Sellantes,3,siltop,https://http2.mlstatic.com/D_NQ_NP_2X_804359-MLA110301642426_052026-O.webp
2025,Silicona Tapagoteras Gris,Adhesivos y Sellantes,3,siltop,https://http2.mlstatic.com/D_NQ_NP_2X_804359-MLA110301642426_052026-O.webp
1319,Soda Caustica 1/2 KG Escamas,Jardin,3,,https://http2.mlstatic.com/D_Q_NP_2X_850988-MLC72798715514_112023-E.webp
1320,Soda Caustica 1/2 Perlas,Jardin,3,,https://http2.mlstatic.com/D_Q_NP_2X_850988-MLC72798715514_112023-E.webp
1321,Soda Caustica 1kg,Jardin,3,,https://http2.mlstatic.com/D_Q_NP_2X_850988-MLC72798715514_112023-E.webp
1322,Soldadura 6011 1/8 Myh,Electricidad e Iluminacion,3,,https://http2.mlstatic.com/D_Q_NP_2X_753429-MLA99992146651_112025-E.webp
1323,Soldadura 6011 1/8 Ok,Electricidad e Iluminacion,3,,https://http2.mlstatic.com/D_Q_NP_2X_753429-MLA99992146651_112025-E.webp
2030,Soldadura 6011 1/8 Ok,Electricidad e Iluminacion,3,,https://http2.mlstatic.com/D_Q_NP_2X_753429-MLA99992146651_112025-E.webp
1324,Soldadura 6011 3-32 Myh,Electricidad e Iluminacion,3,,https://http2.mlstatic.com/D_Q_NP_2X_619601-MLA99594419916_122025-E.webp
1325,Soldadura 6011 3-32 Ok,Electricidad e Iluminacion,3,,https://http2.mlstatic.com/D_Q_NP_2X_619601-MLA99594419916_122025-E.webp
2032,Soldadura 6011 3-32 Ok,Electricidad e Iluminacion,3,,https://http2.mlstatic.com/D_Q_NP_2X_619601-MLA99594419916_122025-E.webp
1373,Tapa Gorro 20mm,Baño Cocina y Loggia,3,,https://http2.mlstatic.com/D_Q_NP_2X_973762-MLC90657197512_082025-E.webp
1374,Tapa Gorro 25mm,Baño Cocina y Loggia,3,,https://http2.mlstatic.com/D_Q_NP_2X_973762-MLC90657197512_082025-E.webp
1375,Tapa Gorro PPR So 20,Baño Cocina y Loggia,3,,https://http2.mlstatic.com/D_Q_NP_2X_973762-MLC90657197512_082025-E.webp
1405,Tee PPR 20 Soso,Baño Cocina y Loggia,3,,https://http2.mlstatic.com/D_Q_NP_2X_614090-MLA100041534215_122025-E.webp
1406,Tee PPR 25 Soso,Baño Cocina y Loggia,3,,https://http2.mlstatic.com/D_Q_NP_2X_614090-MLA100041534215_122025-E.webp
1410,Tee Reducción PPR Soso 25x20,Baño Cocina y Loggia,3,,https://http2.mlstatic.com/D_Q_NP_2X_614090-MLA100041534215_122025-E.webp
1407,Tee PVC Presion 20mm,Baño Cocina y Loggia,3,,https://http2.mlstatic.com/D_Q_NP_2X_900325-MLC111161316443_052026-E.webp
1408,Tee PVC Presion 25mm,Baño Cocina y Loggia,3,,https://http2.mlstatic.com/D_Q_NP_2X_900325-MLC111161316443_052026-E.webp
1409,Tee PVC Presion 32mm,Baño Cocina y Loggia,3,,https://http2.mlstatic.com/D_Q_NP_2X_900325-MLC111161316443_052026-E.webp
1500,Triple Accion Blanco 1/4 PASSOL,Adhesivos y Sellantes,3,,https://http2.mlstatic.com/D_NQ_NP_2X_980689-MLA92321857278_092025-O.webp
1501,Triple Accion Blanco Galon PASSOL,Adhesivos y Sellantes,3,,https://http2.mlstatic.com/D_NQ_NP_2X_980689-MLA92321857278_092025-O.webp
1502,Triple Accion Gris 1/4 PASSOL,Adhesivos y Sellantes,3,,https://http2.mlstatic.com/D_NQ_NP_2X_980689-MLA92321857278_092025-O.webp
1591,Union Manguera 1/2,Jardin,3,,https://http2.mlstatic.com/D_Q_NP_2X_829596-MLA110036241612_042026-E.webp
1592,Union Manguera 1/2 x 3/4 Hoffens,Jardin,3,,https://http2.mlstatic.com/D_Q_NP_2X_829596-MLA110036241612_042026-E.webp
2303,Union Manguera 1/2 x 3/4 Hoffens,Jardin,3,,https://http2.mlstatic.com/D_Q_NP_2X_829596-MLA110036241612_042026-E.webp
1636,Abrazadera Manguera Zincada 9mm 10x16,Fijaciones,3,,https://http2.mlstatic.com/D_Q_NP_2X_757225-CBT111969832097_052026-E-20-abrazaderas-de-manguera-de-hierro-en-zinc.webp
1637,Abrazadera Manguera Zincada 9mm 25x40,Fijaciones,3,,https://http2.mlstatic.com/D_Q_NP_2X_757225-CBT111969832097_052026-E-20-abrazaderas-de-manguera-de-hierro-en-zinc.webp
1638,Abrazadera Manguera Zincada 9mm 60x80,Fijaciones,3,,https://http2.mlstatic.com/D_Q_NP_2X_757225-CBT111969832097_052026-E-20-abrazaderas-de-manguera-de-hierro-en-zinc.webp
1741,Candado UYUS 30mm,Cerraduras,3,,https://http2.mlstatic.com/D_Q_NP_2X_796069-MLC99245903134_112025-E.webp
1742,Candado UYUS 40mm,Cerraduras,3,,https://http2.mlstatic.com/D_Q_NP_2X_796069-MLC99245903134_112025-E.webp
1743,Candado UYUS 50mm,Cerraduras,3,,https://http2.mlstatic.com/D_Q_NP_2X_796069-MLC99245903134_112025-E.webp
3,Abrazadera Cremallera 3/4,Fijaciones,2,,https://http2.mlstatic.com/D_Q_NP_2X_991898-MLC101676464805_122025-E.webp
1629,Abrazadera Cremallera 3/4,Fijaciones,2,,https://http2.mlstatic.com/D_Q_NP_2X_991898-MLC101676464805_122025-E.webp
7,Abrazadera Sanitaria 110mm Gris,Baño Cocina y Loggia,2,,https://http2.mlstatic.com/D_Q_NP_2X_770217-MLA95526702223_102025-E.webp
151,Aspersor Impacto,Jardin,2,,https://http2.mlstatic.com/D_Q_NP_2X_770217-MLA95526702223_102025-E.webp
11,Abrazadera Manguera Zincada 9mm 30x45,Fijaciones,2,,https://http2.mlstatic.com/D_Q_NP_2X_604986-MLC95220945310_102025-E.webp
12,Abrazadera 1/2 2un Keaton,Fijaciones,2,,https://http2.mlstatic.com/D_Q_NP_2X_604986-MLC95220945310_102025-E.webp
18,Abrazadera de Cable -d 1/8-3.0,Fijaciones,2,,https://http2.mlstatic.com/D_Q_NP_2X_771954-MLA99587539750_122025-E.webp
460,Cocinilla Camping 1 Plato,Jardin,2,,https://http2.mlstatic.com/D_Q_NP_2X_771954-MLA99587539750_122025-E.webp
29,Abrazadera Electrica 16mm Naranja,Fijaciones,2,,https://http2.mlstatic.com/D_Q_NP_2X_996726-MLM103498268091_012026-E.webp
30,Abrazadera Manguera Zincada 9mm 10x16,Fijaciones,2,,https://http2.mlstatic.com/D_Q_NP_2X_996726-MLM103498268091_012026-E.webp
35,Abrazadera Manguera Zincada 9mm 32x50,Fijaciones,2,,https://http2.mlstatic.com/D_Q_NP_2X_746779-MLA99850026019_112025-E.webp
812,Klerat Pellet 50g/10bol,Jardin,2,,https://http2.mlstatic.com/D_Q_NP_2X_746779-MLA99850026019_112025-E.webp
36,Abrazadera Manguera Zincada 9mm 40x60,Fijaciones,2,,https://http2.mlstatic.com/D_Q_NP_2X_917411-MLA100093641793_122025-E.webp
37,Abrazadera Manguera Zincada 9mm 60x80,Fijaciones,2,,https://http2.mlstatic.com/D_Q_NP_2X_917411-MLA100093641793_122025-E.webp
39,Abrazadera Manguera Zincada 9mm 8x12,Fijaciones,2,,https://http2.mlstatic.com/D_Q_NP_2X_623446-MLC89574295904_082025-E.webp
40,Abrazadera Metal Zincado 16mm,Fijaciones,2,,https://http2.mlstatic.com/D_Q_NP_2X_623446-MLC89574295904_082025-E.webp
41,Abrazadera Metal Zincado 20mm,Fijaciones,2,,https://http2.mlstatic.com/D_Q_NP_2X_869500-MLA99600325468_122025-E.webp
1639,Abrazadera Metal Zincado 20mm,Fijaciones,2,,https://http2.mlstatic.com/D_Q_NP_2X_869500-MLA99600325468_122025-E.webp
44,Abrazadera PPR Autolock 20,Baño Cocina y Loggia,2,,https://http2.mlstatic.com/D_Q_NP_2X_981656-MLC53023895495_122022-E.webp
45,Abrazadera PPR Autolock 25,Baño Cocina y Loggia,2,,https://http2.mlstatic.com/D_Q_NP_2X_981656-MLC53023895495_122022-E.webp
54,Aceite 2 Tiempos 250cc,Adhesivos y Sellantes,2,,https://http2.mlstatic.com/D_Q_NP_2X_897854-MLA99392109032_112025-E.webp
55,Aceite 2 Tiempos 500cc,Adhesivos y Sellantes,2,,https://http2.mlstatic.com/D_Q_NP_2X_897854-MLA99392109032_112025-E.webp
68,Adaptador Schuko con T 10a Negro Mec 0273,Electricidad e Iluminacion,2,,https://http2.mlstatic.com/D_Q_NP_2X_782419-MLA99970990753_112025-E.webp
1648,Adaptador Schuko con T 10a Negro Mec 0273,Electricidad e Iluminacion,2,,https://http2.mlstatic.com/D_Q_NP_2X_782419-MLA99970990753_112025-E.webp
77,Alambre Puas Alta Resistencia x 275mts N 16,Cercos y Mallas,2,,https://http2.mlstatic.com/D_Q_NP_2X_780425-MLA95963644175_102025-E.webp
78,Alambre Puas Alta Resistencia x 500mts N 16,Cercos y Mallas,2,,https://http2.mlstatic.com/D_Q_NP_2X_780425-MLA95963644175_102025-E.webp
79,Alargador 3m,Electricidad e Iluminacion,2,,https://http2.mlstatic.com/D_Q_NP_2X_677844-MLA99432210990_112025-E.webp
80,Alargador 5m,Electricidad e Iluminacion,2,,https://http2.mlstatic.com/D_Q_NP_2X_677844-MLA99432210990_112025-E.webp
85,"Alicate Pelicano Pro10""",Herramientas y Maq,2,,https://http2.mlstatic.com/D_Q_NP_2X_956051-MLA93388612590_092025-E.webp
86,Alicate Picoloro Deluxe 10,Herramientas y Maq,2,,https://http2.mlstatic.com/D_Q_NP_2X_956051-MLA93388612590_092025-E.webp
91,Alicate Universal 8 Uyust,Herramientas y Maq,2,,https://http2.mlstatic.com/D_Q_NP_2X_982892-MLA100103509291_122025-E.webp
1655,Alicate Universal 8 Uyust,Herramientas y Maq,2,,https://http2.mlstatic.com/D_Q_NP_2X_982892-MLA100103509291_122025-E.webp
149,Arco Sierra Aluminio 300mm Wurth,Herramientas y Maq,2,wurth,https://http2.mlstatic.com/D_Q_NP_2X_816019-MLA99941539849_112025-E.webp
942,Marco Sierra Wurth,Herramientas y Maq,2,wurth,https://http2.mlstatic.com/D_Q_NP_2X_816019-MLA99941539849_112025-E.webp
188,Barra Toma Tierra 1mt 5/8,Electricidad e Iluminacion,2,,https://http2.mlstatic.com/D_Q_NP_2X_700310-MLC74833501427_022024-E.webp
495,Conector para Barra Toma Tierra,Fierros Construccion,2,,https://http2.mlstatic.com/D_Q_NP_2X_700310-MLC74833501427_022024-E.webp
276,"Brocha 3"" Condecora y Cobra",Pinturas,2,cobra,https://http2.mlstatic.com/D_Q_NP_2X_655197-MLA101388143688_122025-E.webp
277,"Brocha 3"" Estampa",Pinturas,2,cobra,https://http2.mlstatic.com/D_Q_NP_2X_655197-MLA101388143688_122025-E.webp
278,"Brocha 3/4"" Condecora y Cobra",Pinturas,2,cobra,https://http2.mlstatic.com/D_Q_NP_2X_849450-MLA99600806872_122025-E.webp
279,"Brocha 3/4"" Estampa",Pinturas,2,cobra,https://http2.mlstatic.com/D_Q_NP_2X_849450-MLA99600806872_122025-E.webp
280,"Brocha 4"" Condecora y Cobra",Pinturas,2,cobra,https://http2.mlstatic.com/D_Q_NP_2X_742014-MLA99144589909_112025-E.webp
1715,"Brocha 4"" Condecora y Cobra",Pinturas,2,cobra,https://http2.mlstatic.com/D_Q_NP_2X_742014-MLA99144589909_112025-E.webp
291,Cable Bateria 150a,Electricidad e Iluminacion,2,,https://http2.mlstatic.com/D_Q_NP_2X_900087-MLC92704005703_092025-E.webp
292,Cable Bateria Uyu 400a (Cba40u),Electricidad e Iluminacion,2,,https://http2.mlstatic.com/D_Q_NP_2X_900087-MLC92704005703_092025-E.webp
294,"Cable Nya 1,5 Rojo (1mt)",Electricidad e Iluminacion,2,,https://http2.mlstatic.com/D_Q_NP_2X_990781-MLC111040018577_042026-E.webp
297,"Cable Nya 2,5 Rojo (1mt)",Electricidad e Iluminacion,2,,https://http2.mlstatic.com/D_Q_NP_2X_990781-MLC111040018577_042026-E.webp
295,"Cable Nya 1,5 Verde (1mt)",Electricidad e Iluminacion,2,,https://http2.mlstatic.com/D_Q_NP_2X_655874-MLC111040599015_042026-E.webp
298,"Cable Nya 2,5 Verde (1mt)",Electricidad e Iluminacion,2,,https://http2.mlstatic.com/D_Q_NP_2X_655874-MLC111040599015_042026-E.webp
338,Canaleta 20x10 con Adhesivo x 2 Mts,Electricidad e Iluminacion,2,,https://http2.mlstatic.com/D_Q_NP_2X_673024-CBT91210464936_092025-E.webp
339,Canaleta 20x10 sin Adhesivo x 2 Mts,Electricidad e Iluminacion,2,,https://http2.mlstatic.com/D_Q_NP_2X_673024-CBT91210464936_092025-E.webp
360,Candado Cobra 50mm,Cerraduras,2,cobra,https://http2.mlstatic.com/D_Q_NP_2X_911817-MLC50744899110_072022-E.webp
361,Candado Cobra 63mm,Cerraduras,2,cobra,https://http2.mlstatic.com/D_Q_NP_2X_911817-MLC50744899110_072022-E.webp
362,Candado Varilla Larga 35/50 W-max,Cerraduras,2,,https://http2.mlstatic.com/D_Q_NP_2X_769464-MLC94438436247_102025-E.webp
363,Candado Varilla Larga 45/50w-max,Cerraduras,2,,https://http2.mlstatic.com/D_Q_NP_2X_769464-MLC94438436247_102025-E.webp
367,Cartonero Medio 18 Tolmat,Herramientas y Maq,2,tolmat,https://http2.mlstatic.com/D_Q_NP_2X_639918-MLA106634671914_022026-E.webp
521,Cuchillo Cartonero Importado,Herramientas y Maq,2,tolmat,https://http2.mlstatic.com/D_Q_NP_2X_639918-MLA106634671914_022026-E.webp
380,Cepillo Tipo Pincel Acero 17mm,Herramientas y Maq,2,,https://http2.mlstatic.com/D_Q_NP_2X_788489-MLA95734680106_102025-E.webp
381,Cepillo Tipo Pincel Acero 25mm,Herramientas y Maq,2,,https://http2.mlstatic.com/D_Q_NP_2X_788489-MLA95734680106_102025-E.webp
386,Cerradura Baño,Cerraduras,2,,https://http2.mlstatic.com/D_Q_NP_2X_684740-MLA99841265785_112025-E.webp
390,Cerradura Baño,Cerraduras,2,,https://http2.mlstatic.com/D_Q_NP_2X_684740-MLA99841265785_112025-E.webp
398,Chaleco Geologo Azul Talla L,Seguridad Industrial,2,,https://http2.mlstatic.com/D_Q_NP_2X_896541-MLC88122871545_072025-E.webp
399,Chaleco Geologo Azul Talla M,Seguridad Industrial,2,,https://http2.mlstatic.com/D_Q_NP_2X_896541-MLC88122871545_072025-E.webp
400,Chaleco Geologo Azul Talla XL,Seguridad Industrial,2,,https://http2.mlstatic.com/D_Q_NP_2X_654168-MLC95426576990_102025-E-chaleco-geologo-poplin-con-cinta-azul-ramm-tec.webp
1754,Chaleco Geologo Azul Talla M,Seguridad Industrial,2,,https://http2.mlstatic.com/D_Q_NP_2X_654168-MLC95426576990_102025-E-chaleco-geologo-poplin-con-cinta-azul-ramm-tec.webp
410,Chilco Triple Proteccion Blanco 1/4 Galon,Pinturas,2,,https://http2.mlstatic.com/D_Q_NP_2X_781480-MLC92296098986_092025-E.webp
411,Chilco Triple Proteccion Verde 1/4 Galon,Pinturas,2,,https://http2.mlstatic.com/D_Q_NP_2X_781480-MLC92296098986_092025-E.webp
413,Chuzo Hexagonal 1 1/8. Azul,Herramientas y Maq,2,,https://http2.mlstatic.com/D_Q_NP_2X_910567-MLC81053464461_112024-E.webp
414,Chuzohexagonal 1x1.6mts,Herramientas y Maq,2,,https://http2.mlstatic.com/D_Q_NP_2X_910567-MLC81053464461_112024-E.webp
425,Cinta Doble Contacto Transparente (Keaton),Adhesivos y Sellantes,2,,https://http2.mlstatic.com/D_Q_NP_2X_880852-MLA92592995899_092025-E.webp
1762,Cinta Doble Contacto Transparente,Adhesivos y Sellantes,2,,https://http2.mlstatic.com/D_Q_NP_2X_880852-MLA92592995899_092025-E.webp
445,"Clavo para Techo Helicoidal 1 3/4""",Fierros Construccion,2,,https://http2.mlstatic.com/D_Q_NP_2X_751658-MLA108966665458_032026-E.webp
446,"Clavo para Techo Helicoidal 2 1 /2""",Fierros Construccion,2,,https://http2.mlstatic.com/D_Q_NP_2X_751658-MLA108966665458_032026-E.webp
466,Codo PPR 20x45 Soso,Baño Cocina y Loggia,2,,https://http2.mlstatic.com/D_Q_NP_2X_879321-MLC53020332545_122022-E.webp
468,Codo PPR 25x45 Soso,Baño Cocina y Loggia,2,,https://http2.mlstatic.com/D_Q_NP_2X_879321-MLC53020332545_122022-E.webp
467,Codo PPR 20x90 Soso,Baño Cocina y Loggia,2,,https://http2.mlstatic.com/D_Q_NP_2X_769823-MLC76420070369_052024-E.webp
469,Codo PPR 25x90 Soso,Baño Cocina y Loggia,2,,https://http2.mlstatic.com/D_Q_NP_2X_769823-MLC76420070369_052024-E.webp
473,"Codo PVC Presion 20mm X45"" Curva Soldable",Baño Cocina y Loggia,2,,https://http2.mlstatic.com/D_Q_NP_2X_744631-MLC89593810213_082025-E.webp
475,"Codo PVC Presion 25mm x 45"" Curva Soldable",Baño Cocina y Loggia,2,,https://http2.mlstatic.com/D_Q_NP_2X_744631-MLC89593810213_082025-E.webp
474,"Codo PVC Presion 20mm x 90"" Soldable",Baño Cocina y Loggia,2,,https://http2.mlstatic.com/D_Q_NP_2X_741502-MLC89372210611_082025-E.webp
476,"Codo PVC Presion 25mm x 90"" Soldable",Baño Cocina y Loggia,2,,https://http2.mlstatic.com/D_Q_NP_2X_741502-MLC89372210611_082025-E.webp
478,"Codo Sanitario 110mm x 90""",Baño Cocina y Loggia,2,,https://http2.mlstatic.com/D_Q_NP_2X_980507-MLC110710391115_042026-E.webp
1779,"Codo Sanitario 110mm x 90""",Baño Cocina y Loggia,2,,https://http2.mlstatic.com/D_Q_NP_2X_980507-MLC110710391115_042026-E.webp
485,Cola Fria Madera 250gr,Adhesivos y Sellantes,2,,https://http2.mlstatic.com/D_Q_NP_2X_891402-MLA100128653455_122025-E.webp
486,Cola Fria Madera 500gr,Adhesivos y Sellantes,2,,https://http2.mlstatic.com/D_Q_NP_2X_891402-MLA100128653455_122025-E.webp
487,Cola Fria Rex 1/2 Kilo,Adhesivos y Sellantes,2,,https://http2.mlstatic.com/D_Q_NP_2X_737558-MLA97116319776_112025-E.webp
488,Cola Fria Rex Madera 1kg,Adhesivos y Sellantes,2,,https://http2.mlstatic.com/D_Q_NP_2X_737558-MLA97116319776_112025-E.webp
496,Copla PPR Soso 20,Baño Cocina y Loggia,2,,https://http2.mlstatic.com/D_Q_NP_2X_946345-MLA100108424273_122025-E.webp
497,Copla PPR Soso 25,Baño Cocina y Loggia,2,,https://http2.mlstatic.com/D_Q_NP_2X_946345-MLA100108424273_122025-E.webp
525,Dado Magnetico 1/4,Fijaciones,2,,https://http2.mlstatic.com/D_Q_NP_2X_735798-MLC47950303131_102021-E.webp
526,Dado Magnetico 5/16 x 5 UN,Fijaciones,2,,https://http2.mlstatic.com/D_Q_NP_2X_735798-MLC47950303131_102021-E.webp
530,Desengrasante de 1 Lt,Aditivos e Impermeabilizantes,2,,https://http2.mlstatic.com/D_Q_NP_2X_622998-MLA99841581335_112025-E.webp
531,Desengrasante de 5 Lt,Aditivos e Impermeabilizantes,2,,https://http2.mlstatic.com/D_Q_NP_2X_622998-MLA99841581335_112025-E.webp
546,Diluyente Duco Pxl400 1lt. (piroxilina Invierno),Pinturas,2,,https://http2.mlstatic.com/D_Q_NP_2X_807368-MLA100075656375_122025-E.webp
547,Diluyente Duco Pxl400 5lts (piroxilina Invierno),Pinturas,2,,https://http2.mlstatic.com/D_Q_NP_2X_807368-MLA100075656375_122025-E.webp
548,Diluyente Poliuretano 1lts Clase 3,Pinturas,2,,https://http2.mlstatic.com/D_Q_NP_2X_718945-MLC98670646641_112025-E.webp
549,Diluyente Poliuretano 5 Lts,Pinturas,2,,https://http2.mlstatic.com/D_Q_NP_2X_718945-MLC98670646641_112025-E.webp
551,Disco de Corte 4 1/2 (4.1mm Klimg),Herramientas y Maq,2,,https://http2.mlstatic.com/D_Q_NP_2X_635704-MLC52486987279_112022-E.webp
554,Disco con M 4. 1/2 Kling,Herramientas y Maq,2,,https://http2.mlstatic.com/D_Q_NP_2X_635704-MLC52486987279_112022-E.webp
559,Disco de Desbaste W-max 4.5,Herramientas y Maq,2,,https://http2.mlstatic.com/D_Q_NP_2X_957395-MLA100067587695_122025-E.webp
560,Disco Desbaste 4 1/2 x 6mm Kling,Herramientas y Maq,2,,https://http2.mlstatic.com/D_Q_NP_2X_957395-MLA100067587695_122025-E.webp
581,Disco Sierra Circular 7 1/4 24 Dientes Tolmat,Herramientas y Maq,2,tolmat,https://http2.mlstatic.com/D_Q_NP_2X_733581-MLA99956235379_112025-E.webp
583,Disco Sierra Madera 7 1/4 x 24 Dientes,Herramientas y Maq,2,tolmat,https://http2.mlstatic.com/D_Q_NP_2X_733581-MLA99956235379_112025-E.webp
588,Enchufe Doble Embutido Blanco 10/16a Mec 0509,Electricidad e Iluminacion,2,,https://http2.mlstatic.com/D_Q_NP_2X_799817-MLC109680517824_042026-E.webp
596,Enchufe Doble Embutido 10A (3917/4917),Electricidad e Iluminacion,2,,https://http2.mlstatic.com/D_Q_NP_2X_799817-MLC109680517824_042026-E.webp
594,Enchufe Triple Embutido Compacto 10a Mec 0556,Electricidad e Iluminacion,2,,https://http2.mlstatic.com/D_Q_NP_2X_941352-MLA99503632316_112025-E.webp
602,Enchufe Triple Embutido Blanco 10/16a Mec 0510,Electricidad e Iluminacion,2,,https://http2.mlstatic.com/D_Q_NP_2X_941352-MLA99503632316_112025-E.webp
597,Enchufe Hembra,Electricidad e Iluminacion,2,,https://http2.mlstatic.com/D_Q_NP_2X_916514-MLC93922713592_102025-E.webp
598,Enchufe Hembra 10 Acero,Electricidad e Iluminacion,2,,https://http2.mlstatic.com/D_Q_NP_2X_916514-MLC93922713592_102025-E.webp
600,Enchufe Rosi Hembra 10am 250v + T Blanco,Electricidad e Iluminacion,2,,https://http2.mlstatic.com/D_Q_NP_2X_836390-MLC81821845044_012025-E.webp
601,Enchufe Rosi Macho 10am 250v 2p +t Blanco,Electricidad e Iluminacion,2,,https://http2.mlstatic.com/D_Q_NP_2X_836390-MLC81821845044_012025-E.webp
604,Endurecedor 14grs,Adhesivos y Sellantes,2,,https://http2.mlstatic.com/D_Q_NP_2X_843535-MLC82480847583_022025-E.webp
605,Endurecedor 28 Grs para Mas Magica,Adhesivos y Sellantes,2,,https://http2.mlstatic.com/D_Q_NP_2X_843535-MLC82480847583_022025-E.webp
608,Escalerillas 24 UN x 5m,Fierros Construccion,2,,https://http2.mlstatic.com/D_Q_NP_2X_883964-MLC96891014452_112025-E.webp
609,"Escalerillas 8,5cm X5 Mts por Unidad",Fierros Construccion,2,,https://http2.mlstatic.com/D_Q_NP_2X_883964-MLC96891014452_112025-E.webp
617,Escobillon con Mango,Jardin,2,,https://http2.mlstatic.com/D_Q_NP_2X_644918-MLC77408711399_072024-E.webp
618,Escobillon Municipal con Mango,Jardin,2,,https://http2.mlstatic.com/D_Q_NP_2X_644918-MLC77408711399_072024-E.webp
621,"Escuadra Estante 4 x 5"" Esmaltado Blanco",Fijaciones,2,,https://http2.mlstatic.com/D_Q_NP_2X_700575-MLC83022822204_032025-E.webp
622,"Escuadra Estante 6 x 8"" Blanco",Fijaciones,2,,https://http2.mlstatic.com/D_Q_NP_2X_700575-MLC83022822204_032025-E.webp
639,Esmalte Sintetico 400cc Negro Praga,Pinturas,2,praga,https://http2.mlstatic.com/D_Q_NP_2X_798827-MLA100010541841_122025-E.webp
651,Esmalte Sintetico Negro 1/2 Litro,Pinturas,2,praga,https://http2.mlstatic.com/D_Q_NP_2X_798827-MLA100010541841_122025-E.webp
648,Esmalte Sintetico Galon Rojo Bermellion Praga,Pinturas,2,praga,https://http2.mlstatic.com/D_Q_NP_2X_942211-MLA99573525928_122025-E.webp
653,Esmalte Sintetico Rojo Galon Passol,Pinturas,2,praga,https://http2.mlstatic.com/D_Q_NP_2X_942211-MLA99573525928_122025-E.webp
665,Faja Limbar Bufalo Talla XL,Seguridad Industrial,2,,https://http2.mlstatic.com/D_Q_NP_2X_963314-MLA94562666008_102025-E.webp
666,Faja Lumbar Talla L,Seguridad Industrial,2,,https://http2.mlstatic.com/D_Q_NP_2X_963314-MLA94562666008_102025-E.webp
674,Fieltro Liso 10/40,Aislacion,2,,https://http2.mlstatic.com/D_Q_NP_2X_959013-MLC77439471852_072024-E.webp
1732,Canal Negro 200 x 50 x 4.0 MM,Perfiles y Planchas,2,,https://http2.mlstatic.com/D_Q_NP_2X_959013-MLC77439471852_072024-E.webp
683,Flexible con Llave Angulo 35cm 1/2x7/8 Stretto,Baño Cocina y Loggia,2,,https://http2.mlstatic.com/D_Q_NP_2X_994972-MLA80795337742_112024-E.webp
684,Flexible 1/2 X7/8 con Llave Angular 30cm,Baño Cocina y Loggia,2,,https://http2.mlstatic.com/D_Q_NP_2X_994972-MLA80795337742_112024-E.webp
690,Formon 1,Herramientas y Maq,2,,https://http2.mlstatic.com/D_Q_NP_2X_695793-MLA99442474106_112025-E.webp
691,"Formon 1""",Herramientas y Maq,2,,https://http2.mlstatic.com/D_Q_NP_2X_695793-MLA99442474106_112025-E.webp
703,Galvatec C 60x38x8x0.85 6m,Perfiles y Planchas,2,galvatec,https://http2.mlstatic.com/D_Q_NP_2X_945917-MLC109463368201_032026-E-perfil-metalcon-montante-c-60x38x085-de-6-metros.webp
704,Galvatec C 90x38x12x0.85 6m,Perfiles y Planchas,2,galvatec,https://http2.mlstatic.com/D_Q_NP_2X_945917-MLC109463368201_032026-E-perfil-metalcon-montante-c-60x38x085-de-6-metros.webp
706,Galvatec Omega Economico 38x35x15x0.5 6m,Perfiles y Planchas,2,galvatec,https://http2.mlstatic.com/D_Q_NP_2X_692015-MLC108184390825_032026-E.webp
707,Galvatec Perfil Cielo 40x18x10x0.5 3m,Perfiles y Planchas,2,galvatec,https://http2.mlstatic.com/D_Q_NP_2X_692015-MLC108184390825_032026-E.webp
725,Grapas 10mm Tolmat,Fijaciones,2,tolmat,https://http2.mlstatic.com/D_Q_NP_2X_843353-MLC83506229234_042025-E.webp
726,Grapas 8mm Tolmat,Fijaciones,2,tolmat,https://http2.mlstatic.com/D_Q_NP_2X_843353-MLC83506229234_042025-E.webp
728,Grasa Roja Pote 250grs Versachem,Aditivos e Impermeabilizantes,2,,https://http2.mlstatic.com/D_Q_NP_2X_627281-MLC50629249475_072022-E.webp
730,Grasa Roja Pote 400 Grs Versachem,Aditivos e Impermeabilizantes,2,,https://http2.mlstatic.com/D_Q_NP_2X_627281-MLC50629249475_072022-E.webp
731,"Grata Circular 4"" Trenzada",Herramientas y Maq,2,,https://http2.mlstatic.com/D_Q_NP_2X_906221-MLA99598080018_122025-E.webp
738,Grata Trenzada 3,Herramientas y Maq,2,,https://http2.mlstatic.com/D_Q_NP_2X_906221-MLA99598080018_122025-E.webp
736,Grata Lisa 3,Herramientas y Maq,2,,https://http2.mlstatic.com/D_Q_NP_2X_873082-MLA99599201336_122025-E.webp
737,Grata Lisa 4,Herramientas y Maq,2,,https://http2.mlstatic.com/D_Q_NP_2X_873082-MLA99599201336_122025-E.webp
753,Guante Multiprotec Impacto L-9100 T/10,Seguridad Industrial,2,,https://http2.mlstatic.com/D_Q_NP_2X_917629-MLA107886341944_032026-E.webp
755,Guante Multiprotec-impacto L-9100 T/9,Seguridad Industrial,2,,https://http2.mlstatic.com/D_Q_NP_2X_917629-MLA107886341944_032026-E.webp
758,Guia para Porton 25mm,Quincalleria,2,,https://http2.mlstatic.com/D_Q_NP_2X_946699-MLA95977539542_102025-O.webp
1800,Guia 25mm Bronce Hilo 1/2 Ducasse,Quincalleria,2,,https://http2.mlstatic.com/D_Q_NP_2X_946699-MLA95977539542_102025-O.webp
762,Hexagonal Punta Espada 1,Fijaciones,2,,https://http2.mlstatic.com/D_Q_NP_2X_985364-MLA95842790927_102025-E.webp
763,Hexagonal Punta Espada 3.1/2,Fijaciones,2,,https://http2.mlstatic.com/D_Q_NP_2X_985364-MLA95842790927_102025-E.webp
771,Huincha Medir 10mt (Keaton),Herramientas y Maq,2,tolmat,https://http2.mlstatic.com/D_Q_NP_2X_644968-MLA100049854119_122025-E.webp
777,Huincha Medir Kp 10mts Tolmat,Herramientas y Maq,2,tolmat,https://http2.mlstatic.com/D_Q_NP_2X_644968-MLA100049854119_122025-E.webp
779,Huincha para Trazar 20mt (Keaton),Herramientas y Maq,2,,https://http2.mlstatic.com/D_Q_NP_2X_620070-MLC80175189477_102024-E.webp
781,Huincha Trazadora 10mts (Keaton),Herramientas y Maq,2,,https://http2.mlstatic.com/D_Q_NP_2X_620070-MLC80175189477_102024-E.webp
784,Interruptor Doble 9/15 Embutido Blanco 10a Mec (0264),Electricidad e Iluminacion,2,,https://http2.mlstatic.com/D_Q_NP_2X_924306-MLC92297289034_092025-E.webp
792,Interruptor Doble 9/15 Embutido Blanco Mec,Electricidad e Iluminacion,2,,https://http2.mlstatic.com/D_Q_NP_2X_924306-MLC92297289034_092025-E.webp
793,Juego Atornilladores 8 Pzs Tolmat,Herramientas y Maq,2,tolmat,https://http2.mlstatic.com/D_Q_NP_2X_659114-MLC78584736752_082024-E.webp
794,Juego Atornilladores Tolmat,Herramientas y Maq,2,tolmat,https://http2.mlstatic.com/D_Q_NP_2X_659114-MLC78584736752_082024-E.webp
801,"Juego Dados 12 Pzs 1/2""",Herramientas y Maq,2,,https://http2.mlstatic.com/D_Q_NP_2X_898641-MLC86356943123_062025-E.webp
802,"Juego de Dados 12p Dr 1/2"" Uyu",Herramientas y Maq,2,,https://http2.mlstatic.com/D_Q_NP_2X_898641-MLC86356943123_062025-E.webp
803,Juego Ducha Telefono 2 Funciones Stretto,Baño Cocina y Loggia,2,,https://http2.mlstatic.com/D_Q_NP_2X_759115-MLA103141202250_012026-E.webp
1283,Set Ducha Chron,Baño Cocina y Loggia,2,,https://http2.mlstatic.com/D_Q_NP_2X_759115-MLA103141202250_012026-E.webp
809,Kit Soldador Cuero Talla L,Seguridad Industrial,2,,https://http2.mlstatic.com/D_Q_NP_2X_907109-CBT104435704209_012026-E.webp
810,Kit Soldador Cuero Talla Xl,Seguridad Industrial,2,,https://http2.mlstatic.com/D_Q_NP_2X_907109-CBT104435704209_012026-E.webp
822,Latex Bolsa Ladrillo Praga,Pinturas,2,praga,https://http2.mlstatic.com/D_Q_NP_2X_637982-MLA99508691008_112025-E.webp
830,Latex Galon Ladrillo Praga,Pinturas,2,praga,https://http2.mlstatic.com/D_Q_NP_2X_637982-MLA99508691008_112025-E.webp
823,Latex Bolsa Lila Praga,Pinturas,2,praga,https://http2.mlstatic.com/D_Q_NP_2X_858919-MLA99618157232_122025-E.webp
831,Latex Galon Lila Praga,Pinturas,2,praga,https://http2.mlstatic.com/D_Q_NP_2X_858919-MLA99618157232_122025-E.webp
826,Latex Bolsa Verde Agua Praga,Pinturas,2,praga,https://http2.mlstatic.com/D_Q_NP_2X_640665-MLC111591499949_052026-E.webp
832,Latex Galon Verde Agua Praga,Pinturas,2,praga,https://http2.mlstatic.com/D_Q_NP_2X_640665-MLC111591499949_052026-E.webp
827,Latex Galon Azul Piedra Praga,Pinturas,2,praga,https://http2.mlstatic.com/D_Q_NP_2X_971614-MLA100078698355_122025-E.webp
829,Latex Galon Celeste Praga,Pinturas,2,praga,https://http2.mlstatic.com/D_Q_NP_2X_971614-MLA100078698355_122025-E.webp
890,Llave de Punta 8-10mm Concava Keaton,Herramientas y Maq,2,,https://http2.mlstatic.com/D_Q_NP_2X_660300-MLC106263548357_012026-E.webp
902,Llave Punta 9-11mm Concava Keaton,Herramientas y Maq,2,,https://http2.mlstatic.com/D_Q_NP_2X_660300-MLC106263548357_012026-E.webp
895,Llave Jardin Bce.1/2 Hehe Streto,Jardin,2,,https://http2.mlstatic.com/D_Q_NP_2X_910133-MLC74419665036_022024-E.webp
896,Llave Jardin Bola 1/2 Taumm,Jardin,2,,https://http2.mlstatic.com/D_Q_NP_2X_910133-MLC74419665036_022024-E.webp
904,Lp OSB Pais 9.5mm 122x244mts,Tabiqueria,2,,https://http2.mlstatic.com/D_Q_NP_2X_857401-MLC91975863100_092025-E.webp
1371,"Tab. OSB Home2 9,5x2,44x1,22 Mts",Tabiqueria,2,,https://http2.mlstatic.com/D_Q_NP_2X_857401-MLC91975863100_092025-E.webp
920,Malla Sombra Azul 1mtsx2.10mts Abre 4.20mts,Cercos y Mallas,2,,https://http2.mlstatic.com/D_Q_NP_2X_716613-MLC73566567195_122023-E.webp
922,"Malla Sombra Bicolor Celeste 1mtsx 2,00mts 4.20",Cercos y Mallas,2,,https://http2.mlstatic.com/D_Q_NP_2X_716613-MLC73566567195_122023-E.webp
923,"Malla Sombra Bicolor Verde 1mtsx 2,00mts Abre 4.20",Cercos y Mallas,2,,https://http2.mlstatic.com/D_Q_NP_2X_939726-MLC76865389241_062024-E.webp
925,Malla Sombra Verde 1mts x 2 Abre 4.20 Mts,Cercos y Mallas,2,,https://http2.mlstatic.com/D_Q_NP_2X_939726-MLC76865389241_062024-E.webp
983,Ovillo Plastico T-100,Fijaciones,2,,https://http2.mlstatic.com/D_Q_NP_2X_684862-MLC91904654070_092025-E.webp
984,Ovillo Plastico T-800,Fijaciones,2,,https://http2.mlstatic.com/D_Q_NP_2X_684862-MLC91904654070_092025-E.webp
1011,Panel Malla Asadera 0.667x1mts 5020,Cercos y Mallas,2,,https://http2.mlstatic.com/D_Q_NP_2X_843850-MLC50061018287_052022-E.webp
1012,Panel Malla Asadera Trenzada 0.60x0.90,Cercos y Mallas,2,,https://http2.mlstatic.com/D_Q_NP_2X_843850-MLC50061018287_052022-E.webp
1013,Pantalon Cargo Azul T/m,Seguridad Industrial,2,,https://http2.mlstatic.com/D_Q_NP_2X_817793-MLC108361079871_032026-E-pantalon-de-trabajo-cargo-gabardina-cintura-elasticada.webp
1014,Pantalon Cargo Azul T/xl,Seguridad Industrial,2,,https://http2.mlstatic.com/D_Q_NP_2X_817793-MLC108361079871_032026-E-pantalon-de-trabajo-cargo-gabardina-cintura-elasticada.webp
1025,Pate Sellotec Gris 600m,Adhesivos y Sellantes,2,,https://http2.mlstatic.com/D_Q_NP_2X_895010-MLC90643850310_082025-E.webp
1266,Sellotec Poliuretano Pu3500 Gris 600ml,Adhesivos y Sellantes,2,,https://http2.mlstatic.com/D_Q_NP_2X_895010-MLC90643850310_082025-E.webp
1027,Pegamento AGOREX 120cc Tarro,Adhesivos y Sellantes,2,,https://http2.mlstatic.com/D_Q_NP_2X_913934-MLA100113220811_122025-E.webp
1029,Pegamento AGOREX 240cc Tarro,Adhesivos y Sellantes,2,,https://http2.mlstatic.com/D_Q_NP_2X_913934-MLA100113220811_122025-E.webp
1028,Pegamento AGOREX 20cc Pomo,Adhesivos y Sellantes,2,,https://http2.mlstatic.com/D_Q_NP_2X_692372-MLC87584537540_072025-E.webp
1030,Pegamento AGOREX 90cc Pomo,Adhesivos y Sellantes,2,,https://http2.mlstatic.com/D_Q_NP_2X_692372-MLC87584537540_072025-E.webp
1076,"Picaporte UYUS 2""",Cerraduras,2,,https://http2.mlstatic.com/D_Q_NP_2X_834469-MLA99538816158_122025-E.webp
1077,Picaporte UYUS 1 1/2,Cerraduras,2,,https://http2.mlstatic.com/D_Q_NP_2X_834469-MLA99538816158_122025-E.webp
1084,Pila Eveready Carbon Aa,Electricidad e Iluminacion,2,,https://http2.mlstatic.com/D_Q_NP_2X_724803-MLA99379229626_112025-E.webp
1085,Pila Eveready Carbon Aaa,Electricidad e Iluminacion,2,,https://http2.mlstatic.com/D_Q_NP_2X_724803-MLA99379229626_112025-E.webp
1088,Pileta Sanitaria Universal,Baño Cocina y Loggia,2,,https://http2.mlstatic.com/D_Q_NP_2X_636348-MLA96878162921_102025-E.webp
1089,Pileta Universal Sanitaria,Baño Cocina y Loggia,2,,https://http2.mlstatic.com/D_Q_NP_2X_636348-MLA96878162921_102025-E.webp
1106,Pivote Guia para Rueda Porton 10cm Importado,Quincalleria,2,,https://http2.mlstatic.com/D_Q_NP_2X_735959-MLC73452217320_122023-O.webp
1853,"Pivote 4"" para Puertas Corredera",Quincalleria,2,,https://http2.mlstatic.com/D_Q_NP_2X_735959-MLC73452217320_122023-O.webp
1107,Plancha Diamantada 1000x3000x2.5mm,Fierros Construccion,2,,https://http2.mlstatic.com/D_917275-MLC79875028979_102024-O.jpg
1108,Plancha Diamantada 1000x3000x3mm,Fierros Construccion,2,,https://http2.mlstatic.com/D_917275-MLC79875028979_102024-O.jpg
1143,Poliet. Inver. UV 2 a 4 Mts Transparente 150 Micra,Cercos y Mallas,2,,https://http2.mlstatic.com/D_Q_NP_2X_606973-MLC31211279613_062019-E.webp
1145,Polietileno Transparente 0.15mm 1mts x 2mts,Cercos y Mallas,2,,https://http2.mlstatic.com/D_Q_NP_2X_606973-MLC31211279613_062019-E.webp
1153,"Pomel 3/8""x76mm con Ala 1 Un.",Quincalleria,2,,https://http2.mlstatic.com/D_Q_NP_2X_999503-MLA95967331767_102025-O.webp
1155,Pomel 5/8x30x97mm con Ala 1 UN,Quincalleria,2,,https://http2.mlstatic.com/D_Q_NP_2X_999503-MLA95967331767_102025-O.webp
1156,Porta Electrodo 300amp,Electricidad e Iluminacion,2,,https://http2.mlstatic.com/D_Q_NP_2X_783016-MLA99414585084_112025-E.webp
1157,Porta Electrodo Ferrawy 500a,Electricidad e Iluminacion,2,,https://http2.mlstatic.com/D_Q_NP_2X_783016-MLA99414585084_112025-E.webp
1186,Punta Ph2 Corta Tolmat,Fijaciones,2,tolmat,https://http2.mlstatic.com/D_Q_NP_2X_635784-MLA99502975786_112025-E.webp
1887,Punta Ph2 Corta Tolmat,Fijaciones,2,tolmat,https://http2.mlstatic.com/D_Q_NP_2X_635784-MLA99502975786_112025-E.webp
1187,Puntas Phillips Destornil 10un (Keaton),Fijaciones,2,,https://http2.mlstatic.com/D_Q_NP_2X_714994-MLA99600306282_122025-E.webp
1888,Puntas Phillips Destornil 10un (Keaton),Fijaciones,2,,https://http2.mlstatic.com/D_Q_NP_2X_714994-MLA99600306282_122025-E.webp
1191,Reduccion Sanitaria 110x50mm,Baño Cocina y Loggia,2,,https://http2.mlstatic.com/D_Q_NP_2X_677371-MLA95115453238_102025-E.webp
1192,Reduccion Sanitaria 110x75mm,Baño Cocina y Loggia,2,,https://http2.mlstatic.com/D_Q_NP_2X_677371-MLA95115453238_102025-E.webp
1193,Reduccion Sanitaria 50x40mm,Baño Cocina y Loggia,2,,https://http2.mlstatic.com/D_Q_NP_2X_814795-MLA99160922668_112025-E.webp
1194,Reduccion Sanitaria 75x50mm,Baño Cocina y Loggia,2,,https://http2.mlstatic.com/D_Q_NP_2X_814795-MLA99160922668_112025-E.webp
1197,"Rejilla Pileta 4"" Blanca",Baño Cocina y Loggia,2,,https://http2.mlstatic.com/D_Q_NP_2X_813955-MLC82867792997_032025-E.webp
1198,"Rejilla Pileta 4"" Negra",Baño Cocina y Loggia,2,,https://http2.mlstatic.com/D_Q_NP_2X_813955-MLC82867792997_032025-E.webp
1210,Remaches 4.8x21mm,Fijaciones,2,,https://http2.mlstatic.com/D_Q_NP_2X_803235-MLA89424357042_082025-E.webp
1911,Remaches 4.8x21mm,Fijaciones,2,,https://http2.mlstatic.com/D_Q_NP_2X_803235-MLA89424357042_082025-E.webp
1220,Rodillo Esponja 18 Cm,Pinturas,2,,https://http2.mlstatic.com/D_Q_NP_2X_810358-MLA107686819642_032026-E.webp
1222,Rodillo Espuma 15cm TIGRE,Pinturas,2,,https://http2.mlstatic.com/D_Q_NP_2X_810358-MLA107686819642_032026-E.webp
1221,Rodillo Esponja 5cm,Pinturas,2,,https://http2.mlstatic.com/D_Q_NP_2X_699971-CBT83710650472_042025-E.webp
1223,Rodillo Espuma 4cm TIGRE,Pinturas,2,,https://http2.mlstatic.com/D_Q_NP_2X_699971-CBT83710650472_042025-E.webp
1224,Rodillo Espuma 9cm TIGRE,Pinturas,2,,https://http2.mlstatic.com/D_Q_NP_2X_876977-MLA99895083322_122025-E.webp
1927,Rodillo Espuma Poli Ester 11 Cm (110mm) Hela,Pinturas,2,,https://http2.mlstatic.com/D_Q_NP_2X_876977-MLA99895083322_122025-E.webp
1235,Rueda Carretilla 350x8,Quincalleria,2,,https://http2.mlstatic.com/D_Q_NP_2X_622583-MLC111550183285_052026-O.webp
1940,Rueda Carretilla 350x8,Quincalleria,2,,https://http2.mlstatic.com/D_Q_NP_2X_622583-MLC111550183285_052026-O.webp
1240,"Rueda Goma con Base Fija 2 1/2"" x Und",Quincalleria,2,,https://http2.mlstatic.com/D_Q_NP_2X_865672-CBT102158617783_122025-O.webp
1241,"Rueda Goma con Base Fija 2"" x Und",Quincalleria,2,,https://http2.mlstatic.com/D_Q_NP_2X_865672-CBT102158617783_122025-O.webp
1254,"Ruedas de 50mm (2"") 75 KG Elpro (Par)",Quincalleria,2,elpro,https://http2.mlstatic.com/D_Q_NP_2X_964874-MLC108637986144_032026-O.webp
1255,Ruedas de 64mm (2 1/2) Elproin (Par),Quincalleria,2,elpro,https://http2.mlstatic.com/D_Q_NP_2X_964874-MLC108637986144_032026-O.webp
1275,Set Anclaje W.c. Taumm,Fijaciones,2,,https://http2.mlstatic.com/D_Q_NP_2X_698616-MLC78338298386_082024-E.webp
1982,Set Anclaje W.c. Taumm,Fijaciones,2,,https://http2.mlstatic.com/D_Q_NP_2X_698616-MLC78338298386_082024-E.webp
1276,"Set Broca Concreto 3 Pzs (8,10,12) UYUS",Herramientas y Maq,2,,https://http2.mlstatic.com/D_Q_NP_2X_911921-MLC100149301637_122025-E.webp
1983,"Set Broca Concreto 3 Pzs (8,10,12) UYUS",Herramientas y Maq,2,,https://http2.mlstatic.com/D_Q_NP_2X_911921-MLC100149301637_122025-E.webp
1278,Set Broca Madera 300mm,Fijaciones,2,,https://http2.mlstatic.com/D_Q_NP_2X_959918-CBT95473980613_102025-E.webp
1985,Set Broca Madera 300mm,Fijaciones,2,,https://http2.mlstatic.com/D_Q_NP_2X_959918-CBT95473980613_102025-E.webp
1291,Set Riego Pistola 4 Pzs,Jardin,2,,https://http2.mlstatic.com/D_Q_NP_2X_745329-MLA99582545774_122025-E.webp
1998,Set Riego Pistola 4 Pzs,Jardin,2,,https://http2.mlstatic.com/D_Q_NP_2X_745329-MLA99582545774_122025-E.webp
1305,Silicona Acetica Blanca,Adhesivos y Sellantes,2,,https://http2.mlstatic.com/D_NQ_NP_2X_608781-MLA99522561270_122025-O.webp
1306,Silicona Acetica Multiuso Blanco 290ml,Adhesivos y Sellantes,2,,https://http2.mlstatic.com/D_NQ_NP_2X_608781-MLA99522561270_122025-O.webp
1307,Silicona Acetica Negra,Adhesivos y Sellantes,2,manhattan,https://http2.mlstatic.com/D_NQ_NP_2X_838815-MLA100063206935_122025-O.webp
1314,Silicona Negro Manhattan,Adhesivos y Sellantes,2,manhattan,https://http2.mlstatic.com/D_NQ_NP_2X_838815-MLA100063206935_122025-O.webp
1310,Silicona Adhesivo Montaje Blanco Siltop,Adhesivos y Sellantes,2,siltop,https://http2.mlstatic.com/D_NQ_NP_2X_796705-MLA80634474885_112024-O.webp
2017,Silicona Adhesivo Montaje Blanco Siltop,Adhesivos y Sellantes,2,siltop,https://http2.mlstatic.com/D_NQ_NP_2X_796705-MLA80634474885_112024-O.webp
1311,Silicona Alta Temp. Roja Siltop,Adhesivos y Sellantes,2,siltop,https://http2.mlstatic.com/D_NQ_NP_2X_922504-MLA99412447178_112025-O.webp
2018,Silicona Alta Temp. Roja,Adhesivos y Sellantes,2,siltop,https://http2.mlstatic.com/D_NQ_NP_2X_922504-MLA99412447178_112025-O.webp
1315,Silicona Neutra Gris Alta Temp 85gr,Adhesivos y Sellantes,2,,https://http2.mlstatic.com/D_NQ_NP_2X_959725-MLA99504085612_112025-O.webp
2021,Silicona Neutra Gris,Adhesivos y Sellantes,2,,https://http2.mlstatic.com/D_NQ_NP_2X_959725-MLA99504085612_112025-O.webp
1326,Soldadura 7018 1/8 Ok,Electricidad e Iluminacion,2,,https://http2.mlstatic.com/D_Q_NP_2X_942559-MLA99380801580_112025-E.webp
1327,Soldadura 7018 1/8 M y H,Electricidad e Iluminacion,2,,https://http2.mlstatic.com/D_Q_NP_2X_942559-MLA99380801580_112025-E.webp
1334,Spray Color Negro Mate,Pinturas,2,,https://http2.mlstatic.com/D_Q_NP_2X_668305-MLC96283629280_102025-E.webp
2044,Spray Negro Mate PASSOL,Pinturas,2,,https://http2.mlstatic.com/D_Q_NP_2X_668305-MLC96283629280_102025-E.webp
1336,Spray Rex Aluminio,Pinturas,2,,https://http2.mlstatic.com/D_Q_NP_2X_844509-MLC90073268324_082025-E.webp
1348,Spray Rex Metalico Cromo,Pinturas,2,,https://http2.mlstatic.com/D_Q_NP_2X_844509-MLC90073268324_082025-E.webp
1337,Spray Rex Alta Temp Aluminio,Pinturas,2,,https://http2.mlstatic.com/D_Q_NP_2X_924395-MLC88977621325_072025-E.webp
1338,Spray Rex Alta Temp Negro,Pinturas,2,,https://http2.mlstatic.com/D_Q_NP_2X_924395-MLC88977621325_072025-E.webp
1341,Spray Rex Blanco Brillante,Pinturas,2,,https://http2.mlstatic.com/D_Q_NP_2X_632650-MLA100084404195_122025-E.webp
2050,Spray Rex Blanco Brillante,Pinturas,2,,https://http2.mlstatic.com/D_Q_NP_2X_632650-MLA100084404195_122025-E.webp
1346,Spray Rex Grafito,Pinturas,2,,https://http2.mlstatic.com/D_Q_NP_2X_760995-MLA96504213765_102025-E.webp
2055,Spray Rex Grafito,Pinturas,2,,https://http2.mlstatic.com/D_Q_NP_2X_760995-MLA96504213765_102025-E.webp
1349,Spray Rex Metalico Dorado 400ml,Pinturas,2,,https://http2.mlstatic.com/D_Q_NP_2X_923446-MLC90453950753_082025-E.webp
2058,Spray Rex Metalico Dorado 400ml,Pinturas,2,,https://http2.mlstatic.com/D_Q_NP_2X_923446-MLC90453950753_082025-E.webp
1351,Spray Rex Negro Brillante,Pinturas,2,,https://http2.mlstatic.com/D_Q_NP_2X_619239-MLA81135414487_122024-E.webp
2060,Spray Rex Negro Brillante,Pinturas,2,,https://http2.mlstatic.com/D_Q_NP_2X_619239-MLA81135414487_122024-E.webp
1352,Spray Rex Negro Mate 400 ML,Pinturas,2,,https://http2.mlstatic.com/D_Q_NP_2X_739586-MLA99542549052_122025-E.webp
2061,Spray Rex Negro Mate 400 ML,Pinturas,2,,https://http2.mlstatic.com/D_Q_NP_2X_739586-MLA99542549052_122025-E.webp
1360,Spray Valkolor Cafe,Pinturas,2,,https://http2.mlstatic.com/D_Q_NP_2X_768048-MLC91612675499_092025-E-spray-alta-temperatura-spray-235-g-valkolor.webp
1367,Spray Valkolor Transparente,Pinturas,2,,https://http2.mlstatic.com/D_Q_NP_2X_768048-MLC91612675499_092025-E-spray-alta-temperatura-spray-235-g-valkolor.webp
1363,Spray Valkolor Color Verde,Pinturas,2,,https://http2.mlstatic.com/D_Q_NP_2X_789155-MLC95978668468_102025-E.webp
1366,Spray Valkolor Fluorescente Verde,Pinturas,2,,https://http2.mlstatic.com/D_Q_NP_2X_789155-MLC95978668468_102025-E.webp
1369,"Sujetador Magnetico para Soldar 4""/50lb (Sms04u)",Herramientas y Maq,2,,https://http2.mlstatic.com/D_Q_NP_2X_633682-MLC70653273209_072023-E.webp
1370,"Sujetador Magnetico para Soldar 5""/75lb (Sms05u)",Herramientas y Maq,2,,https://http2.mlstatic.com/D_Q_NP_2X_633682-MLC70653273209_072023-E.webp
1381,Tapa Tornillo PPR 1/2,Baño Cocina y Loggia,2,,https://http2.mlstatic.com/D_Q_NP_2X_910174-MLA104682104958_012026-E.webp
1382,Tapa Tornillo PPR 3/4,Baño Cocina y Loggia,2,,https://http2.mlstatic.com/D_Q_NP_2X_910174-MLA104682104958_012026-E.webp
1385,Tapagoteras Tarro,Adhesivos y Sellantes,2,,https://http2.mlstatic.com/D_NQ_NP_2X_727729-MLC77170271379_062024-O.webp
2094,Tapagotera Pote Gris 500 Grs. Seal,Adhesivos y Sellantes,2,,https://http2.mlstatic.com/D_NQ_NP_2X_727729-MLC77170271379_062024-O.webp
1386,Tapon Daumer Oido Silicona con Cordon Cajita Plast,Seguridad Industrial,2,daumer,https://http2.mlstatic.com/D_Q_NP_2X_724122-CBT97540816945_112025-E.webp
1388,Tapon Reductor Ruido Silic con Cord,Seguridad Industrial,2,daumer,https://http2.mlstatic.com/D_Q_NP_2X_724122-CBT97540816945_112025-E.webp
1397,Tarraja 8 Pzs Hembra UYUS,Fijaciones,2,,https://http2.mlstatic.com/D_Q_NP_2X_915295-MLC91281510509_082025-E.webp
2106,Tarraja 8 Pzs Hembra UYUS,Fijaciones,2,,https://http2.mlstatic.com/D_Q_NP_2X_915295-MLC91281510509_082025-E.webp
1398,Tarugo Broca VOLCANITA x Unidad,Fijaciones,2,volcan,https://http2.mlstatic.com/D_Q_NP_2X_936683-MLC54919168342_042023-E.webp
2107,Tarugo Broca VOLCANITA x Unidad,Fijaciones,2,volcan,https://http2.mlstatic.com/D_Q_NP_2X_936683-MLC54919168342_042023-E.webp
1399,Tarugo Clavo 6 x 40mm,Fijaciones,2,,https://http2.mlstatic.com/D_Q_NP_2X_939252-MLA100074247657_122025-E.webp
2108,Tarugo Clavo 6 x 40mm,Fijaciones,2,,https://http2.mlstatic.com/D_Q_NP_2X_939252-MLA100074247657_122025-E.webp
1400,Tarugo Clavo 8x80mm,Fijaciones,2,,https://http2.mlstatic.com/D_Q_NP_2X_928529-MLA96418133049_102025-E.webp
2109,Tarugo Clavo 8x80mm,Fijaciones,2,,https://http2.mlstatic.com/D_Q_NP_2X_928529-MLA96418133049_102025-E.webp
1401,Tarugo de 10mm,Fijaciones,2,,https://http2.mlstatic.com/D_Q_NP_2X_976500-MLC109679183536_042026-E.webp
2110,Tarugo de 10mm,Fijaciones,2,,https://http2.mlstatic.com/D_Q_NP_2X_976500-MLC109679183536_042026-E.webp
1404,Tarugo Nylon N# 10 Bolsa 500 UN,Fijaciones,2,,https://http2.mlstatic.com/D_Q_NP_2X_863728-MLC49341634816_032022-E.webp
2113,Tarugo Nylon N# 10 Bolsa 500 UN,Fijaciones,2,,https://http2.mlstatic.com/D_Q_NP_2X_863728-MLC49341634816_032022-E.webp
1491,Tornillo Cabeza Lent.pb 1/2,Fijaciones,2,,https://http2.mlstatic.com/D_Q_NP_2X_858060-MLA96898399170_112025-E.webp
2201,Tornillo Cabeza Lent.pb 1/2,Fijaciones,2,,https://http2.mlstatic.com/D_Q_NP_2X_858060-MLA96898399170_112025-E.webp
1571,Tuberia PPR 20 MM x Metro,Baño Cocina y Loggia,2,,https://http2.mlstatic.com/D_Q_NP_2X_630449-MLC98200285164_112025-E.webp
1572,Tuberia PPR 25mm x Metro,Baño Cocina y Loggia,2,,https://http2.mlstatic.com/D_Q_NP_2X_630449-MLC98200285164_112025-E.webp
1576,Tuberia Sanitaria Gris 75mm x 1 MT,Baño Cocina y Loggia,2,,https://http2.mlstatic.com/D_Q_NP_2X_875216-MLC99576844084_122025-E.webp
2286,Tuberia Sanitaria Gris 75mm x 1 MT,Baño Cocina y Loggia,2,,https://http2.mlstatic.com/D_Q_NP_2X_875216-MLC99576844084_122025-E.webp
1594,Valvula Manilla Roja PPR 20mm,Baño Cocina y Loggia,2,,https://http2.mlstatic.com/D_Q_NP_2X_884054-MLC105616769080_012026-E.webp
2305,Valvula Manilla Roja PPR 20mm,Baño Cocina y Loggia,2,,https://http2.mlstatic.com/D_Q_NP_2X_884054-MLC105616769080_012026-E.webp
1597,Vee Sanitaria Gris 110x110mm,Baño Cocina y Loggia,2,,https://http2.mlstatic.com/D_Q_NP_2X_674343-MLC70946596090_082023-E.webp
1598,Vee Sanitaria Gris 110x40mm,Baño Cocina y Loggia,2,,https://http2.mlstatic.com/D_Q_NP_2X_674343-MLC70946596090_082023-E.webp
1600,Vee Sanitaria Gris 40x40mm,Baño Cocina y Loggia,2,,https://http2.mlstatic.com/D_Q_NP_2X_954800-MLC90756208592_082025-E.webp
1601,Vee Sanitaria Gris 50x50mm,Baño Cocina y Loggia,2,,https://http2.mlstatic.com/D_Q_NP_2X_954800-MLC90756208592_082025-E.webp
1611,Vinilit Pomo 60cc,Adhesivos y Sellantes,2,,https://http2.mlstatic.com/D_NQ_NP_2X_784811-MLA99522477702_122025-O.webp
2322,Vinilit Pomo 60cc,Adhesivos y Sellantes,2,,https://http2.mlstatic.com/D_NQ_NP_2X_784811-MLA99522477702_122025-O.webp
1613,VOLCANITA ST BR 10mm x 1.20x2.40,Tabiqueria,2,volcan,https://http2.mlstatic.com/D_Q_NP_2X_905417-MLC51426017101_092022-E.webp
2324,VOLCANITA ST BR 10mm x 1.20x2.40,Tabiqueria,2,volcan,https://http2.mlstatic.com/D_Q_NP_2X_905417-MLC51426017101_092022-E.webp
1618,"Zinc Liso 0,35 x 1000 x 3000",Techumbre,2,,https://http2.mlstatic.com/D_Q_NP_2X_796397-MLC74942661814_032024-E.webp
1619,"Zinc Liso 0,40 x 1000 x 3000",Techumbre,2,,https://http2.mlstatic.com/D_Q_NP_2X_796397-MLC74942661814_032024-E.webp
1798,Fraguador para Ceramica 15cm,Quincalleria,2,,https://http2.mlstatic.com/D_Q_NP_2X_915096-MLA99615494264_122025-O.webp
1799,Fraguador para Ceramica 25cm,Quincalleria,2,,https://http2.mlstatic.com/D_Q_NP_2X_915096-MLA99615494264_122025-O.webp
1801,Guia 25mm Nylon Hilo 1/2x13 Ducasse,Quincalleria,2,,https://http2.mlstatic.com/D_Q_NP_2X_992096-CBT98149491734_112025-O.webp
1803,Guia Nylon de 25x30,Quincalleria,2,,https://http2.mlstatic.com/D_Q_NP_2X_992096-CBT98149491734_112025-O.webp
1802,Guia 35mm Bronce Hilo 5/8 Ducasse,Quincalleria,2,,https://http2.mlstatic.com/D_Q_NP_2X_881132-MLA96184569591_102025-O.webp
1804,Guia PG 35mm Bronce Ducasse,Quincalleria,2,,https://http2.mlstatic.com/D_Q_NP_2X_881132-MLA96184569591_102025-O.webp
2328,"Zinc Liso 0,35 x 1000 x 3000",Techumbre,2,,https://http2.mlstatic.com/D_Q_NP_2X_775503-MLU75502279227_032024-E.webp
2329,"Zinc Liso 0,40 x 1000 x 3000",Techumbre,2,,https://http2.mlstatic.com/D_Q_NP_2X_775503-MLU75502279227_032024-E.webp
