1331	https://http2.mlstatic.com/D_Q_NP_2X_660610-MLA100059079929_122025-E.webp
709	https://http2.mlstatic.com/D_Q_NP_2X_709255-MLC109463341453_032026-E-perfil-metalcon-canal-u-62x25x085mm-de-6m.webp
2222	https://http2.mlstatic.com/D_NP_2X_966632-MLC69537510626_052023-E.webp
1332	https://http2.mlstatic.com/D_Q_NP_2X_871530-MLC96283778026_102025-E.webp
2223	https://http2.mlstatic.com/D_NP_2X_966632-MLC69537510626_052023-E.webp
1333	https://http2.mlstatic.com/D_Q_NP_2X_759045-MLA98250761635_112025-E.webp
2224	https://http2.mlstatic.com/D_NP_2X_966632-MLC69537510626_052023-E.webp
1334	https://http2.mlstatic.com/D_Q_NP_2X_668305-MLC96283629280_102025-E.webp
2225	https://http2.mlstatic.com/D_NP_2X_966632-MLC69537510626_052023-E.webp
1335	https://http2.mlstatic.com/D_Q_NP_2X_826704-MLC74607813061_022024-E.webp
2226	https://http2.mlstatic.com/D_NP_2X_966632-MLC69537510626_052023-E.webp
1336	https://http2.mlstatic.com/D_Q_NP_2X_844509-MLC90073268324_082025-E.webp
2227	https://http2.mlstatic.com/D_NP_2X_966632-MLC69537510626_052023-E.webp
1337	https://http2.mlstatic.com/D_Q_NP_2X_924395-MLC88977621325_072025-E.webp
2228	https://http2.mlstatic.com/D_NP_2X_966632-MLC69537510626_052023-E.webp
1338	https://http2.mlstatic.com/D_Q_NP_2X_924395-MLC88977621325_072025-E.webp
2229	https://http2.mlstatic.com/D_NP_2X_966632-MLC69537510626_052023-E.webp
1339	https://http2.mlstatic.com/D_Q_NP_2X_838185-MLA81136097919_122024-E.webp
712	https://http2.mlstatic.com/D_Q_NP_2X_742906-MLA99619504376_122025-E.webp
713	https://http2.mlstatic.com/D_Q_NP_2X_742906-MLA99619504376_122025-E.webp
714	https://http2.mlstatic.com/D_Q_NP_2X_922468-MLC49588613332_042022-E.webp
715	https://http2.mlstatic.com/D_Q_NP_2X_758494-MLA99597228164_122025-E.webp
716	https://http2.mlstatic.com/D_Q_NP_2X_922468-MLC49588613332_042022-E.webp
717	https://http2.mlstatic.com/D_Q_NP_2X_922468-MLC49588613332_042022-E.webp
2230	https://http2.mlstatic.com/D_NP_2X_966632-MLC69537510626_052023-E.webp
1340	https://http2.mlstatic.com/D_Q_NP_2X_965078-MLA99496905720_112025-E.webp
718	https://http2.mlstatic.com/D_Q_NP_2X_742906-MLA99619504376_122025-E.webp
2231	https://http2.mlstatic.com/D_NP_2X_966632-MLC69537510626_052023-E.webp
1341	https://http2.mlstatic.com/D_Q_NP_2X_632650-MLA100084404195_122025-E.webp
719	https://http2.mlstatic.com/D_Q_NP_2X_700690-MLC79621079507_092024-E.webp
2232	https://http2.mlstatic.com/D_NP_2X_966632-MLC69537510626_052023-E.webp
1342	https://http2.mlstatic.com/D_Q_NP_2X_996816-MLA99505902262_112025-E.webp
2233	https://http2.mlstatic.com/D_Q_NP_2X_966632-MLC69537510626_052023-E.webp
1343	https://http2.mlstatic.com/D_Q_NP_2X_752744-MLC85532349324_062025-E.webp
2234	https://http2.mlstatic.com/D_Q_NP_2X_966632-MLC69537510626_052023-E.webp
1344	https://http2.mlstatic.com/D_Q_NP_2X_794263-MLC85674167314_062025-E.webp
2235	https://http2.mlstatic.com/D_Q_NP_2X_966632-MLC69537510626_052023-E.webp
1345	https://http2.mlstatic.com/D_Q_NP_2X_611585-MLA99564553232_122025-E.webp
2236	https://http2.mlstatic.com/D_NP_2X_910850-MLC53282565834_012023-E.webp
1346	https://http2.mlstatic.com/D_Q_NP_2X_760995-MLA96504213765_102025-E.webp
2237	https://http2.mlstatic.com/D_Q_NP_2X_910850-MLC53282565834_012023-E.webp
1347	https://http2.mlstatic.com/D_Q_NP_2X_684660-MLA99601649266_122025-E.webp
2238	https://http2.mlstatic.com/D_Q_NP_2X_910850-MLC53282565834_012023-E.webp
1348	https://http2.mlstatic.com/D_Q_NP_2X_844509-MLC90073268324_082025-E.webp
2239	https://http2.mlstatic.com/D_Q_NP_2X_910850-MLC53282565834_012023-E.webp
1349	https://http2.mlstatic.com/D_Q_NP_2X_923446-MLC90453950753_082025-E.webp
1	https://http2.mlstatic.com/D_Q_NP_2X_667404-MLU70898426497_082023-E.webp
2	https://http2.mlstatic.com/D_Q_NP_2X_679553-MLC93157042736_092025-E.webp
3	https://http2.mlstatic.com/D_Q_NP_2X_991898-MLC101676464805_122025-E.webp
4	https://http2.mlstatic.com/D_Q_NP_2X_680914-MLC104420986665_012026-E.webp
720	https://http2.mlstatic.com/D_Q_NP_2X_674870-MLC93163289556_092025-E.webp
5	https://http2.mlstatic.com/D_Q_NP_2X_951166-MLC53348215884_012023-E.webp
721	https://http2.mlstatic.com/D_Q_NP_2X_674870-MLC93163289556_092025-E.webp
6	https://http2.mlstatic.com/D_Q_NP_2X_820166-MLC81815190669_012025-E.webp
722	https://http2.mlstatic.com/D_Q_NP_2X_674870-MLC93163289556_092025-E.webp
7	https://http2.mlstatic.com/D_Q_NP_2X_770217-MLA95526702223_102025-E.webp
723	https://http2.mlstatic.com/D_Q_NP_2X_674870-MLC93163289556_092025-E.webp
8	https://http2.mlstatic.com/D_Q_NP_2X_674298-MLC79879741923_102024-E.webp
724	https://http2.mlstatic.com/D_Q_NP_2X_674870-MLC93163289556_092025-E.webp
9	https://http2.mlstatic.com/D_Q_NP_2X_704269-MLA111407221579_052026-E.webp
725	https://http2.mlstatic.com/D_Q_NP_2X_843353-MLC83506229234_042025-E.webp
726	https://http2.mlstatic.com/D_Q_NP_2X_843353-MLC83506229234_042025-E.webp
727	https://http2.mlstatic.com/D_Q_NP_2X_866808-MLC74461717845_022024-E.webp
2240	https://http2.mlstatic.com/D_Q_NP_2X_910850-MLC53282565834_012023-E.webp
1350	https://http2.mlstatic.com/D_Q_NP_2X_967593-MLA99949977849_112025-E.webp
728	https://http2.mlstatic.com/D_Q_NP_2X_627281-MLC50629249475_072022-E.webp
2241	https://http2.mlstatic.com/D_Q_NP_2X_910850-MLC53282565834_012023-E.webp
1351	https://http2.mlstatic.com/D_Q_NP_2X_619239-MLA81135414487_122024-E.webp
2242	https://http2.mlstatic.com/D_Q_NP_2X_910850-MLC53282565834_012023-E.webp
1352	https://http2.mlstatic.com/D_Q_NP_2X_739586-MLA99542549052_122025-E.webp
2243	https://http2.mlstatic.com/D_Q_NP_2X_910850-MLC53282565834_012023-E.webp
1353	https://http2.mlstatic.com/D_Q_NP_2X_637922-MLA93499034777_092025-E.webp
2244	https://http2.mlstatic.com/D_Q_NP_2X_910850-MLC53282565834_012023-E.webp
1354	https://http2.mlstatic.com/D_Q_NP_2X_609713-MLA100109275655_122025-E.webp
2245	https://http2.mlstatic.com/D_Q_NP_2X_910850-MLC53282565834_012023-E.webp
1355	https://http2.mlstatic.com/D_Q_NP_2X_761577-MLA99597226194_122025-E.webp
2246	https://http2.mlstatic.com/D_Q_NP_2X_910850-MLC53282565834_012023-E.webp
1356	https://http2.mlstatic.com/D_Q_NP_2X_768048-MLC91612675499_092025-E.webp
2247	https://http2.mlstatic.com/D_Q_NP_2X_910850-MLC53282565834_012023-E.webp
1357	https://http2.mlstatic.com/D_Q_NP_2X_619235-MLC95979397176_102025-E.webp
2248	https://http2.mlstatic.com/D_Q_NP_2X_910850-MLC53282565834_012023-E.webp
1358	https://http2.mlstatic.com/D_Q_NP_2X_849150-MLC107825937149_022026-E.webp
2249	https://http2.mlstatic.com/D_Q_NP_2X_910850-MLC53282565834_012023-E.webp
1359	https://http2.mlstatic.com/D_Q_NP_2X_867811-MLC107825585689_022026-E.webp
730	https://http2.mlstatic.com/D_Q_NP_2X_627281-MLC50629249475_072022-E.webp
731	https://http2.mlstatic.com/D_Q_NP_2X_906221-MLA99598080018_122025-E.webp
732	https://http2.mlstatic.com/D_Q_NP_2X_848250-MLA99621079638_122025-E.webp
733	https://http2.mlstatic.com/D_Q_NP_2X_658049-MLC51682784322_092022-E.webp
734	https://http2.mlstatic.com/D_Q_NP_2X_659965-MLC99128790764_112025-E.webp
735	https://http2.mlstatic.com/D_Q_NP_2X_751449-MLC99608293607_112025-E.webp
736	https://http2.mlstatic.com/D_Q_NP_2X_873082-MLA99599201336_122025-E.webp
737	https://http2.mlstatic.com/D_Q_NP_2X_873082-MLA99599201336_122025-E.webp
2250	https://http2.mlstatic.com/D_Q_NP_2X_910850-MLC53282565834_012023-E.webp
1360	https://http2.mlstatic.com/D_Q_NP_2X_768048-MLC91612675499_092025-E-spray-alta-temperatura-spray-235-g-valkolor.webp
738	https://http2.mlstatic.com/D_Q_NP_2X_906221-MLA99598080018_122025-E.webp
2251	https://http2.mlstatic.com/D_Q_NP_2X_910850-MLC53282565834_012023-E.webp
1361	https://http2.mlstatic.com/D_Q_NP_2X_691113-MLC96422679353_102025-E.webp
739	https://http2.mlstatic.com/D_Q_NP_2X_714862-MLC110843330955_042026-E.webp
2252	https://http2.mlstatic.com/D_Q_NP_2X_910850-MLC53282565834_012023-E.webp
1362	https://http2.mlstatic.com/D_Q_NP_2X_623002-MLA98930778282_112025-E.webp
2253	https://http2.mlstatic.com/D_Q_NP_2X_910850-MLC53282565834_012023-E.webp
1363	https://http2.mlstatic.com/D_Q_NP_2X_789155-MLC95978668468_102025-E.webp
2254	https://http2.mlstatic.com/D_Q_NP_2X_910850-MLC53282565834_012023-E.webp
1364	https://http2.mlstatic.com/D_Q_NP_2X_793323-MLC48593889767_122021-E-pintura-en-spray-metalico-valkolor.webp
2255	https://http2.mlstatic.com/D_Q_NP_2X_910850-MLC53282565834_012023-E.webp
1365	https://http2.mlstatic.com/D_Q_NP_2X_616270-MLC96422246949_102025-E.webp
2256	https://http2.mlstatic.com/D_NP_2X_910850-MLC53282565834_012023-E.webp
1366	https://http2.mlstatic.com/D_Q_NP_2X_789155-MLC95978668468_102025-E.webp
2257	https://http2.mlstatic.com/D_NP_2X_910850-MLC53282565834_012023-E.webp
1367	https://http2.mlstatic.com/D_Q_NP_2X_768048-MLC91612675499_092025-E-spray-alta-temperatura-spray-235-g-valkolor.webp
2258	https://http2.mlstatic.com/D_NP_2X_910850-MLC53282565834_012023-E.webp
1368	https://http2.mlstatic.com/D_Q_NP_2X_625721-MLA111156898762_052026-E.webp
2259	https://http2.mlstatic.com/D_NP_2X_910850-MLC53282565834_012023-E.webp
1369	https://http2.mlstatic.com/D_Q_NP_2X_633682-MLC70653273209_072023-E.webp
740	https://http2.mlstatic.com/D_Q_NP_2X_894918-MLC73119646864_122023-E.webp
741	https://http2.mlstatic.com/D_Q_NP_2X_661390-MLC85114865328_052025-E.webp
742	https://http2.mlstatic.com/D_Q_NP_2X_843759-CBT92062918339_092025-E-guantes-de-trabajo-nivel-5-antideslizantes-y-anticorte.webp
743	https://http2.mlstatic.com/D_Q_NP_2X_909955-MLC103236163974_012026-E.webp
744	https://http2.mlstatic.com/D_Q_NP_2X_730532-MLA97119862037_112025-E.webp
745	https://http2.mlstatic.com/D_Q_NP_2X_906925-MLC106514769313_022026-E.webp
746	https://http2.mlstatic.com/D_Q_NP_2X_838498-MLC94560073394_102025-E-guante-multiprotec-flex-nitrilo-1-par-seleccionar-color.webp
747	https://http2.mlstatic.com/D_Q_NP_2X_724833-MLC100871861657_122025-E-guante-multiproposito-flex-pu-pack-12-pares.webp
2260	https://http2.mlstatic.com/D_NP_2X_910850-MLC53282565834_012023-E.webp
748	https://http2.mlstatic.com/D_Q_NP_2X_724833-MLC100871861657_122025-E-guante-multiproposito-flex-pu-pack-12-pares.webp
1370	https://http2.mlstatic.com/D_Q_NP_2X_633682-MLC70653273209_072023-E.webp
2261	https://http2.mlstatic.com/D_Q_NP_2X_819554-MLC99264461354_112025-E.webp
1371	https://http2.mlstatic.com/D_Q_NP_2X_857401-MLC91975863100_092025-E.webp
749	https://http2.mlstatic.com/D_Q_NP_2X_724833-MLC100871861657_122025-E-guante-multiproposito-flex-pu-pack-12-pares.webp
2262	https://http2.mlstatic.com/D_Q_NP_2X_819554-MLC99264461354_112025-E.webp
1372	https://http2.mlstatic.com/D_Q_NP_2X_773043-MLC90048466547_082025-E.webp
2263	https://http2.mlstatic.com/D_Q_NP_2X_819554-MLC99264461354_112025-E.webp
1373	https://http2.mlstatic.com/D_Q_NP_2X_973762-MLC90657197512_082025-E.webp
2264	https://http2.mlstatic.com/D_Q_NP_2X_819554-MLC99264461354_112025-E.webp
1374	https://http2.mlstatic.com/D_Q_NP_2X_973762-MLC90657197512_082025-E.webp
2265	https://http2.mlstatic.com/D_Q_NP_2X_819554-MLC99264461354_112025-E.webp
1375	https://http2.mlstatic.com/D_Q_NP_2X_973762-MLC90657197512_082025-E.webp
2266	https://http2.mlstatic.com/D_Q_NP_2X_819554-MLC99264461354_112025-E.webp
1376	https://http2.mlstatic.com/D_Q_NP_2X_931621-MLC47224246799_082021-E.webp
2267	https://http2.mlstatic.com/D_Q_NP_2X_819554-MLC99264461354_112025-E.webp
1377	https://http2.mlstatic.com/D_Q_NP_2X_931621-MLC47224246799_082021-E.webp
2268	https://http2.mlstatic.com/D_Q_NP_2X_819554-MLC99264461354_112025-E.webp
1378	https://http2.mlstatic.com/D_Q_NP_2X_931621-MLC47224246799_082021-E.webp
2269	https://http2.mlstatic.com/D_Q_NP_2X_819554-MLC99264461354_112025-E.webp
1379	https://http2.mlstatic.com/D_Q_NP_2X_931621-MLC47224246799_082021-E.webp
750	https://http2.mlstatic.com/D_Q_NP_2X_724833-MLC100871861657_122025-E-guante-multiproposito-flex-pu-pack-12-pares.webp
751	https://http2.mlstatic.com/D_Q_NP_2X_724833-MLC100871861657_122025-E-guante-multiproposito-flex-pu-pack-12-pares.webp
752	https://http2.mlstatic.com/D_Q_NP_2X_724833-MLC100871861657_122025-E-guante-multiproposito-flex-pu-pack-12-pares.webp
753	https://http2.mlstatic.com/D_Q_NP_2X_917629-MLA107886341944_032026-E.webp
754	https://http2.mlstatic.com/D_Q_NP_2X_724833-MLC100871861657_122025-E-guante-multiproposito-flex-pu-pack-12-pares.webp
755	https://http2.mlstatic.com/D_Q_NP_2X_917629-MLA107886341944_032026-E.webp
756	https://http2.mlstatic.com/D_Q_NP_2X_615617-MLC89212685998_082025-E.webp
757	https://http2.mlstatic.com/D_Q_NP_2X_659589-CBT110244880501_042026-E.webp
2270	https://http2.mlstatic.com/D_Q_NP_2X_819554-MLC99264461354_112025-E.webp
758	https://http2.mlstatic.com/D_Q_NP_2X_946699-MLA95977539542_102025-O.webp
1380	https://http2.mlstatic.com/D_Q_NP_2X_797277-MLC108033736509_032026-E.webp
2271	https://http2.mlstatic.com/D_Q_NP_2X_819554-MLC99264461354_112025-E.webp
759	https://http2.mlstatic.com/D_Q_NP_2X_889400-MLC94107485337_102025-O.webp
1381	https://http2.mlstatic.com/D_Q_NP_2X_910174-MLA104682104958_012026-E.webp
2272	https://http2.mlstatic.com/D_Q_NP_2X_819554-MLC99264461354_112025-E.webp
1382	https://http2.mlstatic.com/D_Q_NP_2X_910174-MLA104682104958_012026-E.webp
2273	https://http2.mlstatic.com/D_Q_NP_2X_819554-MLC99264461354_112025-E.webp
1383	https://http2.mlstatic.com/D_Q_NP_2X_607218-MLC70994385980_082023-E.webp
2274	https://http2.mlstatic.com/D_Q_NP_2X_819554-MLC99264461354_112025-E.webp
1384	https://http2.mlstatic.com/D_NQ_NP_2X_804359-MLA110301642426_052026-O.webp
2275	https://http2.mlstatic.com/D_Q_NP_2X_819554-MLC99264461354_112025-E.webp
1385	https://http2.mlstatic.com/D_NQ_NP_2X_727729-MLC77170271379_062024-O.webp
2276	https://http2.mlstatic.com/D_Q_NP_2X_819554-MLC99264461354_112025-E.webp
1386	https://http2.mlstatic.com/D_Q_NP_2X_724122-CBT97540816945_112025-E.webp
1387	https://http2.mlstatic.com/D_Q_NP_2X_836198-MLC46183804544_052021-E.webp
1388	https://http2.mlstatic.com/D_Q_NP_2X_724122-CBT97540816945_112025-E.webp
1389	https://http2.mlstatic.com/D_Q_NP_2X_753336-MLC48404815776_122021-E.webp
760	https://http2.mlstatic.com/D_Q_NP_2X_848927-MLC73117084190_122023-E.webp
761	https://http2.mlstatic.com/D_Q_NP_2X_813188-MLC84732343596_052025-E.webp
762	https://http2.mlstatic.com/D_Q_NP_2X_985364-MLA95842790927_102025-E.webp
763	https://http2.mlstatic.com/D_Q_NP_2X_985364-MLA95842790927_102025-E.webp
764	https://http2.mlstatic.com/D_Q_NP_2X_878676-MLA100061651443_122025-E.webp
765	https://http2.mlstatic.com/D_Q_NP_2X_606108-MLA106375133696_022026-E.webp
766	https://http2.mlstatic.com/D_Q_NP_2X_608198-MLA99549032272_122025-E.webp
767	https://http2.mlstatic.com/D_Q_NP_2X_832780-MLC93651570042_102025-E.webp
1390	https://http2.mlstatic.com/D_Q_NP_2X_753336-MLC48404815776_122021-E.webp
768	https://http2.mlstatic.com/D_Q_NP_2X_698647-MLA99360778104_112025-E.webp
1391	https://http2.mlstatic.com/D_Q_NP_2X_753336-MLC48404815776_122021-E.webp
769	https://http2.mlstatic.com/D_Q_NP_2X_741646-MLC90706201839_082025-E.webp
2283	https://http2.mlstatic.com/D_Q_NP_2X_811211-MLA100081716987_122025-E.webp
1392	https://http2.mlstatic.com/D_Q_NP_2X_753336-MLC48404815776_122021-E.webp
1393	https://http2.mlstatic.com/D_Q_NP_2X_753336-MLC48404815776_122021-E.webp
2285	https://http2.mlstatic.com/D_Q_NP_2X_811211-MLA100081716987_122025-E.webp
1394	https://http2.mlstatic.com/D_Q_NP_2X_753336-MLC48404815776_122021-E.webp
2286	https://http2.mlstatic.com/D_Q_NP_2X_875216-MLC99576844084_122025-E.webp
1395	https://http2.mlstatic.com/D_Q_NP_2X_753336-MLC48404815776_122021-E.webp
1396	https://http2.mlstatic.com/D_Q_NP_2X_753336-MLC48404815776_122021-E.webp
1397	https://http2.mlstatic.com/D_Q_NP_2X_915295-MLC91281510509_082025-E.webp
1398	https://http2.mlstatic.com/D_Q_NP_2X_936683-MLC54919168342_042023-E.webp
2289	https://http2.mlstatic.com/D_Q_NP_2X_908364-MLC81616213200_012025-E.webp
1399	https://http2.mlstatic.com/D_Q_NP_2X_939252-MLA100074247657_122025-E.webp
770	https://http2.mlstatic.com/D_Q_NP_2X_953788-MLC111543957605_052026-E.webp
771	https://http2.mlstatic.com/D_Q_NP_2X_644968-MLA100049854119_122025-E.webp
772	https://http2.mlstatic.com/D_Q_NP_2X_688651-MLA99610370016_122025-E.webp
773	https://http2.mlstatic.com/D_Q_NP_2X_756635-MLA99958751763_112025-E.webp
774	https://http2.mlstatic.com/D_Q_NP_2X_756635-MLA99958751763_112025-E.webp
775	https://http2.mlstatic.com/D_Q_NP_2X_756635-MLA99958751763_112025-E.webp
776	https://http2.mlstatic.com/D_Q_NP_2X_768782-MLA98719793359_112025-E.webp
777	https://http2.mlstatic.com/D_Q_NP_2X_644968-MLA100049854119_122025-E.webp
2291	https://http2.mlstatic.com/D_Q_NP_2X_908364-MLC81616213200_012025-E.webp
778	https://http2.mlstatic.com/D_Q_NP_2X_836550-MLA99929516469_112025-E.webp
2292	https://http2.mlstatic.com/D_Q_NP_2X_908364-MLC81616213200_012025-E.webp
779	https://http2.mlstatic.com/D_Q_NP_2X_620070-MLC80175189477_102024-E.webp
2293	https://http2.mlstatic.com/D_Q_NP_2X_908364-MLC81616213200_012025-E.webp
2294	https://http2.mlstatic.com/D_Q_NP_2X_908364-MLC81616213200_012025-E.webp
2295	https://http2.mlstatic.com/D_Q_NP_2X_908364-MLC81616213200_012025-E.webp
2298	https://http2.mlstatic.com/D_Q_NP_2X_667009-MLC90358681772_082025-E.webp
1000	https://http2.mlstatic.com/D_Q_NP_2X_950397-MLA95967197319_102025-E.webp
2299	https://http2.mlstatic.com/D_Q_NP_2X_667009-MLC90358681772_082025-E.webp
1001	https://http2.mlstatic.com/D_Q_NP_2X_917422-MLA109904276318_042026-E.webp
1002	https://http2.mlstatic.com/D_Q_NP_2X_696992-MLC89456958201_082025-E.webp
1003	https://http2.mlstatic.com/D_Q_NP_2X_696992-MLC89456958201_082025-E.webp
1004	https://http2.mlstatic.com/D_Q_NP_2X_746207-MLA99590935298_122025-E.webp
1005	https://http2.mlstatic.com/D_Q_NP_2X_696992-MLC89456958201_082025-E.webp
1006	https://http2.mlstatic.com/D_Q_NP_2X_696911-MLA95968719571_102025-E.webp
1007	https://http2.mlstatic.com/D_Q_NP_2X_688980-MLA99446015042_112025-E.webp
1008	https://http2.mlstatic.com/D_Q_NP_2X_702724-CBT100162621067_122025-E.webp
1009	https://http2.mlstatic.com/D_Q_NP_2X_714314-MLC75659996995_042024-E.webp
780	https://http2.mlstatic.com/D_Q_NP_2X_993820-MLC74450912096_022024-E.webp
781	https://http2.mlstatic.com/D_Q_NP_2X_620070-MLC80175189477_102024-E.webp
782	https://http2.mlstatic.com/D_Q_NP_2X_996618-MLU73598020218_122023-E.webp
783	https://http2.mlstatic.com/D_Q_NP_2X_772068-MLA95209394616_102025-E.webp
784	https://http2.mlstatic.com/D_Q_NP_2X_924306-MLC92297289034_092025-E.webp
785	https://http2.mlstatic.com/D_Q_NP_2X_914015-MLC91971727924_092025-E.webp
786	https://http2.mlstatic.com/D_Q_NP_2X_608877-MLA93760581301_092025-E.webp
787	https://http2.mlstatic.com/D_Q_NP_2X_640947-MLA95188682204_102025-E.webp
788	https://http2.mlstatic.com/D_Q_NP_2X_742008-MLC51426079011_092022-E.webp
789	https://http2.mlstatic.com/D_Q_NP_2X_742008-MLC51426079011_092022-E.webp
1010	https://http2.mlstatic.com/D_Q_NP_2X_744998-MLC89591527024_082025-E.webp
1011	https://http2.mlstatic.com/D_Q_NP_2X_843850-MLC50061018287_052022-E.webp
1012	https://http2.mlstatic.com/D_Q_NP_2X_843850-MLC50061018287_052022-E.webp
1013	https://http2.mlstatic.com/D_Q_NP_2X_817793-MLC108361079871_032026-E-pantalon-de-trabajo-cargo-gabardina-cintura-elasticada.webp
1014	https://http2.mlstatic.com/D_Q_NP_2X_817793-MLC108361079871_032026-E-pantalon-de-trabajo-cargo-gabardina-cintura-elasticada.webp
1015	https://http2.mlstatic.com/D_Q_NP_2X_691202-MLC100693784886_122025-E.webp
1016	https://http2.mlstatic.com/D_Q_NP_2X_626105-MLA99590951394_122025-E.webp
1017	https://http2.mlstatic.com/D_Q_NP_2X_762463-MLC105322671576_012026-E.webp
1018	https://http2.mlstatic.com/D_Q_NP_2X_807550-MLA99466372778_112025-E.webp
1019	https://http2.mlstatic.com/D_Q_NP_2X_800017-MLC109804767393_032026-E.webp
790	https://http2.mlstatic.com/D_Q_NP_2X_742008-MLC51426079011_092022-E.webp
791	https://http2.mlstatic.com/D_Q_NP_2X_672423-MLC92699715345_092025-E.webp
792	https://http2.mlstatic.com/D_Q_NP_2X_924306-MLC92297289034_092025-E.webp
793	https://http2.mlstatic.com/D_Q_NP_2X_659114-MLC78584736752_082024-E.webp
794	https://http2.mlstatic.com/D_Q_NP_2X_659114-MLC78584736752_082024-E.webp
795	https://http2.mlstatic.com/D_Q_NP_2X_710200-MLA100001206043_112025-E.webp
796	https://http2.mlstatic.com/D_Q_NP_2X_708597-MLA99899812923_112025-E.webp
797	https://http2.mlstatic.com/D_Q_NP_2X_680607-CBT91553199668_092025-E.webp
798	https://http2.mlstatic.com/D_Q_NP_2X_680607-CBT91553199668_092025-E.webp
799	https://http2.mlstatic.com/D_Q_NP_2X_680607-CBT91553199668_092025-E.webp
1020	https://http2.mlstatic.com/D_Q_NP_2X_774488-MLU78475754352_082024-E.webp
1021	https://http2.mlstatic.com/D_Q_NP_2X_998529-MLA99606543254_122025-E.webp
1022	https://http2.mlstatic.com/D_Q_NP_2X_617972-MLA82431999457_022025-E.webp
1023	https://http2.mlstatic.com/D_Q_NP_2X_803737-MLA100082067019_122025-E.webp
1024	https://http2.mlstatic.com/D_Q_NP_2X_804503-MLC90644757688_082025-E.webp
1025	https://http2.mlstatic.com/D_Q_NP_2X_895010-MLC90643850310_082025-E.webp
1026	https://http2.mlstatic.com/D_Q_NP_2X_863911-MLC79695200674_102024-E.webp
1027	https://http2.mlstatic.com/D_Q_NP_2X_913934-MLA100113220811_122025-E.webp
1028	https://http2.mlstatic.com/D_Q_NP_2X_692372-MLC87584537540_072025-E.webp
1029	https://http2.mlstatic.com/D_Q_NP_2X_913934-MLA100113220811_122025-E.webp
400	https://http2.mlstatic.com/D_Q_NP_2X_654168-MLC95426576990_102025-E-chaleco-geologo-poplin-con-cinta-azul-ramm-tec.webp
401	https://http2.mlstatic.com/D_Q_NP_2X_656985-MLC78657983040_092024-E.webp
402	https://http2.mlstatic.com/D_Q_NP_2X_656985-MLC78657983040_092024-E.webp
403	https://http2.mlstatic.com/D_Q_NP_2X_656985-MLC78657983040_092024-E.webp
404	https://http2.mlstatic.com/D_Q_NP_2X_656985-MLC78657983040_092024-E.webp
405	https://http2.mlstatic.com/D_Q_NP_2X_904775-MLC78657866720_092024-E.webp
406	https://http2.mlstatic.com/D_Q_NP_2X_904775-MLC78657866720_092024-E.webp
407	https://http2.mlstatic.com/D_Q_NP_2X_904775-MLC78657866720_092024-E.webp
408	https://http2.mlstatic.com/D_Q_NP_2X_904775-MLC78657866720_092024-E.webp
1030	https://http2.mlstatic.com/D_Q_NP_2X_692372-MLC87584537540_072025-E.webp
409	https://http2.mlstatic.com/D_Q_NP_2X_904775-MLC78657866720_092024-E.webp
1031	https://http2.mlstatic.com/D_Q_NP_2X_869762-MLC80553767667_112024-E.webp
1032	https://http2.mlstatic.com/D_Q_NP_2X_668255-MLA100106303585_122025-E.webp
1033	https://http2.mlstatic.com/D_Q_NP_2X_764469-MLC93160727570_092025-E.webp
1034	https://http2.mlstatic.com/D_Q_NP_2X_947340-MLA99425372624_112025-E.webp
1035	https://http2.mlstatic.com/D_Q_NP_2X_990838-MLU77846132676_072024-E.webp
1036	https://http2.mlstatic.com/D_Q_NP_2X_990838-MLU77846132676_072024-E.webp
1037	https://http2.mlstatic.com/D_Q_NP_2X_910793-MLC82311568233_022025-E.webp
1038	https://http2.mlstatic.com/D_Q_NP_2X_910793-MLC82311568233_022025-E.webp
1039	https://http2.mlstatic.com/D_Q_NP_2X_910793-MLC82311568233_022025-E.webp
410	https://http2.mlstatic.com/D_Q_NP_2X_781480-MLC92296098986_092025-E.webp
411	https://http2.mlstatic.com/D_Q_NP_2X_781480-MLC92296098986_092025-E.webp
412	https://http2.mlstatic.com/D_Q_NP_2X_646646-MLC92703451009_092025-E.webp
413	https://http2.mlstatic.com/D_Q_NP_2X_910567-MLC81053464461_112024-E.webp
414	https://http2.mlstatic.com/D_Q_NP_2X_910567-MLC81053464461_112024-E.webp
415	https://http2.mlstatic.com/D_Q_NP_2X_860610-MLC111389321431_052026-E.webp
416	https://http2.mlstatic.com/D_Q_NP_2X_960390-MLU70727281487_072023-E.webp
417	https://http2.mlstatic.com/D_Q_NP_2X_960390-MLU70727281487_072023-E.webp
418	https://http2.mlstatic.com/D_Q_NP_2X_948745-MLA99465930338_112025-E.webp
1040	https://http2.mlstatic.com/D_Q_NP_2X_910793-MLC82311568233_022025-E.webp
419	https://http2.mlstatic.com/D_Q_NP_2X_944586-MLA99596954044_122025-E.webp
1041	https://http2.mlstatic.com/D_Q_NP_2X_910793-MLC82311568233_022025-E.webp
1042	https://http2.mlstatic.com/D_Q_NP_2X_910793-MLC82311568233_022025-E.webp
1043	https://http2.mlstatic.com/D_Q_NP_2X_996283-MLA95679328732_102025-E.webp
1044	https://http2.mlstatic.com/D_Q_NP_2X_996283-MLA95679328732_102025-E.webp
1045	https://http2.mlstatic.com/D_Q_NP_2X_996283-MLA95679328732_102025-E.webp
1046	https://http2.mlstatic.com/D_Q_NP_2X_996283-MLA95679328732_102025-E.webp
1047	https://http2.mlstatic.com/D_Q_NP_2X_996283-MLA95679328732_102025-E.webp
1048	https://http2.mlstatic.com/D_Q_NP_2X_996283-MLA95679328732_102025-E.webp
1049	https://http2.mlstatic.com/D_Q_NP_2X_996283-MLA95679328732_102025-E.webp
420	https://http2.mlstatic.com/D_Q_NP_2X_948745-MLA99465930338_112025-E.webp
421	https://http2.mlstatic.com/D_Q_NP_2X_948745-MLA99465930338_112025-E.webp
422	https://http2.mlstatic.com/D_Q_NP_2X_809374-MLA92857737209_092025-E.webp
423	https://http2.mlstatic.com/D_Q_NP_2X_745820-MLC100602440616_122025-E.webp
424	https://http2.mlstatic.com/D_Q_NP_2X_995483-MLA84845571059_052025-E.webp
425	https://http2.mlstatic.com/D_Q_NP_2X_880852-MLA92592995899_092025-E.webp
426	https://http2.mlstatic.com/D_Q_NP_2X_960390-MLU70727281487_072023-E.webp
427	https://http2.mlstatic.com/D_Q_NP_2X_960390-MLU70727281487_072023-E.webp
1050	https://http2.mlstatic.com/D_Q_NP_2X_996283-MLA95679328732_102025-E.webp
428	https://http2.mlstatic.com/D_Q_NP_2X_960390-MLU70727281487_072023-E.webp
429	https://http2.mlstatic.com/D_Q_NP_2X_752280-CBT112446923929_052026-E.webp
1051	https://http2.mlstatic.com/D_Q_NP_2X_996283-MLA95679328732_102025-E.webp
1052	https://http2.mlstatic.com/D_Q_NP_2X_942788-MLA95407771724_102025-E.webp
1053	https://http2.mlstatic.com/D_Q_NP_2X_942788-MLA95407771724_102025-E.webp
1054	https://http2.mlstatic.com/D_Q_NP_2X_942788-MLA95407771724_102025-E.webp
1055	https://http2.mlstatic.com/D_Q_NP_2X_942788-MLA95407771724_102025-E.webp
1056	https://http2.mlstatic.com/D_Q_NP_2X_942788-MLA95407771724_102025-E.webp
1057	https://http2.mlstatic.com/D_Q_NP_2X_942788-MLA95407771724_102025-E.webp
1058	https://http2.mlstatic.com/D_Q_NP_2X_629937-MLA96136067265_102025-E.webp
1059	https://http2.mlstatic.com/D_Q_NP_2X_629937-MLA96136067265_102025-E.webp
430	https://http2.mlstatic.com/D_Q_NP_2X_774570-CBT108413175656_032026-E.webp
435	https://http2.mlstatic.com/D_Q_NP_2X_870900-MLA100082245977_122025-E.webp
436	https://http2.mlstatic.com/D_Q_NP_2X_870900-MLA100082245977_122025-E.webp
437	https://http2.mlstatic.com/D_Q_NP_2X_870900-MLA100082245977_122025-E.webp
438	https://http2.mlstatic.com/D_Q_NP_2X_712600-MLA110983853914_052026-E.webp
1060	https://http2.mlstatic.com/D_Q_NP_2X_629937-MLA96136067265_102025-E.webp
439	https://http2.mlstatic.com/D_Q_NP_2X_712600-MLA110983853914_052026-E.webp
1061	https://http2.mlstatic.com/D_Q_NP_2X_629937-MLA96136067265_102025-E.webp
1062	https://http2.mlstatic.com/D_Q_NP_2X_629937-MLA96136067265_102025-E.webp
1063	https://http2.mlstatic.com/D_Q_NP_2X_629937-MLA96136067265_102025-E.webp
1064	https://http2.mlstatic.com/D_Q_NP_2X_629937-MLA96136067265_102025-E.webp
1065	https://http2.mlstatic.com/D_Q_NP_2X_629937-MLA96136067265_102025-E.webp
1066	https://http2.mlstatic.com/D_Q_NP_2X_629937-MLA96136067265_102025-E.webp
1067	https://http2.mlstatic.com/D_Q_NP_2X_684494-MLC108116521531_032026-E.webp
1068	https://http2.mlstatic.com/D_Q_NP_2X_684494-MLC108116521531_032026-E.webp
1069	https://http2.mlstatic.com/D_Q_NP_2X_684494-MLC108116521531_032026-E.webp
440	https://http2.mlstatic.com/D_Q_NP_2X_712600-MLA110983853914_052026-E.webp
441	https://http2.mlstatic.com/D_Q_NP_2X_712600-MLA110983853914_052026-E.webp
442	https://http2.mlstatic.com/D_Q_NP_2X_712600-MLA110983853914_052026-E.webp
443	https://http2.mlstatic.com/D_Q_NP_2X_712600-MLA110983853914_052026-E.webp
444	https://http2.mlstatic.com/D_Q_NP_2X_712600-MLA110983853914_052026-E.webp
445	https://http2.mlstatic.com/D_Q_NP_2X_751658-MLA108966665458_032026-E.webp
446	https://http2.mlstatic.com/D_Q_NP_2X_751658-MLA108966665458_032026-E.webp
447	https://http2.mlstatic.com/D_Q_NP_2X_662576-MLA95239328419_102025-E.webp
1070	https://http2.mlstatic.com/D_Q_NP_2X_873437-MLC92195697778_092025-E.webp
448	https://http2.mlstatic.com/D_Q_NP_2X_662576-MLA95239328419_102025-E.webp
1071	https://http2.mlstatic.com/D_Q_NP_2X_873437-MLC92195697778_092025-E.webp
449	https://http2.mlstatic.com/D_Q_NP_2X_662576-MLA95239328419_102025-E.webp
1072	https://http2.mlstatic.com/D_Q_NP_2X_873437-MLC92195697778_092025-E.webp
1073	https://http2.mlstatic.com/D_Q_NP_2X_873437-MLC92195697778_092025-E.webp
1074	https://http2.mlstatic.com/D_Q_NP_2X_644520-MLC79646924468_102024-E.webp
1075	https://http2.mlstatic.com/D_Q_NP_2X_799718-MLA108125280857_032026-E.webp
1076	https://http2.mlstatic.com/D_Q_NP_2X_834469-MLA99538816158_122025-E.webp
1077	https://http2.mlstatic.com/D_Q_NP_2X_834469-MLA99538816158_122025-E.webp
1078	https://http2.mlstatic.com/D_Q_NP_2X_884251-MLC80175630345_102024-E.webp
1079	https://http2.mlstatic.com/D_Q_NP_2X_649788-MLA96223240962_102025-E.webp
450	https://http2.mlstatic.com/D_Q_NP_2X_662576-MLA95239328419_102025-E.webp
451	https://http2.mlstatic.com/D_Q_NP_2X_662576-MLA95239328419_102025-E.webp
452	https://http2.mlstatic.com/D_Q_NP_2X_662576-MLA95239328419_102025-E.webp
453	https://http2.mlstatic.com/D_Q_NP_2X_821180-MLA96178005719_102025-E.webp
454	https://http2.mlstatic.com/D_Q_NP_2X_821180-MLA96178005719_102025-E.webp
455	https://http2.mlstatic.com/D_Q_NP_2X_821180-MLA96178005719_102025-E.webp
456	https://http2.mlstatic.com/D_Q_NP_2X_821180-MLA96178005719_102025-E.webp
1080	https://http2.mlstatic.com/D_Q_NP_2X_616423-MLA105610739712_012026-E.webp
1081	https://http2.mlstatic.com/D_Q_NP_2X_929788-MLA100052371431_122025-E.webp
1082	https://http2.mlstatic.com/D_Q_NP_2X_777953-MLA99343126498_112025-E.webp
1083	https://http2.mlstatic.com/D_Q_NP_2X_629404-MLA99834191003_112025-E.webp
1084	https://http2.mlstatic.com/D_Q_NP_2X_724803-MLA99379229626_112025-E.webp
1085	https://http2.mlstatic.com/D_Q_NP_2X_724803-MLA99379229626_112025-E.webp
1086	https://http2.mlstatic.com/D_Q_NP_2X_799751-MLC112196957083_052026-E.webp
1087	https://http2.mlstatic.com/D_Q_NP_2X_856780-MLA99833158959_112025-E.webp
1088	https://http2.mlstatic.com/D_Q_NP_2X_636348-MLA96878162921_102025-E.webp
1089	https://http2.mlstatic.com/D_Q_NP_2X_636348-MLA96878162921_102025-E.webp
461	https://http2.mlstatic.com/D_Q_NP_2X_739275-MLC49512084397_032022-E.webp
462	https://http2.mlstatic.com/D_Q_NP_2X_707862-MLC90849550374_082025-E.webp
463	https://http2.mlstatic.com/D_Q_NP_2X_668645-MLC43009279326_082020-E.webp
464	https://http2.mlstatic.com/D_Q_NP_2X_668645-MLC43009279326_082020-E.webp
466	https://http2.mlstatic.com/D_Q_NP_2X_879321-MLC53020332545_122022-E.webp
467	https://http2.mlstatic.com/D_Q_NP_2X_769823-MLC76420070369_052024-E.webp
468	https://http2.mlstatic.com/D_Q_NP_2X_879321-MLC53020332545_122022-E.webp
1090	https://http2.mlstatic.com/D_Q_NP_2X_933311-MLA99608263608_122025-E.webp
469	https://http2.mlstatic.com/D_Q_NP_2X_769823-MLC76420070369_052024-E.webp
1091	https://http2.mlstatic.com/D_Q_NP_2X_750971-MLC97349582539_112025-E.webp
1092	https://http2.mlstatic.com/D_Q_NP_2X_910853-MLC94681704928_102025-E.webp
1093	https://http2.mlstatic.com/D_Q_NP_2X_921125-MLA99509381504_112025-E.webp
1094	https://http2.mlstatic.com/D_Q_NP_2X_868434-MLC109629962262_042026-E-pintura-para-techos-brizzinc-brizz-galon-4-lt.webp
1095	https://http2.mlstatic.com/D_Q_NP_2X_868434-MLC109629962262_042026-E-pintura-para-techos-brizzinc-brizz-galon-4-lt.webp
1096	https://http2.mlstatic.com/D_Q_NP_2X_868434-MLC109629962262_042026-E-pintura-para-techos-brizzinc-brizz-galon-4-lt.webp
1097	https://http2.mlstatic.com/D_Q_NP_2X_606939-MLA99449829442_112025-E.webp
1098	https://http2.mlstatic.com/D_Q_NP_2X_668397-MLC100351013537_122025-E.webp
1099	https://http2.mlstatic.com/D_Q_NP_2X_878878-MLC81754760465_012025-E.webp
470	https://http2.mlstatic.com/D_Q_NP_2X_668645-MLC43009279326_082020-E.webp
471	https://http2.mlstatic.com/D_Q_NP_2X_668645-MLC43009279326_082020-E.webp
472	https://http2.mlstatic.com/D_Q_NP_2X_668645-MLC43009279326_082020-E.webp
473	https://http2.mlstatic.com/D_Q_NP_2X_744631-MLC89593810213_082025-E.webp
474	https://http2.mlstatic.com/D_Q_NP_2X_741502-MLC89372210611_082025-E.webp
475	https://http2.mlstatic.com/D_Q_NP_2X_744631-MLC89593810213_082025-E.webp
476	https://http2.mlstatic.com/D_Q_NP_2X_741502-MLC89372210611_082025-E.webp
477	https://http2.mlstatic.com/D_Q_NP_2X_855999-MLC110705461787_042026-E.webp
478	https://http2.mlstatic.com/D_Q_NP_2X_980507-MLC110710391115_042026-E.webp
479	https://http2.mlstatic.com/D_Q_NP_2X_871116-MLC110706303229_042026-E.webp
1700	https://http2.mlstatic.com/D_Q_NP_2X_661649-MLC79749947073_102024-E.webp
1704	https://http2.mlstatic.com/D_Q_NP_2X_724734-MLC79400057372_092024-E.webp
1705	https://http2.mlstatic.com/D_Q_NP_2X_724734-MLC79400057372_092024-E.webp
480	https://http2.mlstatic.com/D_Q_NP_2X_693157-MLC71166928719_082023-E.webp
481	https://http2.mlstatic.com/D_Q_NP_2X_991725-MLC109813788632_042026-E.webp
1707	https://http2.mlstatic.com/D_Q_NP_2X_661649-MLC79749947073_102024-E.webp
482	https://http2.mlstatic.com/D_Q_NP_2X_928128-MLC110705820587_042026-E.webp
483	https://http2.mlstatic.com/D_Q_NP_2X_928825-MLC50533985885_062022-E.webp
1709	https://http2.mlstatic.com/D_Q_NP_2X_918506-MLA109039564615_032026-E.webp
484	https://http2.mlstatic.com/D_Q_NP_2X_880730-MLC110705909685_042026-E.webp
485	https://http2.mlstatic.com/D_Q_NP_2X_891402-MLA100128653455_122025-E.webp
486	https://http2.mlstatic.com/D_Q_NP_2X_891402-MLA100128653455_122025-E.webp
487	https://http2.mlstatic.com/D_Q_NP_2X_737558-MLA97116319776_112025-E.webp
488	https://http2.mlstatic.com/D_Q_NP_2X_737558-MLA97116319776_112025-E.webp
489	https://http2.mlstatic.com/D_Q_NP_2X_881185-MLC91912453584_092025-E.webp
1710	https://http2.mlstatic.com/D_Q_NP_2X_628505-MLA99991762449_112025-E.webp
1715	https://http2.mlstatic.com/D_Q_NP_2X_742014-MLA99144589909_112025-E.webp
490	https://http2.mlstatic.com/D_Q_NP_2X_823466-MLC72207813834_102023-E.webp
491	https://http2.mlstatic.com/D_Q_NP_2X_985849-MLA97404295957_112025-E.webp
492	https://http2.mlstatic.com/D_Q_NP_2X_715221-MLC50638201739_072022-E.webp
493	https://http2.mlstatic.com/D_Q_NP_2X_616749-MLA97119076199_112025-E.webp
494	https://http2.mlstatic.com/D_Q_NP_2X_799252-MLA95399967594_102025-E.webp
495	https://http2.mlstatic.com/D_Q_NP_2X_700310-MLC74833501427_022024-E.webp
496	https://http2.mlstatic.com/D_Q_NP_2X_946345-MLA100108424273_122025-E.webp
497	https://http2.mlstatic.com/D_Q_NP_2X_946345-MLA100108424273_122025-E.webp
498	https://http2.mlstatic.com/D_Q_NP_2X_935691-MLC89161633813_082025-E.webp
499	https://http2.mlstatic.com/D_Q_NP_2X_935691-MLC89161633813_082025-E.webp
1720	https://http2.mlstatic.com/D_Q_NP_2X_953305-MLA100068389907_122025-E.webp
1721	https://http2.mlstatic.com/D_Q_NP_2X_645897-MLC69664857285_052023-E.webp
1722	https://http2.mlstatic.com/D_Q_NP_2X_953305-MLA100068389907_122025-E.webp
1723	https://http2.mlstatic.com/D_Q_NP_2X_931517-MLA99516291994_112025-E.webp
1727	https://http2.mlstatic.com/D_Q_NP_2X_736722-MLC80053839750_102024-E.webp
1728	https://http2.mlstatic.com/D_Q_NP_2X_736722-MLC80053839750_102024-E.webp
1729	https://http2.mlstatic.com/D_Q_NP_2X_736722-MLC80053839750_102024-E.webp
100	https://http2.mlstatic.com/D_Q_NP_2X_783000-MLA103363159482_012026-E.webp
101	https://http2.mlstatic.com/D_Q_NP_2X_913859-MLA108328095871_032026-E.webp
102	https://http2.mlstatic.com/D_Q_NP_2X_785839-MLA79525405959_092024-E.webp
103	https://http2.mlstatic.com/D_Q_NP_2X_610626-MLA107455733431_022026-E.webp
104	https://http2.mlstatic.com/D_Q_NP_2X_622821-MLA95404004436_102025-E.webp
105	https://http2.mlstatic.com/D_Q_NP_2X_996985-MLC78967338100_092024-E.webp
106	https://http2.mlstatic.com/D_Q_NP_2X_996985-MLC78967338100_092024-E.webp
107	https://http2.mlstatic.com/D_Q_NP_2X_996985-MLC78967338100_092024-E.webp
108	https://http2.mlstatic.com/D_Q_NP_2X_996985-MLC78967338100_092024-E.webp
109	https://http2.mlstatic.com/D_Q_NP_2X_996985-MLC78967338100_092024-E.webp
1730	https://http2.mlstatic.com/D_Q_NP_2X_736722-MLC80053839750_102024-E.webp
1731	https://http2.mlstatic.com/D_Q_NP_2X_736722-MLC80053839750_102024-E.webp
1732	https://http2.mlstatic.com/D_Q_NP_2X_736722-MLC80053839750_102024-E.webp
1733	https://http2.mlstatic.com/D_Q_NP_2X_736722-MLC80053839750_102024-E.webp
1734	https://http2.mlstatic.com/D_Q_NP_2X_770896-MLC81053334891_112024-E.webp
1736	https://http2.mlstatic.com/D_Q_NP_2X_858692-MLC81068050955_112024-E.webp
110	https://http2.mlstatic.com/D_Q_NP_2X_996985-MLC78967338100_092024-E.webp
111	https://http2.mlstatic.com/D_Q_NP_2X_996985-MLC78967338100_092024-E.webp
112	https://http2.mlstatic.com/D_Q_NP_2X_996985-MLC78967338100_092024-E.webp
113	https://http2.mlstatic.com/D_Q_NP_2X_996985-MLC78967338100_092024-E.webp
114	https://http2.mlstatic.com/D_Q_NP_2X_996985-MLC78967338100_092024-E.webp
115	https://http2.mlstatic.com/D_Q_NP_2X_996985-MLC78967338100_092024-E.webp
116	https://http2.mlstatic.com/D_Q_NP_2X_996985-MLC78967338100_092024-E.webp
117	https://http2.mlstatic.com/D_Q_NP_2X_996985-MLC78967338100_092024-E.webp
118	https://http2.mlstatic.com/D_Q_NP_2X_996985-MLC78967338100_092024-E.webp
119	https://http2.mlstatic.com/D_Q_NP_2X_996985-MLC78967338100_092024-E.webp
1741	https://http2.mlstatic.com/D_Q_NP_2X_796069-MLC99245903134_112025-E.webp
1742	https://http2.mlstatic.com/D_Q_NP_2X_796069-MLC99245903134_112025-E.webp
1743	https://http2.mlstatic.com/D_Q_NP_2X_796069-MLC99245903134_112025-E.webp
120	https://http2.mlstatic.com/D_Q_NP_2X_996985-MLC78967338100_092024-E.webp
121	https://http2.mlstatic.com/D_Q_NP_2X_996985-MLC78967338100_092024-E.webp
122	https://http2.mlstatic.com/D_Q_NP_2X_822664-MLC75698277454_042024-E.webp
123	https://http2.mlstatic.com/D_Q_NP_2X_822664-MLC75698277454_042024-E.webp
124	https://http2.mlstatic.com/D_Q_NP_2X_822664-MLC75698277454_042024-E.webp
125	https://http2.mlstatic.com/D_Q_NP_2X_822664-MLC75698277454_042024-E.webp
126	https://http2.mlstatic.com/D_Q_NP_2X_822664-MLC75698277454_042024-E.webp
127	https://http2.mlstatic.com/D_Q_NP_2X_822664-MLC75698277454_042024-E.webp
128	https://http2.mlstatic.com/D_Q_NP_2X_822664-MLC75698277454_042024-E.webp
129	https://http2.mlstatic.com/D_Q_NP_2X_822664-MLC75698277454_042024-E.webp
1752	https://http2.mlstatic.com/D_Q_NP_2X_889254-MLA95632435746_102025-E.webp
1754	https://http2.mlstatic.com/D_Q_NP_2X_654168-MLC95426576990_102025-E-chaleco-geologo-poplin-con-cinta-azul-ramm-tec.webp
1755	https://http2.mlstatic.com/D_Q_NP_2X_656985-MLC78657983040_092024-E.webp
1756	https://http2.mlstatic.com/D_Q_NP_2X_656985-MLC78657983040_092024-E.webp
1757	https://http2.mlstatic.com/D_Q_NP_2X_904775-MLC78657866720_092024-E.webp
130	https://http2.mlstatic.com/D_Q_NP_2X_822664-MLC75698277454_042024-E.webp
131	https://http2.mlstatic.com/D_Q_NP_2X_822664-MLC75698277454_042024-E.webp
132	https://http2.mlstatic.com/D_Q_NP_2X_790673-MLC76371002159_052024-E.webp
133	https://http2.mlstatic.com/D_Q_NP_2X_897037-MLC95128189669_102025-E.webp
134	https://http2.mlstatic.com/D_Q_NP_2X_814760-MLC96743553963_102025-E.webp
135	https://http2.mlstatic.com/D_Q_NP_2X_814760-MLC96743553963_102025-E.webp
136	https://http2.mlstatic.com/D_Q_NP_2X_755791-MLC31872781903_082019-E.webp
137	https://http2.mlstatic.com/D_Q_NP_2X_755791-MLC31872781903_082019-E.webp
138	https://http2.mlstatic.com/D_Q_NP_2X_814760-MLC96743553963_102025-E.webp
139	https://http2.mlstatic.com/D_Q_NP_2X_716091-MLA99465509578_112025-E.webp
1762	https://http2.mlstatic.com/D_Q_NP_2X_880852-MLA92592995899_092025-E.webp
1769	https://http2.mlstatic.com/D_Q_NP_2X_662576-MLA95239328419_102025-E.webp
140	https://http2.mlstatic.com/D_Q_NP_2X_716091-MLA99465509578_112025-E.webp
141	https://http2.mlstatic.com/D_Q_NP_2X_699532-MLA101798840678_122025-E.webp
142	https://http2.mlstatic.com/D_Q_NP_2X_699532-MLA101798840678_122025-E.webp
143	https://http2.mlstatic.com/D_Q_NP_2X_755791-MLC31872781903_082019-E.webp
144	https://http2.mlstatic.com/D_Q_NP_2X_755791-MLC31872781903_082019-E.webp
146	https://http2.mlstatic.com/D_Q_NP_2X_699532-MLA101798840678_122025-E.webp
147	https://http2.mlstatic.com/D_Q_NP_2X_699532-MLA101798840678_122025-E.webp
148	https://http2.mlstatic.com/D_Q_NP_2X_699532-MLA101798840678_122025-E.webp
149	https://http2.mlstatic.com/D_Q_NP_2X_816019-MLA99941539849_112025-E.webp
1770	https://http2.mlstatic.com/D_Q_NP_2X_662576-MLA95239328419_102025-E.webp
1771	https://http2.mlstatic.com/D_Q_NP_2X_662576-MLA95239328419_102025-E.webp
1772	https://http2.mlstatic.com/D_Q_NP_2X_821180-MLA96178005719_102025-E.webp
1779	https://http2.mlstatic.com/D_Q_NP_2X_980507-MLC110710391115_042026-E.webp
150	https://http2.mlstatic.com/D_Q_NP_2X_906203-MLA96104002349_102025-E.webp
152	https://http2.mlstatic.com/D_Q_NP_2X_690420-MLA100080956769_122025-E.webp
153	https://http2.mlstatic.com/D_Q_NP_2X_690420-MLA100080956769_122025-E.webp
154	https://http2.mlstatic.com/D_Q_NP_2X_690420-MLA100080956769_122025-E.webp
155	https://http2.mlstatic.com/D_Q_NP_2X_711091-MLC99664886556_122025-E.webp
156	https://http2.mlstatic.com/D_Q_NP_2X_711091-MLC99664886556_122025-E.webp
157	https://http2.mlstatic.com/D_Q_NP_2X_711091-MLC99664886556_122025-E.webp
158	https://http2.mlstatic.com/D_Q_NP_2X_711091-MLC99664886556_122025-E.webp
159	https://http2.mlstatic.com/D_Q_NP_2X_711091-MLC99664886556_122025-E.webp
1788	https://http2.mlstatic.com/D_Q_NP_2X_866804-MLC75732099567_042024-E.webp
160	https://http2.mlstatic.com/D_Q_NP_2X_842202-MLA92412062982_092025-E.webp
161	https://http2.mlstatic.com/D_Q_NP_2X_842202-MLA92412062982_092025-E.webp
162	https://http2.mlstatic.com/D_Q_NP_2X_842202-MLA92412062982_092025-E.webp
163	https://http2.mlstatic.com/D_Q_NP_2X_842202-MLA92412062982_092025-E.webp
164	https://http2.mlstatic.com/D_Q_NP_2X_842202-MLA92412062982_092025-E.webp
165	https://http2.mlstatic.com/D_Q_NP_2X_842202-MLA92412062982_092025-E.webp
166	https://http2.mlstatic.com/D_Q_NP_2X_676601-MLA96507450007_102025-E.webp
167	https://http2.mlstatic.com/D_Q_NP_2X_676601-MLA96507450007_102025-E.webp
168	https://http2.mlstatic.com/D_Q_NP_2X_676601-MLA96507450007_102025-E.webp
169	https://http2.mlstatic.com/D_Q_NP_2X_676601-MLA96507450007_102025-E.webp
1790	https://http2.mlstatic.com/D_Q_NP_2X_648618-MLC70296868014_072023-E.webp
1791	https://http2.mlstatic.com/D_Q_NP_2X_993096-MLC90750759754_082025-E.webp
1793	https://http2.mlstatic.com/D_Q_NP_2X_684480-MLU73695900095_122023-E.webp
1795	https://http2.mlstatic.com/D_Q_NP_2X_909830-MLC69668045349_052023-E.webp
1798	https://http2.mlstatic.com/D_Q_NP_2X_915096-MLA99615494264_122025-O.webp
1799	https://http2.mlstatic.com/D_Q_NP_2X_915096-MLA99615494264_122025-O.webp
170	https://http2.mlstatic.com/D_Q_NP_2X_676601-MLA96507450007_102025-E.webp
172	https://http2.mlstatic.com/D_Q_NP_2X_969417-MLA93495794833_092025-E.webp
173	https://http2.mlstatic.com/D_Q_NP_2X_953948-MLC70755069854_072023-E.webp
174	https://http2.mlstatic.com/D_Q_NP_2X_604228-MLC70755080954_072023-E.webp
175	https://http2.mlstatic.com/D_Q_NP_2X_604228-MLC70755080954_072023-E.webp
176	https://http2.mlstatic.com/D_Q_NP_2X_969417-MLA93495794833_092025-E.webp
177	https://http2.mlstatic.com/D_Q_NP_2X_604228-MLC70755080954_072023-E.webp
178	https://http2.mlstatic.com/D_Q_NP_2X_953948-MLC70755069854_072023-E.webp
179	https://http2.mlstatic.com/D_Q_NP_2X_604228-MLC70755080954_072023-E.webp
1400	https://http2.mlstatic.com/D_Q_NP_2X_928529-MLA96418133049_102025-E.webp
1401	https://http2.mlstatic.com/D_Q_NP_2X_976500-MLC109679183536_042026-E.webp
1402	https://http2.mlstatic.com/D_Q_NP_2X_933156-MLC79210831371_092024-E.webp
1403	https://http2.mlstatic.com/D_Q_NP_2X_706225-MLC83118277934_032025-E.webp
1404	https://http2.mlstatic.com/D_Q_NP_2X_863728-MLC49341634816_032022-E.webp
1405	https://http2.mlstatic.com/D_Q_NP_2X_614090-MLA100041534215_122025-E.webp
1406	https://http2.mlstatic.com/D_Q_NP_2X_614090-MLA100041534215_122025-E.webp
180	https://http2.mlstatic.com/D_Q_NP_2X_969417-MLA93495794833_092025-E.webp
1407	https://http2.mlstatic.com/D_Q_NP_2X_900325-MLC111161316443_052026-E.webp
181	https://http2.mlstatic.com/D_Q_NP_2X_953948-MLC70755069854_072023-E.webp
1408	https://http2.mlstatic.com/D_Q_NP_2X_900325-MLC111161316443_052026-E.webp
182	https://http2.mlstatic.com/D_Q_NP_2X_953948-MLC70755069854_072023-E.webp
1409	https://http2.mlstatic.com/D_Q_NP_2X_900325-MLC111161316443_052026-E.webp
183	https://http2.mlstatic.com/D_Q_NP_2X_948133-MLC93650002400_102025-E.webp
184	https://http2.mlstatic.com/D_Q_NP_2X_948133-MLC93650002400_102025-E.webp
185	https://http2.mlstatic.com/D_Q_NP_2X_948133-MLC93650002400_102025-E.webp
186	https://http2.mlstatic.com/D_Q_NP_2X_948133-MLC93650002400_102025-E.webp
187	https://http2.mlstatic.com/D_Q_NP_2X_948133-MLC93650002400_102025-E.webp
188	https://http2.mlstatic.com/D_Q_NP_2X_700310-MLC74833501427_022024-E.webp
189	https://http2.mlstatic.com/D_Q_NP_2X_730897-MLA99990559221_112025-E.webp
2300	https://http2.mlstatic.com/D_Q_NP_2X_667009-MLC90358681772_082025-E.webp
1410	https://http2.mlstatic.com/D_Q_NP_2X_614090-MLA100041534215_122025-E.webp
1411	https://http2.mlstatic.com/D_Q_NP_2X_811047-MLA105006864973_012026-E.webp
1412	https://http2.mlstatic.com/D_Q_NP_2X_811047-MLA105006864973_012026-E.webp
1413	https://http2.mlstatic.com/D_Q_NP_2X_811047-MLA105006864973_012026-E.webp
2305	https://http2.mlstatic.com/D_Q_NP_2X_884054-MLC105616769080_012026-E.webp
1414	https://http2.mlstatic.com/D_Q_NP_2X_811047-MLA105006864973_012026-E.webp
1415	https://http2.mlstatic.com/D_Q_NP_2X_811047-MLA105006864973_012026-E.webp
1416	https://http2.mlstatic.com/D_Q_NP_2X_811047-MLA105006864973_012026-E.webp
190	https://http2.mlstatic.com/D_Q_NP_2X_932314-MLA99360383724_112025-E.webp
1417	https://http2.mlstatic.com/D_Q_NP_2X_811047-MLA105006864973_012026-E.webp
191	https://http2.mlstatic.com/D_Q_NP_2X_906424-MLC89288759060_082025-E.webp
1418	https://http2.mlstatic.com/D_Q_NP_2X_811047-MLA105006864973_012026-E.webp
192	https://http2.mlstatic.com/D_Q_NP_2X_947232-MLA110049852164_042026-E.webp
1419	https://http2.mlstatic.com/D_Q_NP_2X_811047-MLA105006864973_012026-E.webp
193	https://http2.mlstatic.com/D_Q_NP_2X_947232-MLA110049852164_042026-E.webp
194	https://http2.mlstatic.com/D_Q_NP_2X_947232-MLA110049852164_042026-E.webp
195	https://http2.mlstatic.com/D_Q_NP_2X_947232-MLA110049852164_042026-E.webp
196	https://http2.mlstatic.com/D_Q_NP_2X_947232-MLA110049852164_042026-E.webp
197	https://http2.mlstatic.com/D_Q_NP_2X_782412-MLC110131894035_042026-E.webp
198	https://http2.mlstatic.com/D_Q_NP_2X_906424-MLC89288759060_082025-E.webp
199	https://http2.mlstatic.com/D_NQ_NP_2X_964735-MLA81727598548_012025-O.webp
1420	https://http2.mlstatic.com/D_Q_NP_2X_811047-MLA105006864973_012026-E.webp
1421	https://http2.mlstatic.com/D_Q_NP_2X_811047-MLA105006864973_012026-E.webp
1422	https://http2.mlstatic.com/D_Q_NP_2X_786996-MLA99594149752_122025-E.webp
1423	https://http2.mlstatic.com/D_Q_NP_2X_954037-MLC70766358864_072023-E.webp
1424	https://http2.mlstatic.com/D_Q_NP_2X_954037-MLC70766358864_072023-E.webp
1425	https://http2.mlstatic.com/D_Q_NP_2X_954037-MLC70766358864_072023-E.webp
1426	https://http2.mlstatic.com/D_Q_NP_2X_954037-MLC70766358864_072023-E.webp
1427	https://http2.mlstatic.com/D_Q_NP_2X_992668-MLC70797023595_072023-E.webp
1428	https://http2.mlstatic.com/D_Q_NP_2X_946216-MLC84249537913_042025-E.webp
1429	https://http2.mlstatic.com/D_Q_NP_2X_946216-MLC84249537913_042025-E.webp
800	https://http2.mlstatic.com/D_Q_NP_2X_619018-MLA100055819037_122025-E.webp
801	https://http2.mlstatic.com/D_Q_NP_2X_898641-MLC86356943123_062025-E.webp
802	https://http2.mlstatic.com/D_Q_NP_2X_898641-MLC86356943123_062025-E.webp
803	https://http2.mlstatic.com/D_Q_NP_2X_759115-MLA103141202250_012026-E.webp
804	https://http2.mlstatic.com/D_Q_NP_2X_934329-MLA99474065082_112025-E.webp
805	https://http2.mlstatic.com/D_Q_NP_2X_728749-MLA107190507245_022026-E.webp
806	https://http2.mlstatic.com/D_Q_NP_2X_773916-MLA95529019702_102025-E.webp
807	https://http2.mlstatic.com/D_Q_NP_2X_781953-MLC110419646473_042026-E.webp
1430	https://http2.mlstatic.com/D_Q_NP_2X_946216-MLC84249537913_042025-E.webp
2321	https://http2.mlstatic.com/D_NQ_NP_2X_906778-MLA99572362852_122025-O.webp
809	https://http2.mlstatic.com/D_Q_NP_2X_907109-CBT104435704209_012026-E.webp
1431	https://http2.mlstatic.com/D_Q_NP_2X_946216-MLC84249537913_042025-E.webp
2322	https://http2.mlstatic.com/D_NQ_NP_2X_784811-MLA99522477702_122025-O.webp
1432	https://http2.mlstatic.com/D_Q_NP_2X_946216-MLC84249537913_042025-E.webp
2323	https://http2.mlstatic.com/D_NQ_NP_2X_906778-MLA99572362852_122025-O.webp
2324	https://http2.mlstatic.com/D_Q_NP_2X_905417-MLC51426017101_092022-E.webp
1433	https://http2.mlstatic.com/D_Q_NP_2X_946216-MLC84249537913_042025-E.webp
1434	https://http2.mlstatic.com/D_Q_NP_2X_946216-MLC84249537913_042025-E.webp
1435	https://http2.mlstatic.com/D_Q_NP_2X_946216-MLC84249537913_042025-E.webp
1436	https://http2.mlstatic.com/D_Q_NP_2X_600943-MLA100090067563_122025-E.webp
2328	https://http2.mlstatic.com/D_Q_NP_2X_775503-MLU75502279227_032024-E.webp
1437	https://http2.mlstatic.com/D_Q_NP_2X_982031-CBT110162851566_042026-E.webp
2329	https://http2.mlstatic.com/D_Q_NP_2X_775503-MLU75502279227_032024-E.webp
1438	https://http2.mlstatic.com/D_Q_NP_2X_859680-MLC95224921319_102025-E.webp
810	https://http2.mlstatic.com/D_Q_NP_2X_907109-CBT104435704209_012026-E.webp
811	https://http2.mlstatic.com/D_Q_NP_2X_636441-MLA95636510262_102025-E.webp
813	https://http2.mlstatic.com/D_Q_NP_2X_847347-MLA86874379049_062025-E.webp
814	https://http2.mlstatic.com/D_Q_NP_2X_765004-MLC93547410258_102025-E.webp
815	https://http2.mlstatic.com/D_Q_NP_2X_833194-MLC54242341714_032023-E.webp
816	https://http2.mlstatic.com/D_Q_NP_2X_727768-MLC107820898750_032026-E.webp
2330	https://http2.mlstatic.com/D_Q_NP_2X_753501-MLC75237272003_032024-E.webp
817	https://http2.mlstatic.com/D_Q_NP_2X_999806-MLA104693247503_012026-E.webp
2331	https://http2.mlstatic.com/D_Q_NP_2X_857270-MLA92572417110_092025-E.webp
818	https://http2.mlstatic.com/D_Q_NP_2X_878500-MLA99382228526_112025-E.webp
2332	https://http2.mlstatic.com/D_Q_NP_2X_857270-MLA92572417110_092025-E.webp
819	https://http2.mlstatic.com/D_Q_NP_2X_820558-CBT94155481955_102025-E.webp
2333	https://http2.mlstatic.com/D_Q_NP_2X_857270-MLA92572417110_092025-E.webp
2334	https://http2.mlstatic.com/D_Q_NP_2X_857270-MLA92572417110_092025-E.webp
2335	https://http2.mlstatic.com/D_Q_NP_2X_785136-MLC89109680134_082025-E.webp
2336	https://http2.mlstatic.com/D_Q_NP_2X_785136-MLC89109680134_082025-E.webp
2337	https://http2.mlstatic.com/D_Q_NP_2X_785136-MLC89109680134_082025-E.webp
1446	https://http2.mlstatic.com/D_Q_NP_2X_966760-MLA104663481827_012026-E.webp
2338	https://http2.mlstatic.com/D_Q_NP_2X_785136-MLC89109680134_082025-E.webp
1447	https://http2.mlstatic.com/D_Q_NP_2X_966760-MLA104663481827_012026-E.webp
1448	https://http2.mlstatic.com/D_Q_NP_2X_966760-MLA104663481827_012026-E.webp
1449	https://http2.mlstatic.com/D_Q_NP_2X_966760-MLA104663481827_012026-E.webp
820	https://http2.mlstatic.com/D_Q_NP_2X_888594-MLC91661093671_092025-E.webp
821	https://http2.mlstatic.com/D_Q_NP_2X_719952-MLC104467377414_012026-E.webp
822	https://http2.mlstatic.com/D_Q_NP_2X_637982-MLA99508691008_112025-E.webp
823	https://http2.mlstatic.com/D_Q_NP_2X_858919-MLA99618157232_122025-E.webp
824	https://http2.mlstatic.com/D_Q_NP_2X_988188-MLC106564726135_022026-E.webp
825	https://http2.mlstatic.com/D_Q_NP_2X_939038-MLA100038857941_122025-E.webp
826	https://http2.mlstatic.com/D_Q_NP_2X_640665-MLC111591499949_052026-E.webp
827	https://http2.mlstatic.com/D_Q_NP_2X_971614-MLA100078698355_122025-E.webp
828	https://http2.mlstatic.com/D_Q_NP_2X_621151-MLA99842148539_112025-E.webp
1450	https://http2.mlstatic.com/D_Q_NP_2X_966760-MLA104663481827_012026-E.webp
829	https://http2.mlstatic.com/D_Q_NP_2X_971614-MLA100078698355_122025-E.webp
1451	https://http2.mlstatic.com/D_Q_NP_2X_966760-MLA104663481827_012026-E.webp
1452	https://http2.mlstatic.com/D_Q_NP_2X_966760-MLA104663481827_012026-E.webp
1453	https://http2.mlstatic.com/D_Q_NP_2X_966760-MLA104663481827_012026-E.webp
1454	https://http2.mlstatic.com/D_Q_NP_2X_966760-MLA104663481827_012026-E.webp
1455	https://http2.mlstatic.com/D_Q_NP_2X_966760-MLA104663481827_012026-E.webp
1456	https://http2.mlstatic.com/D_Q_NP_2X_934000-MLC54640243857_032023-E.webp
1457	https://http2.mlstatic.com/D_Q_NP_2X_653226-MLC72385012737_102023-E.webp
1458	https://http2.mlstatic.com/D_Q_NP_2X_702671-MLC109680754724_042026-E.webp
1459	https://http2.mlstatic.com/D_Q_NP_2X_904595-MLC110522308261_042026-E.webp
830	https://http2.mlstatic.com/D_Q_NP_2X_637982-MLA99508691008_112025-E.webp
831	https://http2.mlstatic.com/D_Q_NP_2X_858919-MLA99618157232_122025-E.webp
832	https://http2.mlstatic.com/D_Q_NP_2X_640665-MLC111591499949_052026-E.webp
833	https://http2.mlstatic.com/D_Q_NP_2X_804363-MLC109779227224_042026-E.webp
834	https://http2.mlstatic.com/D_Q_NP_2X_636441-MLA95636510262_102025-E.webp
835	https://http2.mlstatic.com/D_Q_NP_2X_636441-MLA95636510262_102025-E.webp
836	https://http2.mlstatic.com/D_Q_NP_2X_951955-MLA99564885518_122025-E.webp
837	https://http2.mlstatic.com/D_Q_NP_2X_726199-MLA109683065313_032026-E.webp
1460	https://http2.mlstatic.com/D_Q_NP_2X_858364-MLC103505884854_012026-E.webp
838	https://http2.mlstatic.com/D_Q_NP_2X_822151-MLC90278035114_082025-E.webp
839	https://http2.mlstatic.com/D_Q_NP_2X_849319-MLA99593021674_122025-E.webp
1461	https://http2.mlstatic.com/D_Q_NP_2X_686222-MLA95839209479_102025-E.webp
1462	https://http2.mlstatic.com/D_Q_NP_2X_686222-MLA95839209479_102025-E.webp
1463	https://http2.mlstatic.com/D_Q_NP_2X_686222-MLA95839209479_102025-E.webp
1464	https://http2.mlstatic.com/D_Q_NP_2X_842202-MLA92412062982_092025-E.webp
1465	https://http2.mlstatic.com/D_Q_NP_2X_842202-MLA92412062982_092025-E.webp
1466	https://http2.mlstatic.com/D_Q_NP_2X_842202-MLA92412062982_092025-E.webp
1467	https://http2.mlstatic.com/D_Q_NP_2X_726987-MLC95099012121_102025-E.webp
1468	https://http2.mlstatic.com/D_Q_NP_2X_726987-MLC95099012121_102025-E.webp
1469	https://http2.mlstatic.com/D_Q_NP_2X_726987-MLC95099012121_102025-E.webp
840	https://http2.mlstatic.com/D_Q_NP_2X_849319-MLA99593021674_122025-E.webp
841	https://http2.mlstatic.com/D_Q_NP_2X_849319-MLA99593021674_122025-E.webp
842	https://http2.mlstatic.com/D_Q_NP_2X_840757-MLA92185254868_092025-E.webp
843	https://http2.mlstatic.com/D_Q_NP_2X_840757-MLA92185254868_092025-E.webp
844	https://http2.mlstatic.com/D_Q_NP_2X_840757-MLA92185254868_092025-E.webp
845	https://http2.mlstatic.com/D_Q_NP_2X_840757-MLA92185254868_092025-E.webp
846	https://http2.mlstatic.com/D_Q_NP_2X_840757-MLA92185254868_092025-E.webp
847	https://http2.mlstatic.com/D_Q_NP_2X_840757-MLA92185254868_092025-E.webp
848	https://http2.mlstatic.com/D_Q_NP_2X_781767-MLC93651340712_102025-E.webp
1470	https://http2.mlstatic.com/D_Q_NP_2X_625132-MLC31878437937_082019-E.webp
849	https://http2.mlstatic.com/D_Q_NP_2X_881261-MLA96274855520_102025-E.webp
1471	https://http2.mlstatic.com/D_Q_NP_2X_625132-MLC31878437937_082019-E.webp
1472	https://http2.mlstatic.com/D_Q_NP_2X_977134-MLA100073884427_122025-E.webp
1473	https://http2.mlstatic.com/D_Q_NP_2X_977134-MLA100073884427_122025-E.webp
1474	https://http2.mlstatic.com/D_Q_NP_2X_977134-MLA100073884427_122025-E.webp
1475	https://http2.mlstatic.com/D_Q_NP_2X_977134-MLA100073884427_122025-E.webp
1476	https://http2.mlstatic.com/D_Q_NP_2X_615075-MLA100115279675_122025-E.webp
1477	https://http2.mlstatic.com/D_Q_NP_2X_615075-MLA100115279675_122025-E.webp
1478	https://http2.mlstatic.com/D_Q_NP_2X_615075-MLA100115279675_122025-E.webp
1479	https://http2.mlstatic.com/D_Q_NP_2X_615075-MLA100115279675_122025-E.webp
850	https://http2.mlstatic.com/D_Q_NP_2X_840757-MLA92185254868_092025-E.webp
851	https://http2.mlstatic.com/D_Q_NP_2X_623470-MLA99606446504_122025-E.webp
852	https://http2.mlstatic.com/D_Q_NP_2X_623470-MLA99606446504_122025-E.webp
853	https://http2.mlstatic.com/D_Q_NP_2X_623470-MLA99606446504_122025-E.webp
854	https://http2.mlstatic.com/D_Q_NP_2X_623470-MLA99606446504_122025-E.webp
855	https://http2.mlstatic.com/D_Q_NP_2X_623470-MLA99606446504_122025-E.webp
856	https://http2.mlstatic.com/D_Q_NP_2X_623470-MLA99606446504_122025-E.webp
857	https://http2.mlstatic.com/D_Q_NP_2X_623470-MLA99606446504_122025-E.webp
858	https://http2.mlstatic.com/D_Q_NP_2X_623470-MLA99606446504_122025-E.webp
1480	https://http2.mlstatic.com/D_Q_NP_2X_924954-MLA93504653159_092025-E.webp
859	https://http2.mlstatic.com/D_Q_NP_2X_623470-MLA99606446504_122025-E.webp
1481	https://http2.mlstatic.com/D_Q_NP_2X_924954-MLA93504653159_092025-E.webp
1482	https://http2.mlstatic.com/D_Q_NP_2X_924954-MLA93504653159_092025-E.webp
1483	https://http2.mlstatic.com/D_Q_NP_2X_924954-MLA93504653159_092025-E.webp
1484	https://http2.mlstatic.com/D_Q_NP_2X_962110-MLA99499870848_112025-E.webp
1485	https://http2.mlstatic.com/D_Q_NP_2X_962110-MLA99499870848_112025-E.webp
1486	https://http2.mlstatic.com/D_Q_NP_2X_665539-MLA99870245617_112025-E.webp
1487	https://http2.mlstatic.com/D_Q_NP_2X_665539-MLA99870245617_112025-E.webp
1488	https://http2.mlstatic.com/D_Q_NP_2X_665539-MLA99870245617_112025-E.webp
1489	https://http2.mlstatic.com/D_Q_NP_2X_665539-MLA99870245617_112025-E.webp
860	https://http2.mlstatic.com/D_Q_NP_2X_702773-MLC76912128116_062024-E.webp
861	https://http2.mlstatic.com/D_Q_NP_2X_642812-MLA93511130635_092025-E.webp
862	https://http2.mlstatic.com/D_Q_NP_2X_893983-MLC93745344353_092025-E.webp
863	https://http2.mlstatic.com/D_Q_NP_2X_679142-MLC89569406490_082025-E.webp
864	https://http2.mlstatic.com/D_Q_NP_2X_733653-MLA99927118973_112025-E.webp
865	https://http2.mlstatic.com/D_Q_NP_2X_728425-MLA99843233275_112025-E.webp
866	https://http2.mlstatic.com/D_Q_NP_2X_694310-MLA100066938571_122025-E.webp
867	https://http2.mlstatic.com/D_Q_NP_2X_966909-MLU77938790922_082024-E.webp
1490	https://http2.mlstatic.com/D_Q_NP_2X_665539-MLA99870245617_112025-E.webp
868	https://http2.mlstatic.com/D_Q_NP_2X_858239-MLA100061057373_122025-E.webp
1491	https://http2.mlstatic.com/D_Q_NP_2X_858060-MLA96898399170_112025-E.webp
869	https://http2.mlstatic.com/D_Q_NP_2X_829293-MLC73553957788_122023-E.webp
1492	https://http2.mlstatic.com/D_Q_NP_2X_668244-MLA99571431464_122025-E.webp
1493	https://http2.mlstatic.com/D_Q_NP_2X_668244-MLA99571431464_122025-E.webp
1494	https://http2.mlstatic.com/D_Q_NP_2X_668244-MLA99571431464_122025-E.webp
1495	https://http2.mlstatic.com/D_Q_NP_2X_888822-MLA95656818184_102025-E.webp
1496	https://http2.mlstatic.com/D_Q_NP_2X_888822-MLA95656818184_102025-E.webp
1497	https://http2.mlstatic.com/D_Q_NP_2X_665539-MLA99870245617_112025-E.webp
1498	https://http2.mlstatic.com/D_Q_NP_2X_962110-MLA99499870848_112025-E.webp
870	https://http2.mlstatic.com/D_Q_NP_2X_895712-MLA96418593993_102025-E.webp
871	https://http2.mlstatic.com/D_Q_NP_2X_948200-MLA99998049979_112025-E.webp
872	https://http2.mlstatic.com/D_Q_NP_2X_695524-MLC99479358883_112025-E.webp
873	https://http2.mlstatic.com/D_Q_NP_2X_748947-MLC73201886565_122023-E.webp
874	https://http2.mlstatic.com/D_Q_NP_2X_642865-MLA100052367717_122025-E.webp
875	https://http2.mlstatic.com/D_Q_NP_2X_807877-MLA93859796718_102025-E.webp
876	https://http2.mlstatic.com/D_Q_NP_2X_807877-MLA93859796718_102025-E.webp
877	https://http2.mlstatic.com/D_Q_NP_2X_693967-MLA100007867811_122025-E.webp
878	https://http2.mlstatic.com/D_Q_NP_2X_966951-MLA99938111865_112025-E.webp
879	https://http2.mlstatic.com/D_Q_NP_2X_806310-MLA99441274028_112025-E.webp
1100	https://http2.mlstatic.com/D_Q_NP_2X_713580-MLC94993178359_102025-E.webp
1101	https://http2.mlstatic.com/D_Q_NP_2X_760906-MLA110990635763_042026-E.webp
1102	https://http2.mlstatic.com/D_Q_NP_2X_721688-MLA99478960274_112025-E.webp
1103	https://http2.mlstatic.com/D_Q_NP_2X_727463-MLA96676835735_102025-E.webp
1104	https://http2.mlstatic.com/D_Q_NP_2X_723784-MLC109850426248_042026-E.webp
1105	https://http2.mlstatic.com/D_Q_NP_2X_992680-MLC83186214866_042025-O.webp
1106	https://http2.mlstatic.com/D_Q_NP_2X_735959-MLC73452217320_122023-O.webp
1109	https://http2.mlstatic.com/D_Q_NP_2X_760474-MLC91430230253_092025-E.webp
880	https://http2.mlstatic.com/D_Q_NP_2X_969880-MLA100001242125_112025-E.webp
881	https://http2.mlstatic.com/D_Q_NP_2X_807877-MLA93859796718_102025-E.webp
882	https://http2.mlstatic.com/D_Q_NP_2X_685180-MLA99480447998_112025-E.webp
883	https://http2.mlstatic.com/D_Q_NP_2X_921872-MLA100120629419_122025-E.webp
884	https://http2.mlstatic.com/D_Q_NP_2X_996953-MLA99513672836_112025-E.webp
885	https://http2.mlstatic.com/D_Q_NP_2X_677975-MLA99937316039_112025-E.webp
886	https://http2.mlstatic.com/D_Q_NP_2X_802136-MLA99520035692_112025-E.webp
887	https://http2.mlstatic.com/D_Q_NP_2X_813425-MLA99622391386_122025-E.webp
888	https://http2.mlstatic.com/D_Q_NP_2X_754234-MLA99387221150_112025-E.webp
889	https://http2.mlstatic.com/D_Q_NP_2X_859629-MLA99383918430_112025-E.webp
1110	https://http2.mlstatic.com/D_Q_NP_2X_760474-MLC91430230253_092025-E.webp
1111	https://http2.mlstatic.com/D_Q_NP_2X_760474-MLC91430230253_092025-E.webp
1112	https://http2.mlstatic.com/D_Q_NP_2X_760474-MLC91430230253_092025-E.webp
1113	https://http2.mlstatic.com/D_Q_NP_2X_760474-MLC91430230253_092025-E.webp
1114	https://http2.mlstatic.com/D_Q_NP_2X_760474-MLC91430230253_092025-E.webp
1115	https://http2.mlstatic.com/D_Q_NP_2X_760474-MLC91430230253_092025-E.webp
1116	https://http2.mlstatic.com/D_Q_NP_2X_853158-MLC91135709574_092025-E.webp
1117	https://http2.mlstatic.com/D_Q_NP_2X_853158-MLC91135709574_092025-E.webp
1118	https://http2.mlstatic.com/D_Q_NP_2X_853158-MLC91135709574_092025-E.webp
1119	https://http2.mlstatic.com/D_Q_NP_2X_670767-MLC80914132212_122024-E.webp
890	https://http2.mlstatic.com/D_Q_NP_2X_660300-MLC106263548357_012026-E.webp
891	https://http2.mlstatic.com/D_Q_NP_2X_906920-MLA109762544681_032026-E.webp
892	https://http2.mlstatic.com/D_Q_NP_2X_625159-MLA96079807865_102025-E.webp
893	https://http2.mlstatic.com/D_Q_NP_2X_941572-MLA99504545984_112025-E.webp
894	https://http2.mlstatic.com/D_Q_NP_2X_899572-MLC93406576733_092025-E.webp
897	https://http2.mlstatic.com/D_Q_NP_2X_652647-MLA106811889764_022026-E.webp
898	https://http2.mlstatic.com/D_Q_NP_2X_662649-MLA98825063658_112025-E.webp
899	https://http2.mlstatic.com/D_Q_NP_2X_810786-MLA96064157060_102025-E.webp
1120	https://http2.mlstatic.com/D_Q_NP_2X_626442-MLA99550841472_122025-E.webp
1121	https://http2.mlstatic.com/D_Q_NP_2X_759481-MLC54026057220_022023-E.webp
1122	https://http2.mlstatic.com/D_Q_NP_2X_759481-MLC54026057220_022023-E.webp
1123	https://http2.mlstatic.com/D_Q_NP_2X_759481-MLC54026057220_022023-E.webp
1124	https://http2.mlstatic.com/D_Q_NP_2X_759481-MLC54026057220_022023-E.webp
2016	https://http2.mlstatic.com/D_NQ_NP_2X_797343-MLC96572676108_112025-O.webp
1125	https://http2.mlstatic.com/D_Q_NP_2X_759481-MLC54026057220_022023-E.webp
2017	https://http2.mlstatic.com/D_NQ_NP_2X_796705-MLA80634474885_112024-O.webp
1126	https://http2.mlstatic.com/D_Q_NP_2X_759481-MLC54026057220_022023-E.webp
2018	https://http2.mlstatic.com/D_NQ_NP_2X_922504-MLA99412447178_112025-O.webp
1127	https://http2.mlstatic.com/D_Q_NP_2X_759481-MLC54026057220_022023-E.webp
1128	https://http2.mlstatic.com/D_Q_NP_2X_759481-MLC54026057220_022023-E.webp
1129	https://http2.mlstatic.com/D_Q_NP_2X_759481-MLC54026057220_022023-E.webp
500	https://http2.mlstatic.com/D_Q_NP_2X_935691-MLC89161633813_082025-E.webp
501	https://http2.mlstatic.com/D_Q_NP_2X_870192-MLC110705120393_042026-E.webp
502	https://http2.mlstatic.com/D_Q_NP_2X_844946-MLC91144684811_082025-E.webp
503	https://http2.mlstatic.com/D_Q_NP_2X_844946-MLC91144684811_082025-E.webp
504	https://http2.mlstatic.com/D_Q_NP_2X_844946-MLC91144684811_082025-E.webp
505	https://http2.mlstatic.com/D_Q_NP_2X_866804-MLC75732099567_042024-E.webp
506	https://http2.mlstatic.com/D_Q_NP_2X_866804-MLC75732099567_042024-E.webp
507	https://http2.mlstatic.com/D_Q_NP_2X_866804-MLC75732099567_042024-E.webp
2021	https://http2.mlstatic.com/D_NQ_NP_2X_959725-MLA99504085612_112025-O.webp
1130	https://http2.mlstatic.com/D_Q_NP_2X_759481-MLC54026057220_022023-E.webp
508	https://http2.mlstatic.com/D_Q_NP_2X_866804-MLC75732099567_042024-E.webp
509	https://http2.mlstatic.com/D_Q_NP_2X_845588-MLC88565077747_072025-E.webp
1131	https://http2.mlstatic.com/D_Q_NP_2X_759481-MLC54026057220_022023-E.webp
1132	https://http2.mlstatic.com/D_Q_NP_2X_759481-MLC54026057220_022023-E.webp
1133	https://http2.mlstatic.com/D_Q_NP_2X_759481-MLC54026057220_022023-E.webp
2025	https://http2.mlstatic.com/D_NQ_NP_2X_804359-MLA110301642426_052026-O.webp
1134	https://http2.mlstatic.com/D_Q_NP_2X_857455-MLA100082229809_122025-E.webp
1135	https://http2.mlstatic.com/D_Q_NP_2X_911235-MLA100130567117_122025-E.webp
1136	https://http2.mlstatic.com/D_Q_NP_2X_858912-MLC89445889397_082025-E.webp
1137	https://http2.mlstatic.com/D_NQ_NP_2X_747858-MLC86946019781_062025-F.webp
1138	https://http2.mlstatic.com/D_Q_NP_2X_897517-MLA96436181040_102025-E.webp
1139	https://http2.mlstatic.com/D_Q_NP_2X_897517-MLA96436181040_102025-E.webp
511	https://http2.mlstatic.com/D_Q_NP_2X_633363-MLC112030375143_052026-E.webp
512	https://http2.mlstatic.com/D_Q_NP_2X_624881-MLA99618169966_122025-E.webp
513	https://http2.mlstatic.com/D_Q_NP_2X_648618-MLC70296868014_072023-E.webp
514	https://http2.mlstatic.com/D_Q_NP_2X_648618-MLC70296868014_072023-E.webp
515	https://http2.mlstatic.com/D_Q_NP_2X_648618-MLC70296868014_072023-E.webp
516	https://http2.mlstatic.com/D_Q_NP_2X_648618-MLC70296868014_072023-E.webp
2030	https://http2.mlstatic.com/D_Q_NP_2X_753429-MLA99992146651_112025-E.webp
517	https://http2.mlstatic.com/D_Q_NP_2X_648618-MLC70296868014_072023-E.webp
1140	https://http2.mlstatic.com/D_Q_NP_2X_897517-MLA96436181040_102025-E.webp
518	https://http2.mlstatic.com/D_Q_NP_2X_648618-MLC70296868014_072023-E.webp
2032	https://http2.mlstatic.com/D_Q_NP_2X_619601-MLA99594419916_122025-E.webp
1141	https://http2.mlstatic.com/D_Q_NP_2X_897517-MLA96436181040_102025-E.webp
519	https://http2.mlstatic.com/D_Q_NP_2X_648618-MLC70296868014_072023-E.webp
1142	https://http2.mlstatic.com/D_Q_NP_2X_770292-MLA95835613993_102025-E.webp
1143	https://http2.mlstatic.com/D_Q_NP_2X_606973-MLC31211279613_062019-E.webp
1144	https://http2.mlstatic.com/D_Q_NP_2X_687652-MLC91522505659_092025-E.webp
1145	https://http2.mlstatic.com/D_Q_NP_2X_606973-MLC31211279613_062019-E.webp
1146	https://http2.mlstatic.com/D_Q_NP_2X_870055-MLC71857884591_092023-O.webp
1147	https://http2.mlstatic.com/D_Q_NP_2X_870055-MLC71857884591_092023-O.webp
1148	https://http2.mlstatic.com/D_Q_NP_2X_870055-MLC71857884591_092023-O.webp
1149	https://http2.mlstatic.com/D_Q_NP_2X_870055-MLC71857884591_092023-O.webp
520	https://http2.mlstatic.com/D_Q_NP_2X_648618-MLC70296868014_072023-E.webp
521	https://http2.mlstatic.com/D_Q_NP_2X_639918-MLA106634671914_022026-E.webp
522	https://http2.mlstatic.com/D_Q_NP_2X_868003-MLC77115284194_062024-E.webp
523	https://http2.mlstatic.com/D_Q_NP_2X_805911-MLC89592120909_082025-E.webp
524	https://http2.mlstatic.com/D_Q_NP_2X_765941-MLC78797063990_092024-E.webp
525	https://http2.mlstatic.com/D_Q_NP_2X_735798-MLC47950303131_102021-E.webp
526	https://http2.mlstatic.com/D_Q_NP_2X_735798-MLC47950303131_102021-E.webp
527	https://http2.mlstatic.com/D_Q_NP_2X_953502-MLC80861960070_122024-E.webp
1150	https://http2.mlstatic.com/D_Q_NP_2X_700074-MLC88711971670_072025-O.webp
1151	https://http2.mlstatic.com/D_Q_NP_2X_870055-MLC71857884591_092023-O.webp
529	https://http2.mlstatic.com/D_Q_NP_2X_773821-MLC97993107361_112025-E.webp
1152	https://http2.mlstatic.com/D_Q_NP_2X_870055-MLC71857884591_092023-O.webp
2043	https://http2.mlstatic.com/D_Q_NP_2X_656176-MLC93185249039_092025-E.webp
1153	https://http2.mlstatic.com/D_Q_NP_2X_999503-MLA95967331767_102025-O.webp
2044	https://http2.mlstatic.com/D_Q_NP_2X_668305-MLC96283629280_102025-E.webp
1154	https://http2.mlstatic.com/D_Q_NP_2X_861401-MLC102445823051_122025-O.webp
1155	https://http2.mlstatic.com/D_Q_NP_2X_999503-MLA95967331767_102025-O.webp
1156	https://http2.mlstatic.com/D_Q_NP_2X_783016-MLA99414585084_112025-E.webp
1157	https://http2.mlstatic.com/D_Q_NP_2X_783016-MLA99414585084_112025-E.webp
1158	https://http2.mlstatic.com/D_Q_NP_2X_939790-MLA99584020394_122025-E.webp
1159	https://http2.mlstatic.com/D_Q_NP_2X_884251-MLC80175630345_102024-E.webp
530	https://http2.mlstatic.com/D_Q_NP_2X_622998-MLA99841581335_112025-E.webp
531	https://http2.mlstatic.com/D_Q_NP_2X_622998-MLA99841581335_112025-E.webp
532	https://http2.mlstatic.com/D_Q_NP_2X_825069-MLA97338028891_112025-E.webp
533	https://http2.mlstatic.com/D_Q_NP_2X_684480-MLU73695900095_122023-E.webp
534	https://http2.mlstatic.com/D_Q_NP_2X_684480-MLU73695900095_122023-E.webp
535	https://http2.mlstatic.com/D_Q_NP_2X_684480-MLU73695900095_122023-E.webp
2050	https://http2.mlstatic.com/D_Q_NP_2X_632650-MLA100084404195_122025-E.webp
537	https://http2.mlstatic.com/D_Q_NP_2X_684480-MLU73695900095_122023-E.webp
1160	https://http2.mlstatic.com/D_Q_NP_2X_884251-MLC80175630345_102024-E.webp
538	https://http2.mlstatic.com/D_Q_NP_2X_684480-MLU73695900095_122023-E.webp
1161	https://http2.mlstatic.com/D_Q_NP_2X_884251-MLC80175630345_102024-E.webp
539	https://http2.mlstatic.com/D_Q_NP_2X_869648-MLC111707900227_052026-E.webp
1162	https://http2.mlstatic.com/D_Q_NP_2X_884251-MLC80175630345_102024-E.webp
1163	https://http2.mlstatic.com/D_Q_NP_2X_990838-MLU77846132676_072024-E.webp
2055	https://http2.mlstatic.com/D_Q_NP_2X_760995-MLA96504213765_102025-E.webp
1164	https://http2.mlstatic.com/D_Q_NP_2X_990838-MLU77846132676_072024-E.webp
1165	https://http2.mlstatic.com/D_Q_NP_2X_738099-MLA100080722919_122025-E.webp
1166	https://http2.mlstatic.com/D_Q_NP_2X_835257-MLA98347800113_112025-E.webp
2058	https://http2.mlstatic.com/D_Q_NP_2X_923446-MLC90453950753_082025-E.webp
1167	https://http2.mlstatic.com/D_Q_NP_2X_721453-MLA100084891401_122025-E.webp
1168	https://http2.mlstatic.com/D_Q_NP_2X_803548-MLA99464282556_112025-E.webp
1169	https://http2.mlstatic.com/D_Q_NP_2X_914943-MLC69486991861_052023-E.webp
540	https://http2.mlstatic.com/D_Q_NP_2X_951909-MLA110555205165_042026-E.webp
541	https://http2.mlstatic.com/D_Q_NP_2X_610051-MLC95728531246_102025-E.webp
542	https://http2.mlstatic.com/D_Q_NP_2X_704139-MLA100117847925_122025-E.webp
543	https://http2.mlstatic.com/D_Q_NP_2X_676866-MLC74100142241_012024-E.webp
544	https://http2.mlstatic.com/D_Q_NP_2X_704139-MLA100117847925_122025-E.webp
545	https://http2.mlstatic.com/D_Q_NP_2X_704139-MLA100117847925_122025-E.webp
546	https://http2.mlstatic.com/D_Q_NP_2X_807368-MLA100075656375_122025-E.webp
2060	https://http2.mlstatic.com/D_Q_NP_2X_619239-MLA81135414487_122024-E.webp
547	https://http2.mlstatic.com/D_Q_NP_2X_807368-MLA100075656375_122025-E.webp
2061	https://http2.mlstatic.com/D_Q_NP_2X_739586-MLA99542549052_122025-E.webp
1170	https://http2.mlstatic.com/D_Q_NP_2X_898451-MLA99503678276_112025-E.webp
548	https://http2.mlstatic.com/D_Q_NP_2X_718945-MLC98670646641_112025-E.webp
1171	https://http2.mlstatic.com/D_Q_NP_2X_707869-MLC98975270213_112025-E.webp
549	https://http2.mlstatic.com/D_Q_NP_2X_718945-MLC98670646641_112025-E.webp
1172	https://http2.mlstatic.com/D_Q_NP_2X_707869-MLC98975270213_112025-E.webp
1173	https://http2.mlstatic.com/D_Q_NP_2X_707869-MLC98975270213_112025-E.webp
1174	https://http2.mlstatic.com/D_Q_NP_2X_707869-MLC98975270213_112025-E.webp
1175	https://http2.mlstatic.com/D_Q_NP_2X_707869-MLC98975270213_112025-E.webp
1176	https://http2.mlstatic.com/D_NQ_NP_2X_769466-MLA94648909691_102025-F.webp
1178	https://http2.mlstatic.com/D_Q_NP_2X_614820-MLA99640408688_122025-E.webp
1179	https://http2.mlstatic.com/D_Q_NP_2X_614820-MLA99640408688_122025-E.webp
550	https://http2.mlstatic.com/D_Q_NP_2X_714009-MLC73995532624_012024-E.webp
551	https://http2.mlstatic.com/D_Q_NP_2X_635704-MLC52486987279_112022-E.webp
552	https://http2.mlstatic.com/D_Q_NP_2X_793171-MLC96250094763_102025-E.webp
553	https://http2.mlstatic.com/D_Q_NP_2X_959210-MLA99483787086_112025-E.webp
554	https://http2.mlstatic.com/D_Q_NP_2X_635704-MLC52486987279_112022-E.webp
555	https://http2.mlstatic.com/D_Q_NP_2X_772302-MLC104853348737_012026-E.webp
556	https://http2.mlstatic.com/D_Q_NP_2X_656513-MLA99850901013_112025-E.webp
557	https://http2.mlstatic.com/D_Q_NP_2X_701814-MLC92252869720_092025-E.webp
1180	https://http2.mlstatic.com/D_Q_NP_2X_614820-MLA99640408688_122025-E.webp
558	https://http2.mlstatic.com/D_Q_NP_2X_686508-MLA108244408086_032026-E.webp
1181	https://http2.mlstatic.com/D_Q_NP_2X_614820-MLA99640408688_122025-E.webp
559	https://http2.mlstatic.com/D_Q_NP_2X_957395-MLA100067587695_122025-E.webp
1182	https://http2.mlstatic.com/D_Q_NP_2X_614820-MLA99640408688_122025-E.webp
1183	https://http2.mlstatic.com/D_Q_NP_2X_614820-MLA99640408688_122025-E.webp
1184	https://http2.mlstatic.com/D_Q_NP_2X_614820-MLA99640408688_122025-E.webp
1185	https://http2.mlstatic.com/D_Q_NP_2X_614820-MLA99640408688_122025-E.webp
1186	https://http2.mlstatic.com/D_Q_NP_2X_635784-MLA99502975786_112025-E.webp
1187	https://http2.mlstatic.com/D_Q_NP_2X_714994-MLA99600306282_122025-E.webp
1188	https://http2.mlstatic.com/D_Q_NP_2X_775733-MLC93067902106_092025-E.webp
1189	https://http2.mlstatic.com/D_Q_NP_2X_775733-MLC93067902106_092025-E.webp
560	https://http2.mlstatic.com/D_Q_NP_2X_957395-MLA100067587695_122025-E.webp
561	https://http2.mlstatic.com/D_Q_NP_2X_757780-MLC93157466406_092025-E.webp
562	https://http2.mlstatic.com/D_Q_NP_2X_946706-MLC93971084673_102025-E.webp
563	https://http2.mlstatic.com/D_Q_NP_2X_632036-MLA99592043126_122025-E.webp
564	https://http2.mlstatic.com/D_Q_NP_2X_956922-MLC81702050526_012025-E.webp
565	https://http2.mlstatic.com/D_Q_NP_2X_612815-MLA107320196230_032026-E.webp
566	https://http2.mlstatic.com/D_Q_NP_2X_695850-MLC94014655241_102025-E.webp
567	https://http2.mlstatic.com/D_Q_NP_2X_909830-MLC69668045349_052023-E.webp
568	https://http2.mlstatic.com/D_Q_NP_2X_909830-MLC69668045349_052023-E.webp
1191	https://http2.mlstatic.com/D_Q_NP_2X_677371-MLA95115453238_102025-E.webp
569	https://http2.mlstatic.com/D_Q_NP_2X_909830-MLC69668045349_052023-E.webp
1192	https://http2.mlstatic.com/D_Q_NP_2X_677371-MLA95115453238_102025-E.webp
1193	https://http2.mlstatic.com/D_Q_NP_2X_814795-MLA99160922668_112025-E.webp
1194	https://http2.mlstatic.com/D_Q_NP_2X_814795-MLA99160922668_112025-E.webp
1197	https://http2.mlstatic.com/D_Q_NP_2X_813955-MLC82867792997_032025-E.webp
1198	https://http2.mlstatic.com/D_Q_NP_2X_813955-MLC82867792997_032025-E.webp
1199	https://http2.mlstatic.com/D_Q_NP_2X_679976-MLA98961962238_112025-E.webp
570	https://http2.mlstatic.com/D_Q_NP_2X_909830-MLC69668045349_052023-E.webp
571	https://http2.mlstatic.com/D_Q_NP_2X_913562-MLA106117400476_022026-E.webp
572	https://http2.mlstatic.com/D_Q_NP_2X_913562-MLA106117400476_022026-E.webp
573	https://http2.mlstatic.com/D_Q_NP_2X_913562-MLA106117400476_022026-E.webp
574	https://http2.mlstatic.com/D_Q_NP_2X_913562-MLA106117400476_022026-E.webp
575	https://http2.mlstatic.com/D_Q_NP_2X_913562-MLA106117400476_022026-E.webp
576	https://http2.mlstatic.com/D_Q_NP_2X_913562-MLA106117400476_022026-E.webp
577	https://http2.mlstatic.com/D_Q_NP_2X_993888-MLA82203748839_012025-E.webp
578	https://http2.mlstatic.com/D_Q_NP_2X_863075-CBT110294536517_042026-E.webp
579	https://http2.mlstatic.com/D_Q_NP_2X_618132-MLA99600180572_122025-E.webp
2094	https://http2.mlstatic.com/D_NQ_NP_2X_727729-MLC77170271379_062024-O.webp
2098	https://http2.mlstatic.com/D_Q_NP_2X_753336-MLC48404815776_122021-E.webp
2099	https://http2.mlstatic.com/D_Q_NP_2X_753336-MLC48404815776_122021-E.webp
1800	https://http2.mlstatic.com/D_Q_NP_2X_946699-MLA95977539542_102025-O.webp
1801	https://http2.mlstatic.com/D_Q_NP_2X_992096-CBT98149491734_112025-O.webp
1802	https://http2.mlstatic.com/D_Q_NP_2X_881132-MLA96184569591_102025-O.webp
1803	https://http2.mlstatic.com/D_Q_NP_2X_992096-CBT98149491734_112025-O.webp
1804	https://http2.mlstatic.com/D_Q_NP_2X_881132-MLA96184569591_102025-O.webp
580	https://http2.mlstatic.com/D_Q_NP_2X_662358-MLA92562476700_092025-E.webp
1807	https://http2.mlstatic.com/D_Q_NP_2X_670817-MLC69911964748_062023-E.webp
581	https://http2.mlstatic.com/D_Q_NP_2X_733581-MLA99956235379_112025-E.webp
1808	https://http2.mlstatic.com/D_Q_NP_2X_735261-CBT108836001427_032026-E-sellos-hidraulicos-con-junta-torica-nbr-90-sello-de-goma-de.webp
582	https://http2.mlstatic.com/D_Q_NP_2X_784959-MLC112193092265_052026-E.webp
1809	https://http2.mlstatic.com/D_Q_NP_2X_735261-CBT108836001427_032026-E-sellos-hidraulicos-con-junta-torica-nbr-90-sello-de-goma-de.webp
583	https://http2.mlstatic.com/D_Q_NP_2X_733581-MLA99956235379_112025-E.webp
584	https://http2.mlstatic.com/D_Q_NP_2X_623022-MLA99597413380_122025-E.webp
585	https://http2.mlstatic.com/D_Q_NP_2X_788516-MLA95528201434_102025-E.webp
586	https://http2.mlstatic.com/D_Q_NP_2X_766125-MLC105233755943_012026-E.webp
587	https://http2.mlstatic.com/D_Q_NP_2X_845778-MLC109158520435_032026-E.webp
588	https://http2.mlstatic.com/D_Q_NP_2X_799817-MLC109680517824_042026-E.webp
589	https://http2.mlstatic.com/D_Q_NP_2X_892545-MLC89649087469_082025-E.webp
1810	https://http2.mlstatic.com/D_Q_NP_2X_735261-CBT108836001427_032026-E-sellos-hidraulicos-con-junta-torica-nbr-90-sello-de-goma-de.webp
1811	https://http2.mlstatic.com/D_Q_NP_2X_735261-CBT108836001427_032026-E-sellos-hidraulicos-con-junta-torica-nbr-90-sello-de-goma-de.webp
1812	https://http2.mlstatic.com/D_Q_NP_2X_735261-CBT108836001427_032026-E-sellos-hidraulicos-con-junta-torica-nbr-90-sello-de-goma-de.webp
1813	https://http2.mlstatic.com/D_Q_NP_2X_735261-CBT108836001427_032026-E-sellos-hidraulicos-con-junta-torica-nbr-90-sello-de-goma-de.webp
1814	https://http2.mlstatic.com/D_Q_NP_2X_735261-CBT108836001427_032026-E-sellos-hidraulicos-con-junta-torica-nbr-90-sello-de-goma-de.webp
1815	https://http2.mlstatic.com/D_Q_NP_2X_735261-CBT108836001427_032026-E-sellos-hidraulicos-con-junta-torica-nbr-90-sello-de-goma-de.webp
590	https://http2.mlstatic.com/D_Q_NP_2X_763597-MLC93844956182_102025-E.webp
1816	https://http2.mlstatic.com/D_Q_NP_2X_735261-CBT108836001427_032026-E-sellos-hidraulicos-con-junta-torica-nbr-90-sello-de-goma-de.webp
591	https://http2.mlstatic.com/D_Q_NP_2X_763597-MLC93844956182_102025-E.webp
1817	https://http2.mlstatic.com/D_Q_NP_2X_735261-CBT108836001427_032026-E-sellos-hidraulicos-con-junta-torica-nbr-90-sello-de-goma-de.webp
592	https://http2.mlstatic.com/D_Q_NP_2X_763597-MLC93844956182_102025-E.webp
1818	https://http2.mlstatic.com/D_Q_NP_2X_735261-CBT108836001427_032026-E-sellos-hidraulicos-con-junta-torica-nbr-90-sello-de-goma-de.webp
593	https://http2.mlstatic.com/D_Q_NP_2X_892545-MLC89649087469_082025-E.webp
1819	https://http2.mlstatic.com/D_Q_NP_2X_735261-CBT108836001427_032026-E-sellos-hidraulicos-con-junta-torica-nbr-90-sello-de-goma-de.webp
594	https://http2.mlstatic.com/D_Q_NP_2X_941352-MLA99503632316_112025-E.webp
595	https://http2.mlstatic.com/D_Q_NP_2X_892545-MLC89649087469_082025-E.webp
596	https://http2.mlstatic.com/D_Q_NP_2X_799817-MLC109680517824_042026-E.webp
597	https://http2.mlstatic.com/D_Q_NP_2X_916514-MLC93922713592_102025-E.webp
598	https://http2.mlstatic.com/D_Q_NP_2X_916514-MLC93922713592_102025-E.webp
599	https://http2.mlstatic.com/D_Q_NP_2X_910935-MLC82328545222_022025-E.webp
10	https://http2.mlstatic.com/D_Q_NP_2X_794884-MLC111275938307_052026-E.webp
11	https://http2.mlstatic.com/D_Q_NP_2X_604986-MLC95220945310_102025-E.webp
12	https://http2.mlstatic.com/D_Q_NP_2X_604986-MLC95220945310_102025-E.webp
13	https://http2.mlstatic.com/D_Q_NP_2X_859230-MLU78687162521_082024-E.webp
14	https://http2.mlstatic.com/D_Q_NP_2X_839326-MLC99518671195_112025-E.webp
15	https://http2.mlstatic.com/D_Q_NP_2X_798321-MLA99539379306_122025-E.webp
16	https://http2.mlstatic.com/D_Q_NP_2X_961022-MLA95810659631_102025-E.webp
1820	https://http2.mlstatic.com/D_Q_NP_2X_735261-CBT108836001427_032026-E-sellos-hidraulicos-con-junta-torica-nbr-90-sello-de-goma-de.webp
17	https://http2.mlstatic.com/D_Q_NP_2X_865859-MLA99531709238_122025-E.webp
1821	https://http2.mlstatic.com/D_Q_NP_2X_735261-CBT108836001427_032026-E-sellos-hidraulicos-con-junta-torica-nbr-90-sello-de-goma-de.webp
18	https://http2.mlstatic.com/D_Q_NP_2X_771954-MLA99587539750_122025-E.webp
19	https://http2.mlstatic.com/D_Q_NP_2X_864743-MLA96866314181_102025-E.webp
1823	https://http2.mlstatic.com/D_Q_NP_2X_735261-CBT108836001427_032026-E-sellos-hidraulicos-con-junta-torica-nbr-90-sello-de-goma-de.webp
1824	https://http2.mlstatic.com/D_Q_NP_2X_735261-CBT108836001427_032026-E-sellos-hidraulicos-con-junta-torica-nbr-90-sello-de-goma-de.webp
1825	https://http2.mlstatic.com/D_Q_NP_2X_735261-CBT108836001427_032026-E-sellos-hidraulicos-con-junta-torica-nbr-90-sello-de-goma-de.webp
1826	https://http2.mlstatic.com/D_Q_NP_2X_735261-CBT108836001427_032026-E-sellos-hidraulicos-con-junta-torica-nbr-90-sello-de-goma-de.webp
1827	https://http2.mlstatic.com/D_Q_NP_2X_735261-CBT108836001427_032026-E-sellos-hidraulicos-con-junta-torica-nbr-90-sello-de-goma-de.webp
1828	https://http2.mlstatic.com/D_Q_NP_2X_735261-CBT108836001427_032026-E-sellos-hidraulicos-con-junta-torica-nbr-90-sello-de-goma-de.webp
1829	https://http2.mlstatic.com/D_Q_NP_2X_735261-CBT108836001427_032026-E-sellos-hidraulicos-con-junta-torica-nbr-90-sello-de-goma-de.webp
200	https://http2.mlstatic.com/D_Q_NP_2X_813771-MLC100575100996_122025-E.webp
201	https://http2.mlstatic.com/D_Q_NP_2X_800444-MLA99469359076_112025-E.webp
202	https://http2.mlstatic.com/D_Q_NP_2X_674344-CBT104710806531_012026-E.webp
203	https://http2.mlstatic.com/D_Q_NP_2X_641496-MLC103756565483_012026-E.webp
204	https://http2.mlstatic.com/D_Q_NP_2X_641496-MLC103756565483_012026-E.webp
205	https://http2.mlstatic.com/D_Q_NP_2X_641496-MLC103756565483_012026-E.webp
206	https://http2.mlstatic.com/D_Q_NP_2X_980410-MLA96731413307_102025-E.webp
207	https://http2.mlstatic.com/D_Q_NP_2X_980410-MLA96731413307_102025-E.webp
208	https://http2.mlstatic.com/D_Q_NP_2X_980410-MLA96731413307_102025-E.webp
209	https://http2.mlstatic.com/D_Q_NP_2X_980410-MLA96731413307_102025-E.webp
20	https://http2.mlstatic.com/D_Q_NP_2X_988410-MLA100061053415_122025-E.webp
21	https://http2.mlstatic.com/D_Q_NP_2X_988410-MLA100061053415_122025-E.webp
22	https://http2.mlstatic.com/D_Q_NP_2X_988410-MLA100061053415_122025-E.webp
23	https://http2.mlstatic.com/D_Q_NP_2X_655587-MLC110711282894_052026-E.webp
24	https://http2.mlstatic.com/D_Q_NP_2X_655587-MLC110711282894_052026-E.webp
25	https://http2.mlstatic.com/D_Q_NP_2X_655587-MLC110711282894_052026-E.webp
26	https://http2.mlstatic.com/D_Q_NP_2X_655587-MLC110711282894_052026-E.webp
1830	https://http2.mlstatic.com/D_Q_NP_2X_735261-CBT108836001427_032026-E-sellos-hidraulicos-con-junta-torica-nbr-90-sello-de-goma-de.webp
27	https://http2.mlstatic.com/D_Q_NP_2X_655587-MLC110711282894_052026-E.webp
1831	https://http2.mlstatic.com/D_Q_NP_2X_735261-CBT108836001427_032026-E-sellos-hidraulicos-con-junta-torica-nbr-90-sello-de-goma-de.webp
28	https://http2.mlstatic.com/D_Q_NP_2X_655587-MLC110711282894_052026-E.webp
1832	https://http2.mlstatic.com/D_Q_NP_2X_735261-CBT108836001427_032026-E-sellos-hidraulicos-con-junta-torica-nbr-90-sello-de-goma-de.webp
29	https://http2.mlstatic.com/D_Q_NP_2X_996726-MLM103498268091_012026-E.webp
1833	https://http2.mlstatic.com/D_Q_NP_2X_735261-CBT108836001427_032026-E-sellos-hidraulicos-con-junta-torica-nbr-90-sello-de-goma-de.webp
1834	https://http2.mlstatic.com/D_Q_NP_2X_735261-CBT108836001427_032026-E-sellos-hidraulicos-con-junta-torica-nbr-90-sello-de-goma-de.webp
1835	https://http2.mlstatic.com/D_Q_NP_2X_735261-CBT108836001427_032026-E-sellos-hidraulicos-con-junta-torica-nbr-90-sello-de-goma-de.webp
1836	https://http2.mlstatic.com/D_Q_NP_2X_735261-CBT108836001427_032026-E-sellos-hidraulicos-con-junta-torica-nbr-90-sello-de-goma-de.webp
1837	https://http2.mlstatic.com/D_Q_NP_2X_735261-CBT108836001427_032026-E-sellos-hidraulicos-con-junta-torica-nbr-90-sello-de-goma-de.webp
1838	https://http2.mlstatic.com/D_Q_NP_2X_735261-CBT108836001427_032026-E-sellos-hidraulicos-con-junta-torica-nbr-90-sello-de-goma-de.webp
1839	https://http2.mlstatic.com/D_Q_NP_2X_735261-CBT108836001427_032026-E-sellos-hidraulicos-con-junta-torica-nbr-90-sello-de-goma-de.webp
210	https://http2.mlstatic.com/D_Q_NP_2X_980410-MLA96731413307_102025-E.webp
211	https://http2.mlstatic.com/D_Q_NP_2X_980410-MLA96731413307_102025-E.webp
212	https://http2.mlstatic.com/D_Q_NP_2X_980410-MLA96731413307_102025-E.webp
213	https://http2.mlstatic.com/D_Q_NP_2X_641496-MLC103756565483_012026-E.webp
214	https://http2.mlstatic.com/D_Q_NP_2X_641496-MLC103756565483_012026-E.webp
215	https://http2.mlstatic.com/D_Q_NP_2X_641496-MLC103756565483_012026-E.webp
216	https://http2.mlstatic.com/D_Q_NP_2X_641496-MLC103756565483_012026-E.webp
217	https://http2.mlstatic.com/D_Q_NP_2X_641496-MLC103756565483_012026-E.webp
218	https://http2.mlstatic.com/D_Q_NP_2X_641496-MLC103756565483_012026-E.webp
219	https://http2.mlstatic.com/D_Q_NP_2X_641496-MLC103756565483_012026-E.webp
30	https://http2.mlstatic.com/D_Q_NP_2X_996726-MLM103498268091_012026-E.webp
31	https://http2.mlstatic.com/D_Q_NP_2X_705350-MLA104541019293_012026-E.webp
32	https://http2.mlstatic.com/D_Q_NP_2X_987718-MLA110390700703_042026-E.webp
33	https://http2.mlstatic.com/D_Q_NP_2X_879669-MLC110861482772_052026-E.webp
34	https://http2.mlstatic.com/D_Q_NP_2X_867546-MLA92115773600_092025-E.webp
35	https://http2.mlstatic.com/D_Q_NP_2X_746779-MLA99850026019_112025-E.webp
36	https://http2.mlstatic.com/D_Q_NP_2X_917411-MLA100093641793_122025-E.webp
1840	https://http2.mlstatic.com/D_Q_NP_2X_735261-CBT108836001427_032026-E-sellos-hidraulicos-con-junta-torica-nbr-90-sello-de-goma-de.webp
37	https://http2.mlstatic.com/D_Q_NP_2X_917411-MLA100093641793_122025-E.webp
1841	https://http2.mlstatic.com/D_Q_NP_2X_735261-CBT108836001427_032026-E-sellos-hidraulicos-con-junta-torica-nbr-90-sello-de-goma-de.webp
38	https://http2.mlstatic.com/D_Q_NP_2X_618488-MLC94589092229_102025-E.webp
1842	https://http2.mlstatic.com/D_Q_NP_2X_706201-MLM86334114660_062025-E.webp
39	https://http2.mlstatic.com/D_Q_NP_2X_623446-MLC89574295904_082025-E.webp
1843	https://http2.mlstatic.com/D_Q_NP_2X_706201-MLM86334114660_062025-E.webp
1844	https://http2.mlstatic.com/D_Q_NP_2X_706201-MLM86334114660_062025-E.webp
1845	https://http2.mlstatic.com/D_Q_NP_2X_706201-MLM86334114660_062025-E.webp
1846	https://http2.mlstatic.com/D_Q_NP_2X_706201-MLM86334114660_062025-E.webp
1847	https://http2.mlstatic.com/D_Q_NP_2X_706201-MLM86334114660_062025-E.webp
1848	https://http2.mlstatic.com/D_Q_NP_2X_706201-MLM86334114660_062025-E.webp
1849	https://http2.mlstatic.com/D_Q_NP_2X_706201-MLM86334114660_062025-E.webp
220	https://http2.mlstatic.com/D_Q_NP_2X_641496-MLC103756565483_012026-E.webp
221	https://http2.mlstatic.com/D_Q_NP_2X_641496-MLC103756565483_012026-E.webp
222	https://http2.mlstatic.com/D_Q_NP_2X_641496-MLC103756565483_012026-E.webp
223	https://http2.mlstatic.com/D_Q_NP_2X_641496-MLC103756565483_012026-E.webp
224	https://http2.mlstatic.com/D_Q_NP_2X_641496-MLC103756565483_012026-E.webp
225	https://http2.mlstatic.com/D_Q_NP_2X_641496-MLC103756565483_012026-E.webp
226	https://http2.mlstatic.com/D_Q_NP_2X_641496-MLC103756565483_012026-E.webp
227	https://http2.mlstatic.com/D_Q_NP_2X_641496-MLC103756565483_012026-E.webp
228	https://http2.mlstatic.com/D_Q_NP_2X_641496-MLC103756565483_012026-E.webp
229	https://http2.mlstatic.com/D_Q_NP_2X_641496-MLC103756565483_012026-E.webp
40	https://http2.mlstatic.com/D_Q_NP_2X_623446-MLC89574295904_082025-E.webp
41	https://http2.mlstatic.com/D_Q_NP_2X_869500-MLA99600325468_122025-E.webp
42	https://http2.mlstatic.com/D_Q_NP_2X_661426-MLC72998003302_112023-E.webp
43	https://http2.mlstatic.com/D_Q_NP_2X_661426-MLC72998003302_112023-E.webp
44	https://http2.mlstatic.com/D_Q_NP_2X_981656-MLC53023895495_122022-E.webp
45	https://http2.mlstatic.com/D_Q_NP_2X_981656-MLC53023895495_122022-E.webp
1850	https://http2.mlstatic.com/D_Q_NP_2X_815666-MLC77476087360_072024-E.webp
46	https://http2.mlstatic.com/D_Q_NP_2X_663569-MLM90870118133_082025-E-2-piezas-de-pernos-en-u-para-montaje-en-tuberia-soporte-de.webp
47	https://http2.mlstatic.com/D_Q_NP_2X_663569-MLM90870118133_082025-E-2-piezas-de-pernos-en-u-para-montaje-en-tuberia-soporte-de.webp
48	https://http2.mlstatic.com/D_Q_NP_2X_663569-MLM90870118133_082025-E-2-piezas-de-pernos-en-u-para-montaje-en-tuberia-soporte-de.webp
1852	https://http2.mlstatic.com/D_Q_NP_2X_840048-MLC74151696804_012024-E.webp
1853	https://http2.mlstatic.com/D_Q_NP_2X_735959-MLC73452217320_122023-O.webp
49	https://http2.mlstatic.com/D_Q_NP_2X_663569-MLM90870118133_082025-E-2-piezas-de-pernos-en-u-para-montaje-en-tuberia-soporte-de.webp
1854	https://http2.mlstatic.com/D_Q_NP_2X_853158-MLC91135709574_092025-E.webp
230	https://http2.mlstatic.com/D_Q_NP_2X_641496-MLC103756565483_012026-E.webp
231	https://http2.mlstatic.com/D_Q_NP_2X_641496-MLC103756565483_012026-E.webp
232	https://http2.mlstatic.com/D_Q_NP_2X_641496-MLC103756565483_012026-E.webp
233	https://http2.mlstatic.com/D_Q_NP_2X_661649-MLC79749947073_102024-E.webp
234	https://http2.mlstatic.com/D_Q_NP_2X_661649-MLC79749947073_102024-E.webp
235	https://http2.mlstatic.com/D_Q_NP_2X_661649-MLC79749947073_102024-E.webp
236	https://http2.mlstatic.com/D_Q_NP_2X_661649-MLC79749947073_102024-E.webp
237	https://http2.mlstatic.com/D_Q_NP_2X_661649-MLC79749947073_102024-E.webp
238	https://http2.mlstatic.com/D_Q_NP_2X_661649-MLC79749947073_102024-E.webp
239	https://http2.mlstatic.com/D_Q_NP_2X_661649-MLC79749947073_102024-E.webp
50	https://http2.mlstatic.com/D_Q_NP_2X_663569-MLM90870118133_082025-E-2-piezas-de-pernos-en-u-para-montaje-en-tuberia-soporte-de.webp
51	https://http2.mlstatic.com/D_Q_NP_2X_663569-MLM90870118133_082025-E-2-piezas-de-pernos-en-u-para-montaje-en-tuberia-soporte-de.webp
52	https://http2.mlstatic.com/D_Q_NP_2X_663569-MLM90870118133_082025-E-2-piezas-de-pernos-en-u-para-montaje-en-tuberia-soporte-de.webp
53	https://http2.mlstatic.com/D_Q_NP_2X_914424-MLC100819562999_122025-E.webp
54	https://http2.mlstatic.com/D_Q_NP_2X_897854-MLA99392109032_112025-E.webp
55	https://http2.mlstatic.com/D_Q_NP_2X_897854-MLA99392109032_112025-E.webp
56	https://http2.mlstatic.com/D_Q_NP_2X_899275-MLA100083346481_122025-E.webp
57	https://http2.mlstatic.com/D_Q_NP_2X_879239-MLA99623581718_122025-E.webp
58	https://http2.mlstatic.com/D_Q_NP_2X_815651-MLC89107227336_082025-E.webp
59	https://http2.mlstatic.com/D_Q_NP_2X_803104-MLC98762248925_112025-E.webp
240	https://http2.mlstatic.com/D_Q_NP_2X_661649-MLC79749947073_102024-E.webp
241	https://http2.mlstatic.com/D_Q_NP_2X_641496-MLC103756565483_012026-E.webp
242	https://http2.mlstatic.com/D_Q_NP_2X_641496-MLC103756565483_012026-E.webp
243	https://http2.mlstatic.com/D_Q_NP_2X_641496-MLC103756565483_012026-E.webp
244	https://http2.mlstatic.com/D_Q_NP_2X_724734-MLC79400057372_092024-E.webp
245	https://http2.mlstatic.com/D_Q_NP_2X_724734-MLC79400057372_092024-E.webp
246	https://http2.mlstatic.com/D_Q_NP_2X_724734-MLC79400057372_092024-E.webp
247	https://http2.mlstatic.com/D_Q_NP_2X_724734-MLC79400057372_092024-E.webp
248	https://http2.mlstatic.com/D_Q_NP_2X_724734-MLC79400057372_092024-E.webp
249	https://http2.mlstatic.com/D_Q_NP_2X_724734-MLC79400057372_092024-E.webp
60	https://http2.mlstatic.com/D_Q_NP_2X_697322-MLC90767065591_082025-E.webp
61	https://http2.mlstatic.com/D_Q_NP_2X_697322-MLC90767065591_082025-E.webp
62	https://http2.mlstatic.com/D_Q_NP_2X_697322-MLC90767065591_082025-E.webp
63	https://http2.mlstatic.com/D_Q_NP_2X_684134-MLC86091934753_062025-E.webp
64	https://http2.mlstatic.com/D_Q_NP_2X_881320-MLA100110869403_122025-E.webp
65	https://http2.mlstatic.com/D_Q_NP_2X_881320-MLA100110869403_122025-E.webp
66	https://http2.mlstatic.com/D_Q_NP_2X_881320-MLA100110869403_122025-E.webp
67	https://http2.mlstatic.com/D_Q_NP_2X_698104-MLC72048335619_102023-E.webp
68	https://http2.mlstatic.com/D_Q_NP_2X_782419-MLA99970990753_112025-E.webp
69	https://http2.mlstatic.com/D_Q_NP_2X_795507-MLM103547942195_012026-E.webp
1879	https://http2.mlstatic.com/D_Q_NP_2X_614820-MLA99640408688_122025-E.webp
250	https://http2.mlstatic.com/D_Q_NP_2X_724734-MLC79400057372_092024-E.webp
251	https://http2.mlstatic.com/D_Q_NP_2X_724734-MLC79400057372_092024-E.webp
252	https://http2.mlstatic.com/D_Q_NP_2X_724734-MLC79400057372_092024-E.webp
253	https://http2.mlstatic.com/D_Q_NP_2X_724734-MLC79400057372_092024-E.webp
254	https://http2.mlstatic.com/D_Q_NP_2X_724734-MLC79400057372_092024-E.webp
255	https://http2.mlstatic.com/D_Q_NP_2X_724734-MLC79400057372_092024-E.webp
256	https://http2.mlstatic.com/D_Q_NP_2X_724734-MLC79400057372_092024-E.webp
257	https://http2.mlstatic.com/D_Q_NP_2X_724734-MLC79400057372_092024-E.webp
258	https://http2.mlstatic.com/D_Q_NP_2X_724734-MLC79400057372_092024-E.webp
259	https://http2.mlstatic.com/D_Q_NP_2X_661649-MLC79749947073_102024-E.webp
70	https://http2.mlstatic.com/D_Q_NP_2X_696842-MLA99455610802_112025-E.webp
71	https://http2.mlstatic.com/D_Q_NP_2X_696842-MLA99455610802_112025-E.webp
72	https://http2.mlstatic.com/D_Q_NP_2X_696842-MLA99455610802_112025-E.webp
73	https://http2.mlstatic.com/D_Q_NP_2X_710509-MLA100072090451_122025-E.webp
74	https://http2.mlstatic.com/D_Q_NP_2X_805694-MLA80924871558_122024-E.webp
75	https://http2.mlstatic.com/D_Q_NP_2X_620570-MLC97976681875_112025-E.webp
76	https://http2.mlstatic.com/D_Q_NP_2X_683389-MLC97976489961_112025-E.webp
1880	https://http2.mlstatic.com/D_Q_NP_2X_614820-MLA99640408688_122025-E.webp
77	https://http2.mlstatic.com/D_Q_NP_2X_780425-MLA95963644175_102025-E.webp
1881	https://http2.mlstatic.com/D_Q_NP_2X_614820-MLA99640408688_122025-E.webp
78	https://http2.mlstatic.com/D_Q_NP_2X_780425-MLA95963644175_102025-E.webp
1882	https://http2.mlstatic.com/D_Q_NP_2X_614820-MLA99640408688_122025-E.webp
79	https://http2.mlstatic.com/D_Q_NP_2X_677844-MLA99432210990_112025-E.webp
1883	https://http2.mlstatic.com/D_Q_NP_2X_614820-MLA99640408688_122025-E.webp
1884	https://http2.mlstatic.com/D_Q_NP_2X_614820-MLA99640408688_122025-E.webp
1885	https://http2.mlstatic.com/D_Q_NP_2X_614820-MLA99640408688_122025-E.webp
1886	https://http2.mlstatic.com/D_Q_NP_2X_614820-MLA99640408688_122025-E.webp
1887	https://http2.mlstatic.com/D_Q_NP_2X_635784-MLA99502975786_112025-E.webp
1888	https://http2.mlstatic.com/D_Q_NP_2X_714994-MLA99600306282_122025-E.webp
1889	https://http2.mlstatic.com/D_Q_NP_2X_775733-MLC93067902106_092025-E.webp
260	https://http2.mlstatic.com/D_Q_NP_2X_661649-MLC79749947073_102024-E.webp
261	https://http2.mlstatic.com/D_Q_NP_2X_661649-MLC79749947073_102024-E.webp
262	https://http2.mlstatic.com/D_Q_NP_2X_661649-MLC79749947073_102024-E.webp
263	https://http2.mlstatic.com/D_Q_NP_2X_918506-MLA109039564615_032026-E.webp
264	https://http2.mlstatic.com/D_Q_NP_2X_918506-MLA109039564615_032026-E.webp
265	https://http2.mlstatic.com/D_Q_NP_2X_918506-MLA109039564615_032026-E.webp
266	https://http2.mlstatic.com/D_Q_NP_2X_628505-MLA99991762449_112025-E.webp
267	https://http2.mlstatic.com/D_Q_NP_2X_628505-MLA99991762449_112025-E.webp
268	https://http2.mlstatic.com/D_Q_NP_2X_628505-MLA99991762449_112025-E.webp
269	https://http2.mlstatic.com/D_Q_NP_2X_628505-MLA99991762449_112025-E.webp
80	https://http2.mlstatic.com/D_Q_NP_2X_677844-MLA99432210990_112025-E.webp
82	https://http2.mlstatic.com/D_Q_NP_2X_771445-MLA108320858602_032026-E.webp
83	https://http2.mlstatic.com/D_Q_NP_2X_842778-MLA99123000201_112025-E.webp
84	https://http2.mlstatic.com/D_Q_NP_2X_634564-MLA100481650333_122025-E.webp
85	https://http2.mlstatic.com/D_Q_NP_2X_956051-MLA93388612590_092025-E.webp
1890	https://http2.mlstatic.com/D_Q_NP_2X_775733-MLC93067902106_092025-E.webp
86	https://http2.mlstatic.com/D_Q_NP_2X_956051-MLA93388612590_092025-E.webp
87	https://http2.mlstatic.com/D_Q_NP_2X_851837-MLA99078833509_112025-E.webp
88	https://http2.mlstatic.com/D_Q_NP_2X_851837-MLA99078833509_112025-E.webp
89	https://http2.mlstatic.com/D_Q_NP_2X_860980-MLA99180845853_112025-E.webp
270	https://http2.mlstatic.com/D_Q_NP_2X_628505-MLA99991762449_112025-E.webp
271	https://http2.mlstatic.com/D_Q_NP_2X_628505-MLA99991762449_112025-E.webp
272	https://http2.mlstatic.com/D_Q_NP_2X_628505-MLA99991762449_112025-E.webp
273	https://http2.mlstatic.com/D_Q_NP_2X_628505-MLA99991762449_112025-E.webp
274	https://http2.mlstatic.com/D_Q_NP_2X_865307-MLA96843397707_102025-E.webp
275	https://http2.mlstatic.com/D_Q_NP_2X_986172-MLA95981464208_102025-E.webp
276	https://http2.mlstatic.com/D_Q_NP_2X_655197-MLA101388143688_122025-E.webp
277	https://http2.mlstatic.com/D_Q_NP_2X_655197-MLA101388143688_122025-E.webp
278	https://http2.mlstatic.com/D_Q_NP_2X_849450-MLA99600806872_122025-E.webp
279	https://http2.mlstatic.com/D_Q_NP_2X_849450-MLA99600806872_122025-E.webp
90	https://http2.mlstatic.com/D_Q_NP_2X_873273-MLC50151972717_052022-E.webp
91	https://http2.mlstatic.com/D_Q_NP_2X_982892-MLA100103509291_122025-E.webp
92	https://http2.mlstatic.com/D_Q_NP_2X_783000-MLA103363159482_012026-E.webp
93	https://http2.mlstatic.com/D_Q_NP_2X_783000-MLA103363159482_012026-E.webp
94	https://http2.mlstatic.com/D_Q_NP_2X_783000-MLA103363159482_012026-E.webp
95	https://http2.mlstatic.com/D_Q_NP_2X_783000-MLA103363159482_012026-E.webp
96	https://http2.mlstatic.com/D_Q_NP_2X_783000-MLA103363159482_012026-E.webp
97	https://http2.mlstatic.com/D_Q_NP_2X_783000-MLA103363159482_012026-E.webp
98	https://http2.mlstatic.com/D_Q_NP_2X_783000-MLA103363159482_012026-E.webp
99	https://http2.mlstatic.com/D_Q_NP_2X_783000-MLA103363159482_012026-E.webp
1500	https://http2.mlstatic.com/D_NQ_NP_2X_980689-MLA92321857278_092025-O.webp
1501	https://http2.mlstatic.com/D_NQ_NP_2X_980689-MLA92321857278_092025-O.webp
1502	https://http2.mlstatic.com/D_NQ_NP_2X_980689-MLA92321857278_092025-O.webp
1503	https://http2.mlstatic.com/D_Q_NP_2X_814760-MLC96743553963_102025-E.webp
1504	https://http2.mlstatic.com/D_Q_NP_2X_716091-MLA99465509578_112025-E.webp
1505	https://http2.mlstatic.com/D_Q_NP_2X_802277-MLC108815341524_032026-E.webp
1506	https://http2.mlstatic.com/D_Q_NP_2X_966632-MLC69537510626_052023-E.webp
280	https://http2.mlstatic.com/D_Q_NP_2X_742014-MLA99144589909_112025-E.webp
1507	https://http2.mlstatic.com/D_Q_NP_2X_966632-MLC69537510626_052023-E.webp
281	https://http2.mlstatic.com/D_Q_NP_2X_787510-MLA99600331244_122025-E.webp
282	https://http2.mlstatic.com/D_Q_NP_2X_781511-MLC90032836157_082025-E.webp
1508	https://http2.mlstatic.com/D_Q_NP_2X_966632-MLC69537510626_052023-E.webp
283	https://http2.mlstatic.com/D_Q_NP_2X_842497-MLC46195643921_052021-E.webp
1509	https://http2.mlstatic.com/D_Q_NP_2X_966632-MLC69537510626_052023-E.webp
284	https://http2.mlstatic.com/D_Q_NP_2X_989967-MLC93161686046_092025-E.webp
285	https://http2.mlstatic.com/D_Q_NP_2X_989967-MLC93161686046_092025-E.webp
286	https://http2.mlstatic.com/D_Q_NP_2X_989967-MLC93161686046_092025-E.webp
287	https://http2.mlstatic.com/D_Q_NP_2X_989967-MLC93161686046_092025-E.webp
288	https://http2.mlstatic.com/D_Q_NP_2X_773233-MLC88788467234_082025-E-buzo-desechable-blanco-polipropileno-45gm2-x-50-unidades.webp
289	https://http2.mlstatic.com/D_Q_NP_2X_679553-MLC93157042736_092025-E.webp
1510	https://http2.mlstatic.com/D_NP_2X_966632-MLC69537510626_052023-E.webp
1511	https://http2.mlstatic.com/D_NP_2X_966632-MLC69537510626_052023-E.webp
1512	https://http2.mlstatic.com/D_NP_2X_966632-MLC69537510626_052023-E.webp
1513	https://http2.mlstatic.com/D_NP_2X_966632-MLC69537510626_052023-E.webp
1514	https://http2.mlstatic.com/D_NP_2X_966632-MLC69537510626_052023-E.webp
1515	https://http2.mlstatic.com/D_NP_2X_966632-MLC69537510626_052023-E.webp
290	https://http2.mlstatic.com/D_Q_NP_2X_679553-MLC93157042736_092025-E.webp
1516	https://http2.mlstatic.com/D_NP_2X_966632-MLC69537510626_052023-E.webp
291	https://http2.mlstatic.com/D_Q_NP_2X_900087-MLC92704005703_092025-E.webp
1517	https://http2.mlstatic.com/D_NP_2X_966632-MLC69537510626_052023-E.webp
292	https://http2.mlstatic.com/D_Q_NP_2X_900087-MLC92704005703_092025-E.webp
1518	https://http2.mlstatic.com/D_NP_2X_966632-MLC69537510626_052023-E.webp
293	https://http2.mlstatic.com/D_Q_NP_2X_814379-MLC110086741710_042026-E.webp
1519	https://http2.mlstatic.com/D_NP_2X_966632-MLC69537510626_052023-E.webp
294	https://http2.mlstatic.com/D_Q_NP_2X_990781-MLC111040018577_042026-E.webp
295	https://http2.mlstatic.com/D_Q_NP_2X_655874-MLC111040599015_042026-E.webp
296	https://http2.mlstatic.com/D_Q_NP_2X_690605-MLC110121498592_042026-E.webp
297	https://http2.mlstatic.com/D_Q_NP_2X_990781-MLC111040018577_042026-E.webp
298	https://http2.mlstatic.com/D_Q_NP_2X_655874-MLC111040599015_042026-E.webp
299	https://http2.mlstatic.com/D_Q_NP_2X_781146-MLC83506134420_042025-E.webp
1520	https://http2.mlstatic.com/D_NP_2X_966632-MLC69537510626_052023-E.webp
1521	https://http2.mlstatic.com/D_NP_2X_966632-MLC69537510626_052023-E.webp
1522	https://http2.mlstatic.com/D_NP_2X_966632-MLC69537510626_052023-E.webp
1523	https://http2.mlstatic.com/D_Q_NP_2X_966632-MLC69537510626_052023-E.webp
1524	https://http2.mlstatic.com/D_Q_NP_2X_966632-MLC69537510626_052023-E.webp
1525	https://http2.mlstatic.com/D_Q_NP_2X_966632-MLC69537510626_052023-E.webp
1526	https://http2.mlstatic.com/D_NP_2X_910850-MLC53282565834_012023-E.webp
1527	https://http2.mlstatic.com/D_NP_2X_910850-MLC53282565834_012023-E.webp
1528	https://http2.mlstatic.com/D_Q_NP_2X_910850-MLC53282565834_012023-E.webp
1529	https://http2.mlstatic.com/D_Q_NP_2X_910850-MLC53282565834_012023-E.webp
900	https://http2.mlstatic.com/D_Q_NP_2X_734003-MLA95171189546_102025-E.webp
901	https://http2.mlstatic.com/D_Q_NP_2X_674291-MLC73215583553_122023-E.webp
902	https://http2.mlstatic.com/D_Q_NP_2X_660300-MLC106263548357_012026-E.webp
903	https://http2.mlstatic.com/D_Q_NP_2X_903780-MLA99362664752_112025-E.webp
904	https://http2.mlstatic.com/D_Q_NP_2X_857401-MLC91975863100_092025-E.webp
905	https://http2.mlstatic.com/D_Q_NP_2X_741956-MLC72990260222_112023-E.webp
906	https://http2.mlstatic.com/D_Q_NP_2X_915626-MLC89969108195_082025-E.webp
907	https://http2.mlstatic.com/D_Q_NP_2X_767955-MLC90945879310_082025-E.webp
908	https://http2.mlstatic.com/D_Q_NP_2X_787942-MLC81802748927_012025-E.webp
1530	https://http2.mlstatic.com/D_Q_NP_2X_910850-MLC53282565834_012023-E.webp
909	https://http2.mlstatic.com/D_Q_NP_2X_787942-MLC81802748927_012025-E.webp
1531	https://http2.mlstatic.com/D_Q_NP_2X_910850-MLC53282565834_012023-E.webp
1532	https://http2.mlstatic.com/D_Q_NP_2X_910850-MLC53282565834_012023-E.webp
1533	https://http2.mlstatic.com/D_Q_NP_2X_910850-MLC53282565834_012023-E.webp
1534	https://http2.mlstatic.com/D_Q_NP_2X_910850-MLC53282565834_012023-E.webp
1535	https://http2.mlstatic.com/D_Q_NP_2X_910850-MLC53282565834_012023-E.webp
1536	https://http2.mlstatic.com/D_Q_NP_2X_910850-MLC53282565834_012023-E.webp
1537	https://http2.mlstatic.com/D_Q_NP_2X_910850-MLC53282565834_012023-E.webp
1538	https://http2.mlstatic.com/D_Q_NP_2X_910850-MLC53282565834_012023-E.webp
1539	https://http2.mlstatic.com/D_Q_NP_2X_910850-MLC53282565834_012023-E.webp
910	https://http2.mlstatic.com/D_Q_NP_2X_787942-MLC81802748927_012025-E.webp
911	https://http2.mlstatic.com/D_Q_NP_2X_787942-MLC81802748927_012025-E.webp
912	https://http2.mlstatic.com/D_Q_NP_2X_683562-MLC50608199593_072022-E.webp
913	https://http2.mlstatic.com/D_Q_NP_2X_900690-MLC75870604597_042024-E.webp
914	https://http2.mlstatic.com/D_Q_NP_2X_900690-MLC75870604597_042024-E.webp
915	https://http2.mlstatic.com/D_Q_NP_2X_988062-MLC95138253971_102025-E.webp
916	https://http2.mlstatic.com/D_Q_NP_2X_789549-MLA81222072802_122024-E.webp
917	https://http2.mlstatic.com/D_Q_NP_2X_900690-MLC75870604597_042024-E.webp
918	https://http2.mlstatic.com/D_Q_NP_2X_900690-MLC75870604597_042024-E.webp
1540	https://http2.mlstatic.com/D_Q_NP_2X_910850-MLC53282565834_012023-E.webp
919	https://http2.mlstatic.com/D_Q_NP_2X_900299-MLC103749118409_012026-E.webp
1541	https://http2.mlstatic.com/D_Q_NP_2X_910850-MLC53282565834_012023-E.webp
1542	https://http2.mlstatic.com/D_Q_NP_2X_910850-MLC53282565834_012023-E.webp
1543	https://http2.mlstatic.com/D_Q_NP_2X_910850-MLC53282565834_012023-E.webp
1544	https://http2.mlstatic.com/D_Q_NP_2X_910850-MLC53282565834_012023-E.webp
1545	https://http2.mlstatic.com/D_Q_NP_2X_910850-MLC53282565834_012023-E.webp
1546	https://http2.mlstatic.com/D_NP_2X_910850-MLC53282565834_012023-E.webp
1547	https://http2.mlstatic.com/D_NP_2X_910850-MLC53282565834_012023-E.webp
1548	https://http2.mlstatic.com/D_NP_2X_910850-MLC53282565834_012023-E.webp
1549	https://http2.mlstatic.com/D_NP_2X_910850-MLC53282565834_012023-E.webp
920	https://http2.mlstatic.com/D_Q_NP_2X_716613-MLC73566567195_122023-E.webp
921	https://http2.mlstatic.com/D_Q_NP_2X_895603-MLC99376870376_112025-E.webp
922	https://http2.mlstatic.com/D_Q_NP_2X_716613-MLC73566567195_122023-E.webp
923	https://http2.mlstatic.com/D_Q_NP_2X_939726-MLC76865389241_062024-E.webp
924	https://http2.mlstatic.com/D_Q_NP_2X_648265-MLC76865395489_062024-E.webp
925	https://http2.mlstatic.com/D_Q_NP_2X_939726-MLC76865389241_062024-E.webp
926	https://http2.mlstatic.com/D_Q_NP_2X_723680-CBT108613061491_032026-E.webp
927	https://http2.mlstatic.com/D_Q_NP_2X_939601-MLA99644057850_122025-E.webp
1550	https://http2.mlstatic.com/D_NP_2X_910850-MLC53282565834_012023-E.webp
1551	https://http2.mlstatic.com/D_Q_NP_2X_819554-MLC99264461354_112025-E.webp
1552	https://http2.mlstatic.com/D_Q_NP_2X_819554-MLC99264461354_112025-E.webp
1553	https://http2.mlstatic.com/D_Q_NP_2X_819554-MLC99264461354_112025-E.webp
1554	https://http2.mlstatic.com/D_Q_NP_2X_819554-MLC99264461354_112025-E.webp
1555	https://http2.mlstatic.com/D_Q_NP_2X_819554-MLC99264461354_112025-E.webp
1556	https://http2.mlstatic.com/D_Q_NP_2X_819554-MLC99264461354_112025-E.webp
1557	https://http2.mlstatic.com/D_Q_NP_2X_819554-MLC99264461354_112025-E.webp
1558	https://http2.mlstatic.com/D_Q_NP_2X_819554-MLC99264461354_112025-E.webp
1559	https://http2.mlstatic.com/D_Q_NP_2X_819554-MLC99264461354_112025-E.webp
931	https://http2.mlstatic.com/D_Q_NP_2X_781300-MLC99905588820_122025-E.webp
932	https://http2.mlstatic.com/D_Q_NP_2X_887549-MLA108918085528_032026-E.webp
933	https://http2.mlstatic.com/D_Q_NP_2X_887549-MLA108918085528_032026-E.webp
934	https://http2.mlstatic.com/D_Q_NP_2X_723220-MLC44146325279_112020-E.webp
935	https://http2.mlstatic.com/D_Q_NP_2X_666407-MLA95636599974_102025-E.webp
936	https://http2.mlstatic.com/D_Q_NP_2X_910146-MLC90312311259_082025-E.webp
937	https://http2.mlstatic.com/D_Q_NP_2X_999972-MLC103656722963_012026-E.webp
938	https://http2.mlstatic.com/D_Q_NP_2X_676989-MLC111762366611_052026-E-akilda-manilla-fierro-rusrica-colonial-con-base-a4067-285.webp
1560	https://http2.mlstatic.com/D_Q_NP_2X_819554-MLC99264461354_112025-E.webp
939	https://http2.mlstatic.com/D_Q_NP_2X_966325-MLC88702851683_072025-E.webp
1561	https://http2.mlstatic.com/D_Q_NP_2X_819554-MLC99264461354_112025-E.webp
1562	https://http2.mlstatic.com/D_Q_NP_2X_819554-MLC99264461354_112025-E.webp
1563	https://http2.mlstatic.com/D_Q_NP_2X_819554-MLC99264461354_112025-E.webp
1564	https://http2.mlstatic.com/D_Q_NP_2X_819554-MLC99264461354_112025-E.webp
1565	https://http2.mlstatic.com/D_Q_NP_2X_819554-MLC99264461354_112025-E.webp
1566	https://http2.mlstatic.com/D_Q_NP_2X_819554-MLC99264461354_112025-E.webp
1567	https://http2.mlstatic.com/D_Q_NP_2X_964441-MLC88797406868_082025-E.webp
1568	https://http2.mlstatic.com/D_Q_NP_2X_964441-MLC88797406868_082025-E.webp
1569	https://http2.mlstatic.com/D_Q_NP_2X_964441-MLC88797406868_082025-E.webp
940	https://http2.mlstatic.com/D_Q_NP_2X_744312-MLC91912261588_092025-E.webp
941	https://http2.mlstatic.com/D_Q_NP_2X_666129-MLA100004873665_122025-E.webp
942	https://http2.mlstatic.com/D_Q_NP_2X_816019-MLA99941539849_112025-E.webp
943	https://http2.mlstatic.com/D_Q_NP_2X_792366-MLA99870230237_112025-E.webp
944	https://http2.mlstatic.com/D_Q_NP_2X_714526-MLA100073953415_122025-E.webp
945	https://http2.mlstatic.com/D_Q_NP_2X_712172-MLA100326532768_122025-E.webp
946	https://http2.mlstatic.com/D_Q_NP_2X_989536-MLA89626382860_082025-E.webp
947	https://http2.mlstatic.com/D_Q_NP_2X_989536-MLA89626382860_082025-E.webp
948	https://http2.mlstatic.com/D_Q_NP_2X_726371-MLA108317394258_032026-E.webp
1570	https://http2.mlstatic.com/D_Q_NP_2X_964441-MLC88797406868_082025-E.webp
1571	https://http2.mlstatic.com/D_Q_NP_2X_630449-MLC98200285164_112025-E.webp
949	https://http2.mlstatic.com/D_Q_NP_2X_741356-MLC82196803578_022025-E.webp
1572	https://http2.mlstatic.com/D_Q_NP_2X_630449-MLC98200285164_112025-E.webp
1573	https://http2.mlstatic.com/D_Q_NP_2X_811211-MLA100081716987_122025-E.webp
1574	https://http2.mlstatic.com/D_Q_NP_2X_811211-MLA100081716987_122025-E.webp
1575	https://http2.mlstatic.com/D_Q_NP_2X_811211-MLA100081716987_122025-E.webp
1576	https://http2.mlstatic.com/D_Q_NP_2X_875216-MLC99576844084_122025-E.webp
1577	https://http2.mlstatic.com/D_Q_NP_2X_867798-MLC51003953625_082022-E.webp
1578	https://http2.mlstatic.com/D_Q_NP_2X_971578-MLC75590833950_042024-E.webp
1579	https://http2.mlstatic.com/D_Q_NP_2X_908364-MLC81616213200_012025-E.webp
950	https://http2.mlstatic.com/D_Q_NP_2X_841193-MLA109411110588_042026-E.webp
951	https://http2.mlstatic.com/D_Q_NP_2X_847746-MLA99474084622_112025-E.webp
952	https://http2.mlstatic.com/D_Q_NP_2X_847746-MLA99474084622_112025-E.webp
953	https://http2.mlstatic.com/D_Q_NP_2X_847746-MLA99474084622_112025-E.webp
954	https://http2.mlstatic.com/D_Q_NP_2X_727233-MLA99841808457_112025-E.webp
955	https://http2.mlstatic.com/D_Q_NP_2X_727233-MLA99841808457_112025-E.webp
956	https://http2.mlstatic.com/D_Q_NP_2X_727233-MLA99841808457_112025-E.webp
957	https://http2.mlstatic.com/D_Q_NP_2X_831312-MLC99729755401_112025-E.webp
1580	https://http2.mlstatic.com/D_Q_NP_2X_908364-MLC81616213200_012025-E.webp
958	https://http2.mlstatic.com/D_Q_NP_2X_936901-MLC99247142730_112025-E.webp
1581	https://http2.mlstatic.com/D_Q_NP_2X_908364-MLC81616213200_012025-E.webp
959	https://http2.mlstatic.com/D_Q_NP_2X_703404-MLC99729331837_112025-E.webp
1582	https://http2.mlstatic.com/D_Q_NP_2X_908364-MLC81616213200_012025-E.webp
1583	https://http2.mlstatic.com/D_Q_NP_2X_908364-MLC81616213200_012025-E.webp
1584	https://http2.mlstatic.com/D_Q_NP_2X_908364-MLC81616213200_012025-E.webp
1585	https://http2.mlstatic.com/D_Q_NP_2X_908364-MLC81616213200_012025-E.webp
1586	https://http2.mlstatic.com/D_Q_NP_2X_908364-MLC81616213200_012025-E.webp
1587	https://http2.mlstatic.com/D_Q_NP_2X_667009-MLC90358681772_082025-E.webp
1588	https://http2.mlstatic.com/D_Q_NP_2X_667009-MLC90358681772_082025-E.webp
1589	https://http2.mlstatic.com/D_Q_NP_2X_667009-MLC90358681772_082025-E.webp
960	https://http2.mlstatic.com/D_Q_NP_2X_775333-MLA99950946205_112025-E.webp
961	https://http2.mlstatic.com/D_Q_NP_2X_887753-MLC85347855238_062025-E.webp
962	https://http2.mlstatic.com/D_Q_NP_2X_926905-MLA100088117687_122025-E.webp
963	https://http2.mlstatic.com/D_Q_NP_2X_678996-MLA77703542504_072024-E.webp
964	https://http2.mlstatic.com/D_Q_NP_2X_836602-MLU74914792634_032024-E.webp
965	https://http2.mlstatic.com/D_Q_NP_2X_972038-MLA99465930332_112025-E.webp
966	https://http2.mlstatic.com/D_Q_NP_2X_713381-MLA109165142157_032026-E.webp
967	https://http2.mlstatic.com/D_Q_NP_2X_626410-MLA97976039911_112025-E.webp
968	https://http2.mlstatic.com/D_Q_NP_2X_722410-MLA99937055429_112025-E.webp
1590	https://http2.mlstatic.com/D_Q_NP_2X_970025-MLC76675606903_052024-E.webp
969	https://http2.mlstatic.com/D_Q_NP_2X_722410-MLA99937055429_112025-E.webp
1594	https://http2.mlstatic.com/D_Q_NP_2X_884054-MLC105616769080_012026-E.webp
1595	https://http2.mlstatic.com/D_Q_NP_2X_660162-MLC42448861583_072020-E.webp
1596	https://http2.mlstatic.com/D_Q_NP_2X_887729-MLC89015555502_082025-E.webp
1597	https://http2.mlstatic.com/D_Q_NP_2X_674343-MLC70946596090_082023-E.webp
1598	https://http2.mlstatic.com/D_Q_NP_2X_674343-MLC70946596090_082023-E.webp
1599	https://http2.mlstatic.com/D_Q_NP_2X_887729-MLC89015555502_082025-E.webp
970	https://http2.mlstatic.com/D_Q_NP_2X_722410-MLA99937055429_112025-E.webp
971	https://http2.mlstatic.com/D_Q_NP_2X_722410-MLA99937055429_112025-E.webp
972	https://http2.mlstatic.com/D_Q_NP_2X_722410-MLA99937055429_112025-E.webp
973	https://http2.mlstatic.com/D_Q_NP_2X_722410-MLA99937055429_112025-E.webp
974	https://http2.mlstatic.com/D_Q_NP_2X_722410-MLA99937055429_112025-E.webp
975	https://http2.mlstatic.com/D_Q_NP_2X_857401-MLC91975863100_092025-E.webp
976	https://http2.mlstatic.com/D_Q_NP_2X_857401-MLC91975863100_092025-E.webp
977	https://http2.mlstatic.com/D_Q_NP_2X_857401-MLC91975863100_092025-E.webp
978	https://http2.mlstatic.com/D_Q_NP_2X_683227-MLC93190196883_092025-E-overol-poplin-azul-marino-buzo-piloto-overall-creflectante.webp
979	https://http2.mlstatic.com/D_Q_NP_2X_683227-MLC93190196883_092025-E-overol-poplin-azul-marino-buzo-piloto-overall-creflectante.webp
1200	https://http2.mlstatic.com/D_Q_NP_2X_679976-MLA98961962238_112025-E.webp
1201	https://http2.mlstatic.com/D_Q_NP_2X_679976-MLA98961962238_112025-E.webp
1202	https://http2.mlstatic.com/D_Q_NP_2X_679976-MLA98961962238_112025-E.webp
1203	https://http2.mlstatic.com/D_Q_NP_2X_615343-MLA95596910263_102025-E.webp
1204	https://http2.mlstatic.com/D_Q_NP_2X_615343-MLA95596910263_102025-E.webp
1205	https://http2.mlstatic.com/D_Q_NP_2X_615343-MLA95596910263_102025-E.webp
1206	https://http2.mlstatic.com/D_Q_NP_2X_615343-MLA95596910263_102025-E.webp
1207	https://http2.mlstatic.com/D_Q_NP_2X_615343-MLA95596910263_102025-E.webp
1208	https://http2.mlstatic.com/D_Q_NP_2X_615343-MLA95596910263_102025-E.webp
1209	https://http2.mlstatic.com/D_Q_NP_2X_615343-MLA95596910263_102025-E.webp
980	https://http2.mlstatic.com/D_Q_NP_2X_683227-MLC93190196883_092025-E-overol-poplin-azul-marino-buzo-piloto-overall-creflectante.webp
981	https://http2.mlstatic.com/D_Q_NP_2X_683227-MLC93190196883_092025-E-overol-poplin-azul-marino-buzo-piloto-overall-creflectante.webp
982	https://http2.mlstatic.com/D_Q_NP_2X_640800-MLC74021764735_012024-E.webp
983	https://http2.mlstatic.com/D_Q_NP_2X_684862-MLC91904654070_092025-E.webp
984	https://http2.mlstatic.com/D_Q_NP_2X_684862-MLC91904654070_092025-E.webp
985	https://http2.mlstatic.com/D_Q_NP_2X_666296-MLC89655248066_082025-E.webp
986	https://http2.mlstatic.com/D_Q_NP_2X_666296-MLC89655248066_082025-E.webp
987	https://http2.mlstatic.com/D_Q_NP_2X_666296-MLC89655248066_082025-E.webp
988	https://http2.mlstatic.com/D_Q_NP_2X_666296-MLC89655248066_082025-E.webp
989	https://http2.mlstatic.com/D_Q_NP_2X_666296-MLC89655248066_082025-E.webp
2100	https://http2.mlstatic.com/D_Q_NP_2X_753336-MLC48404815776_122021-E.webp
1210	https://http2.mlstatic.com/D_Q_NP_2X_803235-MLA89424357042_082025-E.webp
2101	https://http2.mlstatic.com/D_Q_NP_2X_753336-MLC48404815776_122021-E.webp
2102	https://http2.mlstatic.com/D_Q_NP_2X_753336-MLC48404815776_122021-E.webp
1211	https://http2.mlstatic.com/D_Q_NP_2X_615548-MLA95403043790_102025-E.webp
2103	https://http2.mlstatic.com/D_Q_NP_2X_753336-MLC48404815776_122021-E.webp
1212	https://http2.mlstatic.com/D_Q_NP_2X_874489-MLC111053768799_042026-E.webp
1213	https://http2.mlstatic.com/D_Q_NP_2X_972067-MLC88443031778_072025-E.webp
2104	https://http2.mlstatic.com/D_Q_NP_2X_753336-MLC48404815776_122021-E.webp
1214	https://http2.mlstatic.com/D_NQ_NP_2X_768077-MLA100093679339_122025-F.webp
2105	https://http2.mlstatic.com/D_Q_NP_2X_753336-MLC48404815776_122021-E.webp
1215	https://http2.mlstatic.com/D_Q_NP_2X_772318-MLC81426953332_122024-O.webp
2106	https://http2.mlstatic.com/D_Q_NP_2X_915295-MLC91281510509_082025-E.webp
1216	https://http2.mlstatic.com/D_Q_NP_2X_670907-MLC111088175699_042026-E.webp
2107	https://http2.mlstatic.com/D_Q_NP_2X_936683-MLC54919168342_042023-E.webp
1217	https://http2.mlstatic.com/D_Q_NP_2X_847505-MLA104886930949_012026-E.webp
2108	https://http2.mlstatic.com/D_Q_NP_2X_939252-MLA100074247657_122025-E.webp
1218	https://http2.mlstatic.com/D_Q_NP_2X_901238-MLC74464499357_022024-E.webp
2109	https://http2.mlstatic.com/D_Q_NP_2X_928529-MLA96418133049_102025-E.webp
1219	https://http2.mlstatic.com/D_Q_NP_2X_771480-MLA103728389290_012026-E.webp
990	https://http2.mlstatic.com/D_Q_NP_2X_666296-MLC89655248066_082025-E.webp
991	https://http2.mlstatic.com/D_Q_NP_2X_666296-MLC89655248066_082025-E.webp
992	https://http2.mlstatic.com/D_Q_NP_2X_666296-MLC89655248066_082025-E.webp
993	https://http2.mlstatic.com/D_Q_NP_2X_666296-MLC89655248066_082025-E.webp
994	https://http2.mlstatic.com/D_Q_NP_2X_666296-MLC89655248066_082025-E.webp
995	https://http2.mlstatic.com/D_Q_NP_2X_666296-MLC89655248066_082025-E.webp
996	https://http2.mlstatic.com/D_Q_NP_2X_666296-MLC89655248066_082025-E.webp
997	https://http2.mlstatic.com/D_Q_NP_2X_666296-MLC89655248066_082025-E.webp
998	https://http2.mlstatic.com/D_Q_NP_2X_666296-MLC89655248066_082025-E.webp
999	https://http2.mlstatic.com/D_Q_NP_2X_885024-MLA95656785611_102025-E.webp
2110	https://http2.mlstatic.com/D_Q_NP_2X_976500-MLC109679183536_042026-E.webp
1220	https://http2.mlstatic.com/D_Q_NP_2X_810358-MLA107686819642_032026-E.webp
1221	https://http2.mlstatic.com/D_Q_NP_2X_699971-CBT83710650472_042025-E.webp
1222	https://http2.mlstatic.com/D_Q_NP_2X_810358-MLA107686819642_032026-E.webp
2113	https://http2.mlstatic.com/D_Q_NP_2X_863728-MLC49341634816_032022-E.webp
1223	https://http2.mlstatic.com/D_Q_NP_2X_699971-CBT83710650472_042025-E.webp
1224	https://http2.mlstatic.com/D_Q_NP_2X_876977-MLA99895083322_122025-E.webp
1225	https://http2.mlstatic.com/D_Q_NP_2X_692313-MLC98226200917_112025-E.webp
1226	https://http2.mlstatic.com/D_Q_NP_2X_656042-MLA99628401738_122025-E.webp
1227	https://http2.mlstatic.com/D_Q_NP_2X_893734-MLC101412247275_122025-E.webp
1228	https://http2.mlstatic.com/D_Q_NP_2X_685713-MLA95529255828_102025-E.webp
1229	https://http2.mlstatic.com/D_Q_NP_2X_640676-MLC105400287722_012026-E.webp
600	https://http2.mlstatic.com/D_Q_NP_2X_836390-MLC81821845044_012025-E.webp
601	https://http2.mlstatic.com/D_Q_NP_2X_836390-MLC81821845044_012025-E.webp
602	https://http2.mlstatic.com/D_Q_NP_2X_941352-MLA99503632316_112025-E.webp
603	https://http2.mlstatic.com/D_Q_NP_2X_854932-MLA100082947341_122025-E.webp
604	https://http2.mlstatic.com/D_Q_NP_2X_843535-MLC82480847583_022025-E.webp
605	https://http2.mlstatic.com/D_Q_NP_2X_843535-MLC82480847583_022025-E.webp
606	https://http2.mlstatic.com/D_Q_NP_2X_791568-MLA99930311977_112025-E.webp
2120	https://http2.mlstatic.com/D_Q_NP_2X_811047-MLA105006864973_012026-E.webp
607	https://http2.mlstatic.com/D_Q_NP_2X_812475-MLA99575042064_122025-E.webp
1230	https://http2.mlstatic.com/D_Q_NP_2X_686741-MLA110131315389_042026-O.webp
608	https://http2.mlstatic.com/D_Q_NP_2X_883964-MLC96891014452_112025-E.webp
1231	https://http2.mlstatic.com/D_Q_NP_2X_686741-MLA110131315389_042026-O.webp
609	https://http2.mlstatic.com/D_Q_NP_2X_883964-MLC96891014452_112025-E.webp
1232	https://http2.mlstatic.com/D_Q_NP_2X_686741-MLA110131315389_042026-O.webp
1233	https://http2.mlstatic.com/D_Q_NP_2X_686741-MLA110131315389_042026-O.webp
1234	https://http2.mlstatic.com/D_Q_NP_2X_686741-MLA110131315389_042026-O.webp
1235	https://http2.mlstatic.com/D_Q_NP_2X_622583-MLC111550183285_052026-O.webp
1236	https://http2.mlstatic.com/D_Q_NP_2X_993675-CBT109768731634_042026-O.webp
1237	https://http2.mlstatic.com/D_Q_NP_2X_993675-CBT109768731634_042026-O.webp
1238	https://http2.mlstatic.com/D_Q_NP_2X_993675-CBT109768731634_042026-O.webp
1239	https://http2.mlstatic.com/D_Q_NP_2X_993675-CBT109768731634_042026-O.webp
2130	https://http2.mlstatic.com/D_Q_NP_2X_811047-MLA105006864973_012026-E.webp
1240	https://http2.mlstatic.com/D_Q_NP_2X_865672-CBT102158617783_122025-O.webp
1241	https://http2.mlstatic.com/D_Q_NP_2X_865672-CBT102158617783_122025-O.webp
2132	https://http2.mlstatic.com/D_Q_NP_2X_954037-MLC70766358864_072023-E.webp
619	https://http2.mlstatic.com/D_Q_NP_2X_984345-MLA109039627390_032026-E.webp
1242	https://http2.mlstatic.com/D_Q_NP_2X_966231-MLC70024806874_062023-O.webp
2133	https://http2.mlstatic.com/D_Q_NP_2X_954037-MLC70766358864_072023-E.webp
1243	https://http2.mlstatic.com/D_Q_NP_2X_966231-MLC70024806874_062023-O.webp
2134	https://http2.mlstatic.com/D_Q_NP_2X_954037-MLC70766358864_072023-E.webp
1244	https://http2.mlstatic.com/D_Q_NP_2X_966231-MLC70024806874_062023-O.webp
2135	https://http2.mlstatic.com/D_Q_NP_2X_954037-MLC70766358864_072023-E.webp
1245	https://http2.mlstatic.com/D_Q_NP_2X_966231-MLC70024806874_062023-O.webp
1246	https://http2.mlstatic.com/D_Q_NP_2X_966231-MLC70024806874_062023-O.webp
1247	https://http2.mlstatic.com/D_Q_NP_2X_835451-MLC54550356191_032023-O.webp
1248	https://http2.mlstatic.com/D_Q_NP_2X_654043-MLC84788244316_052025-O.webp
1249	https://http2.mlstatic.com/D_Q_NP_2X_654043-MLC84788244316_052025-O.webp
620	https://http2.mlstatic.com/D_Q_NP_2X_688643-MLC88489653128_072025-E.webp
621	https://http2.mlstatic.com/D_Q_NP_2X_700575-MLC83022822204_032025-E.webp
622	https://http2.mlstatic.com/D_Q_NP_2X_700575-MLC83022822204_032025-E.webp
623	https://http2.mlstatic.com/D_Q_NP_2X_806111-MLA109162815941_032026-E.webp
624	https://http2.mlstatic.com/D_Q_NP_2X_989513-MLC96495589018_112025-E.webp
625	https://http2.mlstatic.com/D_Q_NP_2X_703350-MLC80143450913_102024-E.webp
626	https://http2.mlstatic.com/D_Q_NP_2X_647739-MLC50519339273_062022-E.webp
627	https://http2.mlstatic.com/D_Q_NP_2X_985267-MLC88491042147_072025-E.webp
1250	https://http2.mlstatic.com/D_Q_NP_2X_654043-MLC84788244316_052025-O.webp
628	https://http2.mlstatic.com/D_Q_NP_2X_985267-MLC88491042147_072025-E.webp
1251	https://http2.mlstatic.com/D_Q_NP_2X_654043-MLC84788244316_052025-O.webp
629	https://http2.mlstatic.com/D_Q_NP_2X_985267-MLC88491042147_072025-E.webp
1252	https://http2.mlstatic.com/D_Q_NP_2X_654043-MLC84788244316_052025-O.webp
1253	https://http2.mlstatic.com/D_Q_NP_2X_966231-MLC70024806874_062023-O.webp
1254	https://http2.mlstatic.com/D_Q_NP_2X_964874-MLC108637986144_032026-O.webp
1255	https://http2.mlstatic.com/D_Q_NP_2X_964874-MLC108637986144_032026-O.webp
1256	https://http2.mlstatic.com/D_Q_NP_2X_668512-MLC44908047052_022021-E.webp
1257	https://http2.mlstatic.com/D_Q_NP_2X_949660-MLC99730005983_112025-E.webp
1258	https://http2.mlstatic.com/D_Q_NP_2X_754523-MLC72666847279_112023-E.webp
1259	https://http2.mlstatic.com/D_Q_NP_2X_622286-MLC77061244112_062024-E.webp
630	https://http2.mlstatic.com/D_Q_NP_2X_985267-MLC88491042147_072025-E.webp
631	https://http2.mlstatic.com/D_Q_NP_2X_985267-MLC88491042147_072025-E.webp
632	https://http2.mlstatic.com/D_Q_NP_2X_985267-MLC88491042147_072025-E.webp
633	https://http2.mlstatic.com/D_Q_NP_2X_985267-MLC88491042147_072025-E.webp
634	https://http2.mlstatic.com/D_Q_NP_2X_915109-MLC70277311502_072023-E.webp
635	https://http2.mlstatic.com/D_Q_NP_2X_770238-MLC112513688489_052026-E-pack-2-eslingas-ratchet-4-metros-para-amarre-de-carga.webp
636	https://http2.mlstatic.com/D_Q_NP_2X_834670-MLA97578688555_112025-E.webp
637	https://http2.mlstatic.com/D_Q_NP_2X_834670-MLA97578688555_112025-E.webp
1260	https://http2.mlstatic.com/D_Q_NP_2X_940449-MLC89163247233_082025-E.webp
638	https://http2.mlstatic.com/D_Q_NP_2X_834670-MLA97578688555_112025-E.webp
1261	https://http2.mlstatic.com/D_Q_NP_2X_954025-MLC110887453182_052026-E.webp
639	https://http2.mlstatic.com/D_Q_NP_2X_798827-MLA100010541841_122025-E.webp
1262	https://http2.mlstatic.com/D_NQ_NP_2X_701679-MLC105375419646_012026-F.webp
1263	https://http2.mlstatic.com/D_Q_NP_2X_882182-MLC91528007386_092025-E.webp
1264	https://http2.mlstatic.com/D_Q_NP_2X_804503-MLC90644757688_082025-E.webp
2155	https://http2.mlstatic.com/D_Q_NP_2X_966760-MLA104663481827_012026-E.webp
1265	https://http2.mlstatic.com/D_Q_NP_2X_804503-MLC90644757688_082025-E.webp
2156	https://http2.mlstatic.com/D_Q_NP_2X_966760-MLA104663481827_012026-E.webp
1266	https://http2.mlstatic.com/D_Q_NP_2X_895010-MLC90643850310_082025-E.webp
2157	https://http2.mlstatic.com/D_Q_NP_2X_966760-MLA104663481827_012026-E.webp
1267	https://http2.mlstatic.com/D_Q_NP_2X_982472-MLC109676313174_042026-E.webp
2158	https://http2.mlstatic.com/D_Q_NP_2X_966760-MLA104663481827_012026-E.webp
1268	https://http2.mlstatic.com/D_Q_NP_2X_982472-MLC109676313174_042026-E.webp
1269	https://http2.mlstatic.com/D_Q_NP_2X_982472-MLC109676313174_042026-E.webp
640	https://http2.mlstatic.com/D_Q_NP_2X_665833-MLC84183126802_052025-E.webp
641	https://http2.mlstatic.com/D_Q_NP_2X_989649-MLC89949357853_082025-E.webp
642	https://http2.mlstatic.com/D_Q_NP_2X_636736-MLC109592265550_042026-E.webp
643	https://http2.mlstatic.com/D_Q_NP_2X_989649-MLC89949357853_082025-E.webp
644	https://http2.mlstatic.com/D_Q_NP_2X_989649-MLC89949357853_082025-E.webp
645	https://http2.mlstatic.com/D_Q_NP_2X_636736-MLC109592265550_042026-E.webp
646	https://http2.mlstatic.com/D_Q_NP_2X_636736-MLC109592265550_042026-E.webp
2160	https://http2.mlstatic.com/D_Q_NP_2X_966760-MLA104663481827_012026-E.webp
647	https://http2.mlstatic.com/D_Q_NP_2X_636736-MLC109592265550_042026-E.webp
648	https://http2.mlstatic.com/D_Q_NP_2X_942211-MLA99573525928_122025-E.webp
1270	https://http2.mlstatic.com/D_Q_NP_2X_982472-MLC109676313174_042026-E.webp
2161	https://http2.mlstatic.com/D_Q_NP_2X_966760-MLA104663481827_012026-E.webp
649	https://http2.mlstatic.com/D_Q_NP_2X_921067-MLA95535603752_102025-E.webp
2162	https://http2.mlstatic.com/D_Q_NP_2X_966760-MLA104663481827_012026-E.webp
1271	https://http2.mlstatic.com/D_Q_NP_2X_960160-MLU74088498495_012024-E.webp
2163	https://http2.mlstatic.com/D_Q_NP_2X_966760-MLA104663481827_012026-E.webp
1272	https://http2.mlstatic.com/D_Q_NP_2X_756469-MLA99463446690_112025-E.webp
1273	https://http2.mlstatic.com/D_Q_NP_2X_759323-MLC53272875508_012023-E.webp
2164	https://http2.mlstatic.com/D_Q_NP_2X_966760-MLA104663481827_012026-E.webp
1274	https://http2.mlstatic.com/D_Q_NP_2X_967947-MLC43965888084_112020-E.webp
1275	https://http2.mlstatic.com/D_Q_NP_2X_698616-MLC78338298386_082024-E.webp
1276	https://http2.mlstatic.com/D_Q_NP_2X_911921-MLC100149301637_122025-E.webp
1277	https://http2.mlstatic.com/D_Q_NP_2X_759323-MLC53272875508_012023-E.webp
1278	https://http2.mlstatic.com/D_Q_NP_2X_959918-CBT95473980613_102025-E.webp
1279	https://http2.mlstatic.com/D_Q_NP_2X_672969-MLC71615968405_092023-E.webp
650	https://http2.mlstatic.com/D_Q_NP_2X_686164-MLA111038178153_042026-E.webp
651	https://http2.mlstatic.com/D_Q_NP_2X_798827-MLA100010541841_122025-E.webp
652	https://http2.mlstatic.com/D_Q_NP_2X_766024-MLA111826669735_052026-E.webp
653	https://http2.mlstatic.com/D_Q_NP_2X_942211-MLA99573525928_122025-E.webp
654	https://http2.mlstatic.com/D_Q_NP_2X_676383-MLA106541802680_022026-E.webp
655	https://http2.mlstatic.com/D_Q_NP_2X_676383-MLA106541802680_022026-E.webp
656	https://http2.mlstatic.com/D_Q_NP_2X_676383-MLA106541802680_022026-E.webp
657	https://http2.mlstatic.com/D_Q_NP_2X_676383-MLA106541802680_022026-E.webp
658	https://http2.mlstatic.com/D_Q_NP_2X_676383-MLA106541802680_022026-E.webp
2171	https://http2.mlstatic.com/D_Q_NP_2X_686222-MLA95839209479_102025-E.webp
1280	https://http2.mlstatic.com/D_Q_NP_2X_945462-CBT105833860761_012026-E.webp
659	https://http2.mlstatic.com/D_Q_NP_2X_883475-MLA100087130817_122025-E.webp
2172	https://http2.mlstatic.com/D_Q_NP_2X_686222-MLA95839209479_102025-E.webp
1281	https://http2.mlstatic.com/D_Q_NP_2X_919488-MLC99153505881_112025-E.webp
2173	https://http2.mlstatic.com/D_Q_NP_2X_686222-MLA95839209479_102025-E.webp
1282	https://http2.mlstatic.com/D_Q_NP_2X_886071-MLC93160770170_092025-E.webp
1283	https://http2.mlstatic.com/D_Q_NP_2X_759115-MLA103141202250_012026-E.webp
2174	https://http2.mlstatic.com/D_Q_NP_2X_686222-MLA95839209479_102025-E.webp
2175	https://http2.mlstatic.com/D_Q_NP_2X_842202-MLA92412062982_092025-E.webp
1284	https://http2.mlstatic.com/D_Q_NP_2X_753555-MLC79393006523_092024-E.webp
2176	https://http2.mlstatic.com/D_Q_NP_2X_842202-MLA92412062982_092025-E.webp
1285	https://http2.mlstatic.com/D_Q_NP_2X_759555-MLC101669297194_122025-E.webp
2177	https://http2.mlstatic.com/D_Q_NP_2X_726987-MLC95099012121_102025-E.webp
1286	https://http2.mlstatic.com/D_Q_NP_2X_789968-MLM106255591243_012026-E.webp
2178	https://http2.mlstatic.com/D_Q_NP_2X_726987-MLC95099012121_102025-E.webp
1287	https://http2.mlstatic.com/D_Q_NP_2X_782683-MLC108417727329_032026-E.webp
2179	https://http2.mlstatic.com/D_Q_NP_2X_726987-MLC95099012121_102025-E.webp
1288	https://http2.mlstatic.com/D_Q_NP_2X_955283-MLC72178768056_102023-E.webp
1289	https://http2.mlstatic.com/D_Q_NP_2X_955283-MLC72178768056_102023-E.webp
660	https://http2.mlstatic.com/D_Q_NP_2X_883475-MLA100087130817_122025-E.webp
661	https://http2.mlstatic.com/D_Q_NP_2X_883475-MLA100087130817_122025-E.webp
662	https://http2.mlstatic.com/D_Q_NP_2X_942849-MLA99394437506_112025-E.webp
663	https://http2.mlstatic.com/D_Q_NP_2X_920538-MLA100053667393_122025-E.webp
664	https://http2.mlstatic.com/D_Q_NP_2X_843601-MLA100025928625_122025-E.webp
665	https://http2.mlstatic.com/D_Q_NP_2X_649154-MLA100092771641_122025-E.webp
666	https://http2.mlstatic.com/D_Q_NP_2X_649154-MLA100092771641_122025-E.webp
667	https://http2.mlstatic.com/D_Q_NP_2X_893993-MLC82290776861_022025-E.webp
2180	https://http2.mlstatic.com/D_Q_NP_2X_625132-MLC31878437937_082019-E.webp
668	https://http2.mlstatic.com/D_Q_NP_2X_617136-MLC112528677063_052026-E-fierro-estriado-16-mm-x-6-mts.webp
2181	https://http2.mlstatic.com/D_Q_NP_2X_625132-MLC31878437937_082019-E.webp
1290	https://http2.mlstatic.com/D_Q_NP_2X_913225-MLC76354564146_052024-E.webp
669	https://http2.mlstatic.com/D_Q_NP_2X_893993-MLC82290776861_022025-E.webp
2182	https://http2.mlstatic.com/D_Q_NP_2X_977134-MLA100073884427_122025-E.webp
2183	https://http2.mlstatic.com/D_Q_NP_2X_977134-MLA100073884427_122025-E.webp
1292	https://http2.mlstatic.com/D_Q_NP_2X_828040-MLA109550076701_032026-E.webp
1293	https://http2.mlstatic.com/D_Q_NP_2X_749101-MLC29354842719_022019-E-siding-de-fibrocemento.webp
2184	https://http2.mlstatic.com/D_Q_NP_2X_977134-MLA100073884427_122025-E.webp
2185	https://http2.mlstatic.com/D_Q_NP_2X_977134-MLA100073884427_122025-E.webp
1294	https://http2.mlstatic.com/D_Q_NP_2X_901159-MLC70042640559_062023-E.webp
2186	https://http2.mlstatic.com/D_Q_NP_2X_615075-MLA100115279675_122025-E.webp
1295	https://http2.mlstatic.com/D_Q_NP_2X_901159-MLC70042640559_062023-E.webp
2187	https://http2.mlstatic.com/D_Q_NP_2X_615075-MLA100115279675_122025-E.webp
1296	https://http2.mlstatic.com/D_Q_NP_2X_901159-MLC70042640559_062023-E.webp
2188	https://http2.mlstatic.com/D_Q_NP_2X_615075-MLA100115279675_122025-E.webp
1297	https://http2.mlstatic.com/D_Q_NP_2X_901159-MLC70042640559_062023-E.webp
2189	https://http2.mlstatic.com/D_Q_NP_2X_615075-MLA100115279675_122025-E.webp
1298	https://http2.mlstatic.com/D_Q_NP_2X_901159-MLC70042640559_062023-E.webp
1299	https://http2.mlstatic.com/D_Q_NP_2X_901159-MLC70042640559_062023-E.webp
670	https://http2.mlstatic.com/D_Q_NP_2X_893993-MLC82290776861_022025-E.webp
671	https://http2.mlstatic.com/D_Q_NP_2X_893993-MLC82290776861_022025-E.webp
672	https://http2.mlstatic.com/D_Q_NP_2X_893993-MLC82290776861_022025-E.webp
673	https://http2.mlstatic.com/D_Q_NP_2X_943384-MLC111086262058_052026-E.webp
674	https://http2.mlstatic.com/D_Q_NP_2X_959013-MLC77439471852_072024-E.webp
675	https://http2.mlstatic.com/D_Q_NP_2X_893993-MLC82290776861_022025-E.webp
676	https://http2.mlstatic.com/D_Q_NP_2X_991111-MLC71984983623_092023-E.webp
677	https://http2.mlstatic.com/D_Q_NP_2X_897701-MLC50267434871_062022-E.webp
2190	https://http2.mlstatic.com/D_Q_NP_2X_924954-MLA93504653159_092025-E.webp
678	https://http2.mlstatic.com/D_Q_NP_2X_966482-MLA99601144798_122025-E.webp
2191	https://http2.mlstatic.com/D_Q_NP_2X_924954-MLA93504653159_092025-E.webp
679	https://http2.mlstatic.com/D_Q_NP_2X_966482-MLA99601144798_122025-E.webp
2192	https://http2.mlstatic.com/D_Q_NP_2X_924954-MLA93504653159_092025-E.webp
2193	https://http2.mlstatic.com/D_Q_NP_2X_924954-MLA93504653159_092025-E.webp
2194	https://http2.mlstatic.com/D_Q_NP_2X_924954-MLA93504653159_092025-E.webp
2195	https://http2.mlstatic.com/D_Q_NP_2X_962110-MLA99499870848_112025-E.webp
2196	https://http2.mlstatic.com/D_Q_NP_2X_665539-MLA99870245617_112025-E.webp
2197	https://http2.mlstatic.com/D_Q_NP_2X_665539-MLA99870245617_112025-E.webp
2198	https://http2.mlstatic.com/D_Q_NP_2X_665539-MLA99870245617_112025-E.webp
2199	https://http2.mlstatic.com/D_Q_NP_2X_665539-MLA99870245617_112025-E.webp
1900	https://http2.mlstatic.com/D_Q_NP_2X_679976-MLA98961962238_112025-E.webp
1901	https://http2.mlstatic.com/D_Q_NP_2X_679976-MLA98961962238_112025-E.webp
1902	https://http2.mlstatic.com/D_Q_NP_2X_679976-MLA98961962238_112025-E.webp
1903	https://http2.mlstatic.com/D_Q_NP_2X_874369-MLC74054784956_012024-E.webp
1904	https://http2.mlstatic.com/D_Q_NP_2X_615343-MLA95596910263_102025-E.webp
1905	https://http2.mlstatic.com/D_Q_NP_2X_615343-MLA95596910263_102025-E.webp
680	https://http2.mlstatic.com/D_Q_NP_2X_966482-MLA99601144798_122025-E.webp
1907	https://http2.mlstatic.com/D_Q_NP_2X_615343-MLA95596910263_102025-E.webp
682	https://http2.mlstatic.com/D_Q_NP_2X_784784-MLA105116972680_012026-E.webp
1908	https://http2.mlstatic.com/D_Q_NP_2X_615343-MLA95596910263_102025-E.webp
683	https://http2.mlstatic.com/D_Q_NP_2X_994972-MLA80795337742_112024-E.webp
1909	https://http2.mlstatic.com/D_Q_NP_2X_615343-MLA95596910263_102025-E.webp
684	https://http2.mlstatic.com/D_Q_NP_2X_994972-MLA80795337742_112024-E.webp
685	https://http2.mlstatic.com/D_Q_NP_2X_959313-MLA104150835103_012026-E.webp
686	https://http2.mlstatic.com/D_Q_NP_2X_808736-MLC75173860458_032024-E.webp
687	https://http2.mlstatic.com/D_Q_NP_2X_808736-MLC75173860458_032024-E.webp
688	https://http2.mlstatic.com/D_Q_NP_2X_808736-MLC75173860458_032024-E.webp
689	https://http2.mlstatic.com/D_Q_NP_2X_808736-MLC75173860458_032024-E.webp
1911	https://http2.mlstatic.com/D_Q_NP_2X_803235-MLA89424357042_082025-E.webp
690	https://http2.mlstatic.com/D_Q_NP_2X_695793-MLA99442474106_112025-E.webp
691	https://http2.mlstatic.com/D_Q_NP_2X_695793-MLA99442474106_112025-E.webp
692	https://http2.mlstatic.com/D_Q_NP_2X_840329-MLA96183950315_102025-E.webp
693	https://http2.mlstatic.com/D_Q_NP_2X_992734-MLA99607921996_122025-E.webp
694	https://http2.mlstatic.com/D_Q_NP_2X_773670-MLC110694352604_052026-E.webp
695	https://http2.mlstatic.com/D_Q_NP_2X_905126-MLA99600637552_122025-E.webp
696	https://http2.mlstatic.com/D_Q_NP_2X_881643-MLA100080323363_122025-E.webp
697	https://http2.mlstatic.com/D_Q_NP_2X_903903-MLA99601872170_122025-E.webp
698	https://http2.mlstatic.com/D_Q_NP_2X_881766-MLA100082225977_122025-E.webp
699	https://http2.mlstatic.com/D_Q_NP_2X_766708-MLC103993838381_012026-E.webp
1920	https://http2.mlstatic.com/D_Q_NP_2X_643466-MLA99469632582_112025-E.webp
1927	https://http2.mlstatic.com/D_Q_NP_2X_876977-MLA99895083322_122025-E.webp
1928	https://http2.mlstatic.com/D_Q_NP_2X_830093-MLA95605432265_102025-E.webp
300	https://http2.mlstatic.com/D_Q_NP_2X_775609-MLC104014898605_012026-E.webp
301	https://http2.mlstatic.com/D_Q_NP_2X_953305-MLA100068389907_122025-E.webp
302	https://http2.mlstatic.com/D_Q_NP_2X_953305-MLA100068389907_122025-E.webp
303	https://http2.mlstatic.com/D_Q_NP_2X_953305-MLA100068389907_122025-E.webp
304	https://http2.mlstatic.com/D_Q_NP_2X_953305-MLA100068389907_122025-E.webp
305	https://http2.mlstatic.com/D_Q_NP_2X_953305-MLA100068389907_122025-E.webp
306	https://http2.mlstatic.com/D_Q_NP_2X_706069-MLU74192119141_012024-E.webp
307	https://http2.mlstatic.com/D_Q_NP_2X_645897-MLC69664857285_052023-E.webp
308	https://http2.mlstatic.com/D_Q_NP_2X_645897-MLC69664857285_052023-E.webp
309	https://http2.mlstatic.com/D_Q_NP_2X_645897-MLC69664857285_052023-E.webp
1930	https://http2.mlstatic.com/D_Q_NP_2X_642138-MLC102663743583_122025-E.webp
310	https://http2.mlstatic.com/D_Q_NP_2X_942990-MLC101904452857_122025-E.webp
311	https://http2.mlstatic.com/D_Q_NP_2X_845081-MLC109634106082_042026-E.webp
312	https://http2.mlstatic.com/D_Q_NP_2X_916151-MLC93716988308_102025-E.webp
313	https://http2.mlstatic.com/D_Q_NP_2X_839104-MLC91928525640_092025-E.webp
314	https://http2.mlstatic.com/D_Q_NP_2X_724184-MLC93579975885_092025-E.webp
315	https://http2.mlstatic.com/D_Q_NP_2X_886177-MLC49072859870_022022-E.webp
316	https://http2.mlstatic.com/D_Q_NP_2X_987284-MLC86489707843_062025-E.webp
317	https://http2.mlstatic.com/D_Q_NP_2X_736722-MLC80053839750_102024-E.webp
318	https://http2.mlstatic.com/D_Q_NP_2X_736722-MLC80053839750_102024-E.webp
319	https://http2.mlstatic.com/D_Q_NP_2X_736722-MLC80053839750_102024-E.webp
1940	https://http2.mlstatic.com/D_Q_NP_2X_622583-MLC111550183285_052026-O.webp
1941	https://http2.mlstatic.com/D_Q_NP_2X_993675-CBT109768731634_042026-O.webp
1942	https://http2.mlstatic.com/D_Q_NP_2X_993675-CBT109768731634_042026-O.webp
1945	https://http2.mlstatic.com/D_Q_NP_2X_993675-CBT109768731634_042026-O.webp
1949	https://http2.mlstatic.com/D_Q_NP_2X_966231-MLC70024806874_062023-O.webp
320	https://http2.mlstatic.com/D_Q_NP_2X_736722-MLC80053839750_102024-E.webp
321	https://http2.mlstatic.com/D_Q_NP_2X_736722-MLC80053839750_102024-E.webp
322	https://http2.mlstatic.com/D_Q_NP_2X_736722-MLC80053839750_102024-E.webp
323	https://http2.mlstatic.com/D_Q_NP_2X_736722-MLC80053839750_102024-E.webp
324	https://http2.mlstatic.com/D_Q_NP_2X_736722-MLC80053839750_102024-E.webp
325	https://http2.mlstatic.com/D_Q_NP_2X_736722-MLC80053839750_102024-E.webp
326	https://http2.mlstatic.com/D_Q_NP_2X_736722-MLC80053839750_102024-E.webp
327	https://http2.mlstatic.com/D_Q_NP_2X_736722-MLC80053839750_102024-E.webp
328	https://http2.mlstatic.com/D_Q_NP_2X_736722-MLC80053839750_102024-E.webp
329	https://http2.mlstatic.com/D_Q_NP_2X_736722-MLC80053839750_102024-E.webp
1954	https://http2.mlstatic.com/D_Q_NP_2X_671405-MLC109987224438_042026-E.webp
1955	https://http2.mlstatic.com/D_Q_NP_2X_654043-MLC84788244316_052025-O.webp
1956	https://http2.mlstatic.com/D_Q_NP_2X_654043-MLC84788244316_052025-O.webp
1959	https://http2.mlstatic.com/D_Q_NP_2X_654043-MLC84788244316_052025-O.webp
330	https://http2.mlstatic.com/D_Q_NP_2X_736722-MLC80053839750_102024-E.webp
331	https://http2.mlstatic.com/D_Q_NP_2X_736722-MLC80053839750_102024-E.webp
332	https://http2.mlstatic.com/D_Q_NP_2X_736722-MLC80053839750_102024-E.webp
333	https://http2.mlstatic.com/D_Q_NP_2X_736722-MLC80053839750_102024-E.webp
334	https://http2.mlstatic.com/D_Q_NP_2X_736722-MLC80053839750_102024-E.webp
335	https://http2.mlstatic.com/D_Q_NP_2X_736722-MLC80053839750_102024-E.webp
336	https://http2.mlstatic.com/D_Q_NP_2X_736722-MLC80053839750_102024-E.webp
337	https://http2.mlstatic.com/D_Q_NP_2X_736722-MLC80053839750_102024-E.webp
338	https://http2.mlstatic.com/D_Q_NP_2X_673024-CBT91210464936_092025-E.webp
339	https://http2.mlstatic.com/D_Q_NP_2X_673024-CBT91210464936_092025-E.webp
340	https://http2.mlstatic.com/D_Q_NP_2X_770896-MLC81053334891_112024-E.webp
341	https://http2.mlstatic.com/D_Q_NP_2X_770896-MLC81053334891_112024-E.webp
342	https://http2.mlstatic.com/D_Q_NP_2X_770896-MLC81053334891_112024-E.webp
343	https://http2.mlstatic.com/D_Q_NP_2X_770896-MLC81053334891_112024-E.webp
344	https://http2.mlstatic.com/D_Q_NP_2X_770896-MLC81053334891_112024-E.webp
345	https://http2.mlstatic.com/D_Q_NP_2X_770896-MLC81053334891_112024-E.webp
346	https://http2.mlstatic.com/D_Q_NP_2X_770896-MLC81053334891_112024-E.webp
347	https://http2.mlstatic.com/D_Q_NP_2X_770896-MLC81053334891_112024-E.webp
348	https://http2.mlstatic.com/D_Q_NP_2X_858692-MLC81068050955_112024-E.webp
349	https://http2.mlstatic.com/D_Q_NP_2X_858692-MLC81068050955_112024-E.webp
1973	https://http2.mlstatic.com/D_Q_NP_2X_982472-MLC109676313174_042026-E.webp
1979	https://http2.mlstatic.com/D_Q_NP_2X_759323-MLC53272875508_012023-E.webp
350	https://http2.mlstatic.com/D_Q_NP_2X_858692-MLC81068050955_112024-E.webp
351	https://http2.mlstatic.com/D_Q_NP_2X_858692-MLC81068050955_112024-E.webp
352	https://http2.mlstatic.com/D_Q_NP_2X_858692-MLC81068050955_112024-E.webp
353	https://http2.mlstatic.com/D_Q_NP_2X_858692-MLC81068050955_112024-E.webp
354	https://http2.mlstatic.com/D_Q_NP_2X_858692-MLC81068050955_112024-E.webp
355	https://http2.mlstatic.com/D_Q_NP_2X_859031-MLC93712881880_102025-E.webp
356	https://http2.mlstatic.com/D_Q_NP_2X_859031-MLC93712881880_102025-E.webp
357	https://http2.mlstatic.com/D_Q_NP_2X_859031-MLC93712881880_102025-E.webp
358	https://http2.mlstatic.com/D_Q_NP_2X_859031-MLC93712881880_102025-E.webp
359	https://http2.mlstatic.com/D_Q_NP_2X_859031-MLC93712881880_102025-E.webp
1980	https://http2.mlstatic.com/D_Q_NP_2X_641235-MLC54449991827_032023-E.webp
1982	https://http2.mlstatic.com/D_Q_NP_2X_698616-MLC78338298386_082024-E.webp
1983	https://http2.mlstatic.com/D_Q_NP_2X_911921-MLC100149301637_122025-E.webp
1984	https://http2.mlstatic.com/D_Q_NP_2X_759323-MLC53272875508_012023-E.webp
1985	https://http2.mlstatic.com/D_Q_NP_2X_959918-CBT95473980613_102025-E.webp
360	https://http2.mlstatic.com/D_Q_NP_2X_911817-MLC50744899110_072022-E.webp
361	https://http2.mlstatic.com/D_Q_NP_2X_911817-MLC50744899110_072022-E.webp
362	https://http2.mlstatic.com/D_Q_NP_2X_769464-MLC94438436247_102025-E.webp
363	https://http2.mlstatic.com/D_Q_NP_2X_769464-MLC94438436247_102025-E.webp
366	https://http2.mlstatic.com/D_Q_NP_2X_612043-MLA99607101570_122025-O.webp
367	https://http2.mlstatic.com/D_Q_NP_2X_639918-MLA106634671914_022026-E.webp
368	https://http2.mlstatic.com/D_Q_NP_2X_746626-MLA98657673216_112025-E.webp
369	https://http2.mlstatic.com/D_Q_NP_2X_763025-MLA95936336673_102025-E.webp
370	https://http2.mlstatic.com/D_Q_NP_2X_746626-MLA98657673216_112025-E.webp
371	https://http2.mlstatic.com/D_Q_NP_2X_872019-MLA99593411593_122025-E.webp
372	https://http2.mlstatic.com/D_Q_NP_2X_939102-MLC89442039137_082025-E-casco-seguridad-construccion-con-arnes-certificado.webp
373	https://http2.mlstatic.com/D_Q_NP_2X_986792-MLA100118350699_122025-E.webp
374	https://http2.mlstatic.com/D_Q_NP_2X_725838-MLU72079775938_102023-E.webp
375	https://http2.mlstatic.com/D_Q_NP_2X_702937-MLA99170542801_112025-E.webp
376	https://http2.mlstatic.com/D_Q_NP_2X_768717-MLA102654240601_122025-E.webp
377	https://http2.mlstatic.com/D_Q_NP_2X_667404-MLU70898426497_082023-E.webp
378	https://http2.mlstatic.com/D_Q_NP_2X_652931-MLC74782628657_022024-E.webp
379	https://http2.mlstatic.com/D_Q_NP_2X_731691-MLA99596262706_122025-E.webp
1600	https://http2.mlstatic.com/D_Q_NP_2X_954800-MLC90756208592_082025-E.webp
1601	https://http2.mlstatic.com/D_Q_NP_2X_954800-MLC90756208592_082025-E.webp
1602	https://http2.mlstatic.com/D_Q_NP_2X_887729-MLC89015555502_082025-E.webp
1603	https://http2.mlstatic.com/D_Q_NP_2X_887729-MLC89015555502_082025-E.webp
1604	https://http2.mlstatic.com/D_Q_NP_2X_887729-MLC89015555502_082025-E.webp
1605	https://http2.mlstatic.com/D_Q_NP_2X_942594-CBT110921805043_042026-E.webp
1606	https://http2.mlstatic.com/D_Q_NP_2X_672337-MLC52608077072_112022-E.webp
380	https://http2.mlstatic.com/D_Q_NP_2X_788489-MLA95734680106_102025-E.webp
1607	https://http2.mlstatic.com/D_Q_NP_2X_672337-MLC52608077072_112022-E.webp
381	https://http2.mlstatic.com/D_Q_NP_2X_788489-MLA95734680106_102025-E.webp
1608	https://http2.mlstatic.com/D_Q_NP_2X_672337-MLC52608077072_112022-E.webp
382	https://http2.mlstatic.com/D_Q_NP_2X_794974-MLC104081634989_012026-E.webp
1609	https://http2.mlstatic.com/D_NQ_NP_2X_906778-MLA99572362852_122025-O.webp
383	https://http2.mlstatic.com/D_Q_NP_2X_791844-MLC44180604713_112020-E.webp
384	https://http2.mlstatic.com/D_Q_NP_2X_732710-MLC52960086986_122022-E.webp
385	https://http2.mlstatic.com/D_Q_NP_2X_752231-MLA99937171385_112025-E.webp
386	https://http2.mlstatic.com/D_Q_NP_2X_684740-MLA99841265785_112025-E.webp
387	https://http2.mlstatic.com/D_Q_NP_2X_822129-MLC93630762090_102025-E.webp
388	https://http2.mlstatic.com/D_Q_NP_2X_957715-MLC83767262271_042025-E.webp
389	https://http2.mlstatic.com/D_Q_NP_2X_822129-MLC93630762090_102025-E.webp
1610	https://http2.mlstatic.com/D_NQ_NP_2X_906778-MLA99572362852_122025-O.webp
1611	https://http2.mlstatic.com/D_NQ_NP_2X_784811-MLA99522477702_122025-O.webp
1612	https://http2.mlstatic.com/D_NQ_NP_2X_906778-MLA99572362852_122025-O.webp
1613	https://http2.mlstatic.com/D_Q_NP_2X_905417-MLC51426017101_092022-E.webp
1614	https://http2.mlstatic.com/D_Q_NP_2X_831560-MLA99954462675_112025-E.webp
1615	https://http2.mlstatic.com/D_Q_NP_2X_847851-MLA99595797402_122025-E.webp
390	https://http2.mlstatic.com/D_Q_NP_2X_684740-MLA99841265785_112025-E.webp
1616	https://http2.mlstatic.com/D_Q_NP_2X_856548-MLA99578803652_122025-E.webp
391	https://http2.mlstatic.com/D_Q_NP_2X_822129-MLC93630762090_102025-E.webp
1617	https://http2.mlstatic.com/D_Q_NP_2X_972832-MLC77038725618_062024-E.webp
1618	https://http2.mlstatic.com/D_Q_NP_2X_775503-MLU75502279227_032024-E.webp
392	https://http2.mlstatic.com/D_Q_NP_2X_822129-MLC93630762090_102025-E.webp
1619	https://http2.mlstatic.com/D_Q_NP_2X_775503-MLU75502279227_032024-E.webp
393	https://http2.mlstatic.com/D_Q_NP_2X_806076-MLC46653451980_072021-E.webp
394	https://http2.mlstatic.com/D_Q_NP_2X_868899-MLC79738226369_102024-E.webp
395	https://http2.mlstatic.com/D_Q_NP_2X_868899-MLC79738226369_102024-E.webp
396	https://http2.mlstatic.com/D_Q_NP_2X_868899-MLC79738226369_102024-E.webp
397	https://http2.mlstatic.com/D_Q_NP_2X_868899-MLC79738226369_102024-E.webp
398	https://http2.mlstatic.com/D_Q_NP_2X_654168-MLC95426576990_102025-E-chaleco-geologo-poplin-con-cinta-azul-ramm-tec.webp
399	https://http2.mlstatic.com/D_Q_NP_2X_654168-MLC95426576990_102025-E-chaleco-geologo-poplin-con-cinta-azul-ramm-tec.webp
1620	https://http2.mlstatic.com/D_Q_NP_2X_857270-MLA92572417110_092025-E.webp
1621	https://http2.mlstatic.com/D_Q_NP_2X_857270-MLA92572417110_092025-E.webp
1622	https://http2.mlstatic.com/D_Q_NP_2X_857270-MLA92572417110_092025-E.webp
1623	https://http2.mlstatic.com/D_Q_NP_2X_857270-MLA92572417110_092025-E.webp
1624	https://http2.mlstatic.com/D_Q_NP_2X_785136-MLC89109680134_082025-E.webp
1625	https://http2.mlstatic.com/D_Q_NP_2X_785136-MLC89109680134_082025-E.webp
1626	https://http2.mlstatic.com/D_Q_NP_2X_785136-MLC89109680134_082025-E.webp
1627	https://http2.mlstatic.com/D_Q_NP_2X_785136-MLC89109680134_082025-E.webp
1629	https://http2.mlstatic.com/D_Q_NP_2X_991898-MLC101676464805_122025-E.webp
1630	https://http2.mlstatic.com/D_Q_NP_2X_680914-MLC104420986665_012026-E.webp
1632	https://http2.mlstatic.com/D_Q_NP_2X_885383-CBT89523209392_082025-E.webp
1633	https://http2.mlstatic.com/D_Q_NP_2X_887798-MLC107760906471_022026-E.webp
1634	https://http2.mlstatic.com/D_Q_NP_2X_680914-MLC104420986665_012026-E.webp
1635	https://http2.mlstatic.com/D_Q_NP_2X_680914-MLC104420986665_012026-E.webp
1636	https://http2.mlstatic.com/D_Q_NP_2X_757225-CBT111969832097_052026-E-20-abrazaderas-de-manguera-de-hierro-en-zinc.webp
1637	https://http2.mlstatic.com/D_Q_NP_2X_757225-CBT111969832097_052026-E-20-abrazaderas-de-manguera-de-hierro-en-zinc.webp
1638	https://http2.mlstatic.com/D_Q_NP_2X_757225-CBT111969832097_052026-E-20-abrazaderas-de-manguera-de-hierro-en-zinc.webp
1639	https://http2.mlstatic.com/D_Q_NP_2X_869500-MLA99600325468_122025-E.webp
1640	https://http2.mlstatic.com/D_Q_NP_2X_661426-MLC72998003302_112023-E.webp
1642	https://http2.mlstatic.com/D_Q_NP_2X_663569-MLM90870118133_082025-E-2-piezas-de-pernos-en-u-para-montaje-en-tuberia-soporte-de.webp
1643	https://http2.mlstatic.com/D_Q_NP_2X_663569-MLM90870118133_082025-E-2-piezas-de-pernos-en-u-para-montaje-en-tuberia-soporte-de.webp
1646	https://http2.mlstatic.com/D_Q_NP_2X_980617-MLA99566835330_122025-E.webp
1648	https://http2.mlstatic.com/D_Q_NP_2X_782419-MLA99970990753_112025-E.webp
1654	https://http2.mlstatic.com/D_Q_NP_2X_851837-MLA99078833509_112025-E.webp
1655	https://http2.mlstatic.com/D_Q_NP_2X_982892-MLA100103509291_122025-E.webp
1656	https://http2.mlstatic.com/D_Q_NP_2X_783000-MLA103363159482_012026-E.webp
1658	https://http2.mlstatic.com/D_Q_NP_2X_783000-MLA103363159482_012026-E.webp
1660	https://http2.mlstatic.com/D_Q_NP_2X_996985-MLC78967338100_092024-E.webp
1661	https://http2.mlstatic.com/D_Q_NP_2X_996985-MLC78967338100_092024-E.webp
1662	https://http2.mlstatic.com/D_Q_NP_2X_996985-MLC78967338100_092024-E.webp
1663	https://http2.mlstatic.com/D_Q_NP_2X_996985-MLC78967338100_092024-E.webp
1665	https://http2.mlstatic.com/D_Q_NP_2X_822664-MLC75698277454_042024-E.webp
1667	https://http2.mlstatic.com/D_Q_NP_2X_790673-MLC76371002159_052024-E.webp
1674	https://http2.mlstatic.com/D_Q_NP_2X_842202-MLA92412062982_092025-E.webp
1675	https://http2.mlstatic.com/D_Q_NP_2X_842202-MLA92412062982_092025-E.webp
1676	https://http2.mlstatic.com/D_Q_NP_2X_842202-MLA92412062982_092025-E.webp
1684	https://http2.mlstatic.com/D_Q_NP_2X_875152-MLC74178966119_012024-E.webp
1685	https://http2.mlstatic.com/D_Q_NP_2X_906424-MLC89288759060_082025-E.webp
1686	https://http2.mlstatic.com/D_Q_NP_2X_947232-MLA110049852164_042026-E.webp
1687	https://http2.mlstatic.com/D_Q_NP_2X_906424-MLC89288759060_082025-E.webp
1688	https://http2.mlstatic.com/D_Q_NP_2X_785524-MLC89343086171_082025-E.webp
1690	https://http2.mlstatic.com/D_Q_NP_2X_641496-MLC103756565483_012026-E.webp
1691	https://http2.mlstatic.com/D_Q_NP_2X_980410-MLA96731413307_102025-E.webp
1692	https://http2.mlstatic.com/D_Q_NP_2X_980410-MLA96731413307_102025-E.webp
1693	https://http2.mlstatic.com/D_Q_NP_2X_641496-MLC103756565483_012026-E.webp
1694	https://http2.mlstatic.com/D_Q_NP_2X_641496-MLC103756565483_012026-E.webp
1695	https://http2.mlstatic.com/D_Q_NP_2X_641496-MLC103756565483_012026-E.webp
1696	https://http2.mlstatic.com/D_Q_NP_2X_641496-MLC103756565483_012026-E.webp
1697	https://http2.mlstatic.com/D_Q_NP_2X_641496-MLC103756565483_012026-E.webp
1699	https://http2.mlstatic.com/D_Q_NP_2X_623168-MLA29260924994_012019-E.webp
1300	https://http2.mlstatic.com/D_Q_NP_2X_965914-MLA99361116898_112025-E.webp
1301	https://http2.mlstatic.com/D_Q_NP_2X_994919-MLA96421860043_102025-E.webp
1302	https://http2.mlstatic.com/D_Q_NP_2X_727047-MLC82473076673_022025-E.webp
1303	https://http2.mlstatic.com/D_Q_NP_2X_813007-MLA99463516644_112025-E.webp
1304	https://http2.mlstatic.com/D_Q_NP_2X_804051-MLC78292724029_082024-E.webp
1305	https://http2.mlstatic.com/D_NQ_NP_2X_608781-MLA99522561270_122025-O.webp
1306	https://http2.mlstatic.com/D_NQ_NP_2X_608781-MLA99522561270_122025-O.webp
1307	https://http2.mlstatic.com/D_NQ_NP_2X_838815-MLA100063206935_122025-O.webp
1308	https://http2.mlstatic.com/D_NQ_NP_2X_831192-MLC109608567428_042026-O.webp
1309	https://http2.mlstatic.com/D_NQ_NP_2X_797343-MLC96572676108_112025-O.webp
2200	https://http2.mlstatic.com/D_Q_NP_2X_665539-MLA99870245617_112025-E.webp
1310	https://http2.mlstatic.com/D_NQ_NP_2X_796705-MLA80634474885_112024-O.webp
2201	https://http2.mlstatic.com/D_Q_NP_2X_858060-MLA96898399170_112025-E.webp
1311	https://http2.mlstatic.com/D_NQ_NP_2X_922504-MLA99412447178_112025-O.webp
2202	https://http2.mlstatic.com/D_Q_NP_2X_668244-MLA99571431464_122025-E.webp
1312	https://http2.mlstatic.com/D_NQ_NP_2X_797343-MLC96572676108_112025-O.webp
2203	https://http2.mlstatic.com/D_Q_NP_2X_668244-MLA99571431464_122025-E.webp
1313	https://http2.mlstatic.com/D_NQ_NP_2X_945119-MLA100054724843_122025-O.webp
2204	https://http2.mlstatic.com/D_Q_NP_2X_668244-MLA99571431464_122025-E.webp
1314	https://http2.mlstatic.com/D_NQ_NP_2X_838815-MLA100063206935_122025-O.webp
2205	https://http2.mlstatic.com/D_Q_NP_2X_888822-MLA95656818184_102025-E.webp
1315	https://http2.mlstatic.com/D_NQ_NP_2X_959725-MLA99504085612_112025-O.webp
2206	https://http2.mlstatic.com/D_Q_NP_2X_888822-MLA95656818184_102025-E.webp
1316	https://http2.mlstatic.com/D_NQ_NP_2X_888433-MLA96976272736_112025-O.webp
2207	https://http2.mlstatic.com/D_Q_NP_2X_665539-MLA99870245617_112025-E.webp
1317	https://http2.mlstatic.com/D_NQ_NP_2X_623883-MLC69423252761_052023-O.webp
2208	https://http2.mlstatic.com/D_Q_NP_2X_962110-MLA99499870848_112025-E.webp
1318	https://http2.mlstatic.com/D_NQ_NP_2X_804359-MLA110301642426_052026-O.webp
1322	https://http2.mlstatic.com/D_Q_NP_2X_753429-MLA99992146651_112025-E.webp
1323	https://http2.mlstatic.com/D_Q_NP_2X_753429-MLA99992146651_112025-E.webp
1324	https://http2.mlstatic.com/D_Q_NP_2X_619601-MLA99594419916_122025-E.webp
1325	https://http2.mlstatic.com/D_Q_NP_2X_619601-MLA99594419916_122025-E.webp
2216	https://http2.mlstatic.com/D_Q_NP_2X_966632-MLC69537510626_052023-E.webp
1326	https://http2.mlstatic.com/D_Q_NP_2X_942559-MLA99380801580_112025-E.webp
2217	https://http2.mlstatic.com/D_Q_NP_2X_966632-MLC69537510626_052023-E.webp
1327	https://http2.mlstatic.com/D_Q_NP_2X_942559-MLA99380801580_112025-E.webp
2218	https://http2.mlstatic.com/D_Q_NP_2X_966632-MLC69537510626_052023-E.webp
1328	https://http2.mlstatic.com/D_Q_NP_2X_781185-MLA106577396245_022026-E.webp
2219	https://http2.mlstatic.com/D_NP_2X_966632-MLC69537510626_052023-E.webp
700	https://http2.mlstatic.com/D_Q_NP_2X_608283-MLA99591512748_122025-E.webp
702	https://http2.mlstatic.com/D_Q_NP_2X_603117-MLC72115054939_102023-E.webp
703	https://http2.mlstatic.com/D_Q_NP_2X_945917-MLC109463368201_032026-E-perfil-metalcon-montante-c-60x38x085-de-6-metros.webp
704	https://http2.mlstatic.com/D_Q_NP_2X_945917-MLC109463368201_032026-E-perfil-metalcon-montante-c-60x38x085-de-6-metros.webp
706	https://http2.mlstatic.com/D_Q_NP_2X_692015-MLC108184390825_032026-E.webp
707	https://http2.mlstatic.com/D_Q_NP_2X_692015-MLC108184390825_032026-E.webp
2220	https://http2.mlstatic.com/D_NP_2X_966632-MLC69537510626_052023-E.webp
1330	https://http2.mlstatic.com/D_Q_NP_2X_894575-MLA99084425129_112025-E.webp
708	https://http2.mlstatic.com/D_Q_NP_2X_709255-MLC109463341453_032026-E-perfil-metalcon-canal-u-62x25x085mm-de-6m.webp
2221	https://http2.mlstatic.com/D_NP_2X_966632-MLC69537510626_052023-E.webp
